ticker,FBNC US Equity
field,DAY_TO_DAY_TOT_RETURN_GROSS_DVDS
date,
2000-01-03,0.0
2000-01-05,-3.0303
2000-01-06,0.0
2000-01-07,0.0
2000-01-10,0.0
2000-01-11,2.3438
2000-01-13,-3.0534
2000-01-14,-1.1811
2000-01-18,0.0
2000-01-19,0.7968
2000-01-20,1.1858
2000-01-21,-2.3438
2000-01-24,8.8
2000-01-25,-2.2059
2000-01-26,-1.8797000000000001
2000-01-27,3.0651
2000-01-28,0.3717
2000-01-31,-4.4444
2000-02-01,3.1008
2000-02-02,-2.2556
2000-02-03,0.0
2000-02-04,6.1538
2000-02-08,-2.8986
2000-02-09,-2.2388
2000-02-10,-2.2901
2000-02-11,2.3438
2000-02-14,-0.7634
2000-02-15,0.7692
2000-02-18,-1.9083999999999999
2000-02-22,-3.5019
2000-02-23,1.6129
2000-02-24,-1.5873
2000-02-25,4.8387
2000-02-28,0.0
2000-02-29,-1.5385
2000-03-01,-4.6875
2000-03-02,0.0
2000-03-03,-8.9139
2000-03-06,0.7874
2000-03-07,2.6786
2000-03-08,0.8696
2000-03-09,-1.7241
2000-03-10,-1.7544
2000-03-13,7.1429
2000-03-14,0.0
2000-03-15,2.5
2000-03-16,2.439
2000-03-17,1.5873
2000-03-21,-5.4687
2000-03-22,0.0
2000-03-23,0.0
2000-03-27,1.6529
2000-03-28,-20.3252
2000-03-29,15.3469
2000-03-30,3.5714
2000-03-31,-16.8103
2000-04-03,10.8808
2000-04-04,-2.8037
2000-04-05,-2.8846
2000-04-06,4.9505
2000-04-07,0.0
2000-04-10,1.8868
2000-04-11,0.0
2000-04-12,9.2593
2000-04-13,1.6949
2000-04-14,-3.75
2000-04-17,5.6277
2000-04-18,-1.6393
2000-04-19,-1.6667
2000-04-20,0.0
2000-04-24,0.0
2000-04-25,4.661
2000-04-26,-1.2146
2000-04-27,0.0
2000-04-28,-0.4098
2000-05-01,-1.2346
2000-05-02,3.3333
2000-05-03,2.4194
2000-05-05,0.0
2000-05-08,0.0
2000-05-09,-2.3622
2000-05-10,-4.0323
2000-05-11,5.8824
2000-05-12,-0.3968
2000-05-17,1.992
2000-05-18,-6.25
2000-05-19,-1.6667
2000-05-22,0.0
2000-05-23,-3.3898
2000-05-24,1.7544
2000-05-25,0.8621
2000-05-26,-1.7094
2000-05-30,16.5217
2000-05-31,-1.4925
2000-06-01,-4.5455
2000-06-02,0.0
2000-06-05,-3.1746
2000-06-06,0.0
2000-06-07,11.0656
2000-06-08,-9.9631
2000-06-09,0.0
2000-06-12,0.0
2000-06-13,-4.0984
2000-06-14,-0.8547
2000-06-15,0.0
2000-06-16,-1.7241
2000-06-19,-3.0702
2000-06-20,-3.8462
2000-06-21,-0.2353
2000-06-22,4.717
2000-06-23,-6.3063
2000-06-26,4.3269
2000-06-27,0.4608
2000-06-28,1.8716
2000-06-29,-3.6364
2000-06-30,4.717
2000-07-05,-0.9009
2000-07-07,5.4545
2000-07-10,-4.3103
2000-07-11,-1.8018
2000-07-13,0.4587
2000-07-17,0.0
2000-07-18,0.0
2000-07-20,2.2831
2000-07-24,3.5714
2000-07-25,-0.431
2000-07-26,0.4329
2000-07-27,1.7241
2000-07-28,0.0
2000-07-31,0.0
2000-08-01,-6.3559
2000-08-04,4.5249
2000-08-07,-0.4329
2000-08-08,-2.6087
2000-08-09,-1.3393
2000-08-10,4.9774
2000-08-11,-4.7414
2000-08-14,4.0724
2000-08-15,-0.4348
2000-08-16,-3.0568
2000-08-18,0.0
2000-08-21,-0.9009
2000-08-22,-1.8182
2000-08-23,0.463
2000-08-25,2.3041
2000-08-30,0.9009
2000-08-31,1.7856999999999998
2000-09-05,-1.7544
2000-09-06,5.3571
2000-09-07,1.6949
2000-09-08,0.0
2000-09-11,-0.4167
2000-09-12,-2.9289
2000-09-13,1.7241
2000-09-14,-0.8475
2000-09-15,0.8547
2000-09-18,2.1186
2000-09-19,-1.2448
2000-09-20,0.8403
2000-09-21,0.8333
2000-09-22,-10.7438
2000-09-25,6.4815
2000-09-26,0.8696
2000-09-27,3.4483
2000-09-28,2.5
2000-09-29,0.813
2000-10-02,-3.2258
2000-10-03,-0.8333
2000-10-04,0.8403
2000-10-05,-0.4167
2000-10-06,3.7657
2000-10-09,-4.8387
2000-10-10,2.5423999999999998
2000-10-11,3.9339
2000-10-12,0.0
2000-10-13,0.8065
2000-10-16,-0.8
2000-10-18,-5.6452
2000-10-19,-2.5641
2000-10-20,7.4561
2000-10-23,-0.4082
2000-10-24,-1.6393
2000-10-25,3.3333
2000-10-26,-2.3185000000000002
2000-10-27,4.0248
2000-10-30,-3.1746
2000-10-31,-1.6393
2000-11-01,1.6667
2000-11-02,-1.6393
2000-11-03,0.0
2000-11-06,0.0
2000-11-07,0.0
2000-11-08,4.1667
2000-11-09,-0.8
2000-11-10,0.8065
2000-11-13,-0.8
2000-11-14,-1.2097
2000-11-15,0.4082
2000-11-16,0.813
2000-11-17,-0.8065
2000-11-20,0.0
2000-11-21,-0.4065
2000-11-22,0.0
2000-11-24,0.8163
2000-11-27,0.0
2000-11-28,-0.4049
2000-11-29,0.4065
2000-11-30,-0.8097
2000-12-01,-0.4082
2000-12-04,0.0
2000-12-05,0.4098
2000-12-06,0.0
2000-12-07,2.449
2000-12-08,-0.3984
2000-12-11,1.6
2000-12-12,0.0
2000-12-13,-2.3622
2000-12-14,1.6129
2000-12-15,-1.9841
2000-12-18,1.2146
2000-12-19,0.4
2000-12-20,0.7968
2000-12-21,0.3953
2000-12-22,1.5748
2000-12-26,-0.7752
2000-12-27,0.5938
2000-12-28,-0.3937
2000-12-29,-0.3953
2001-01-02,0.7937
2001-01-03,0.7874
2001-01-04,1.5625
2001-01-05,0.7692
2001-01-08,0.0
2001-01-10,6.1068999999999996
2001-01-11,1.4388
2001-01-12,2.1277
2001-01-16,1.3889
2001-01-17,-2.0548
2001-01-18,0.0
2001-01-19,0.0
2001-01-22,-1.049
2001-01-23,0.0
2001-01-24,-1.0601
2001-01-25,1.0714
2001-01-26,1.7668
2001-01-29,3.4722
2001-01-30,2.0134
2001-01-31,0.6579
2001-02-01,1.634
2001-02-02,-3.2154
2001-02-05,-1.6611
2001-02-06,1.3514
2001-02-07,4.0
2001-02-08,-0.3205
2001-02-09,-2.8939
2001-02-12,0.6623
2001-02-13,0.0
2001-02-14,0.3289
2001-02-15,2.2951
2001-02-16,-1.2821
2001-02-20,-0.974
2001-02-21,-2.2951
2001-02-22,2.0134
2001-02-23,1.3158
2001-02-26,-3.8961
2001-02-27,0.6757
2001-02-28,3.0201
2001-03-02,0.0
2001-03-05,-3.5831
2001-03-06,2.7027
2001-03-07,-2.6316
2001-03-08,0.0
2001-03-09,0.0
2001-03-12,1.6892
2001-03-13,-1.6611
2001-03-14,-5.0676
2001-03-15,5.3381
2001-03-16,0.6757
2001-03-19,0.0
2001-03-20,6.7114
2001-03-21,-2.2013
2001-03-22,-2.2508
2001-03-23,0.0
2001-03-26,0.0
2001-03-27,7.8947
2001-03-28,-1.3659
2001-03-29,-1.25
2001-03-30,7.5949
2001-04-02,-9.3382
2001-04-03,-1.0543
2001-04-04,2.9508
2001-04-05,-1.9108
2001-04-06,0.974
2001-04-09,-2.2508
2001-04-10,-4.9474
2001-04-11,-0.3322
2001-04-12,4.1667
2001-04-16,2.0267
2001-04-17,1.3068
2001-04-18,2.58
2001-04-19,-0.3144
2001-04-20,-0.3406
2001-04-23,2.4684
2001-04-24,-1.6677
2001-04-25,1.7588
2001-04-26,1.4815
2001-04-27,0.0
2001-04-30,2.1898
2001-05-01,-0.2976
2001-05-02,-0.4179
2001-05-03,0.0
2001-05-04,0.7194
2001-05-07,-0.4762
2001-05-08,-0.0957
2001-05-09,0.5747
2001-05-10,0.0952
2001-05-11,0.0476
2001-05-14,0.0951
2001-05-15,1.9002
2001-05-16,-0.0932
2001-05-17,-0.8399
2001-05-18,3.5294
2001-05-21,0.3182
2001-05-22,-0.0906
2001-05-23,-0.0454
2001-05-24,2.314
2001-05-25,0.4435
2001-05-29,1.3245
2001-05-30,1.0893
2001-05-31,2.3707
2001-06-01,1.0526
2001-06-04,-0.5417
2001-06-05,8.5044
2001-06-06,-2.9344
2001-06-07,1.432
2001-06-08,-1.9607999999999999
2001-06-11,1.8
2001-06-12,0.1965
2001-06-13,2.7451
2001-06-14,0.9542
2001-06-15,-1.7013
2001-06-18,0.0
2001-06-19,-3.7308
2001-06-20,-2.4371
2001-06-21,2.2932
2001-06-22,0.0801
2001-06-25,0.0
2001-06-26,-1.6
2001-06-27,2.5202999999999998
2001-06-28,-0.8
2001-06-29,-0.6855
2001-07-02,-2.1518
2001-07-03,2.0332
2001-07-05,-3.8227
2001-07-06,-0.9725
2001-07-09,-1.2810000000000001
2001-07-10,-2.0329
2001-07-11,-2.7373
2001-07-12,4.1307
2001-07-13,-2.2668
2001-07-16,-0.7583
2001-07-17,3.1461
2001-07-18,-2.3529
2001-07-19,2.365
2001-07-20,0.0436
2001-07-23,-0.1307
2001-07-24,-2.9232
2001-07-25,3.3258
2001-07-26,0.0435
2001-07-27,-0.7826
2001-07-30,1.3585
2001-07-31,2.1185
2001-08-01,1.8628
2001-08-02,-3.3666
2001-08-03,2.1505
2001-08-06,-1.6842000000000001
2001-08-07,-0.1285
2001-08-08,-0.3002
2001-08-09,0.8602
2001-08-10,1.4499
2001-08-13,1.1349
2001-08-14,4.4057
2001-08-15,1.6322
2001-08-16,-0.1958
2001-08-17,-0.9027
2001-08-20,-0.198
2001-08-21,-2.6587
2001-08-22,1.916
2001-08-23,-1.0
2001-08-24,0.7273
2001-08-27,0.2006
2001-08-28,-1.9215
2001-08-29,-1.0204
2001-08-30,-2.7216
2001-08-31,-0.6359
2001-09-04,0.1706
2001-09-05,1.1499
2001-09-06,-3.0316
2001-09-07,0.0868
2001-09-10,3.5575
2001-09-17,-3.8961
2001-09-18,3.531
2001-09-19,-5.2211
2001-09-20,1.0662
2001-09-21,-5.0549
2001-09-24,0.0463
2001-09-25,9.764
2001-09-26,0.4637
2001-09-27,1.1012
2001-09-28,0.5446
2001-10-01,-2.0833
2001-10-02,-3.1064
2001-10-03,3.206
2001-10-04,-0.2979
2001-10-05,0.2988
2001-10-08,-0.766
2001-10-09,-1.3293
2001-10-10,-1.9990999999999999
2001-10-11,-0.2217
2001-10-12,-0.0444
2001-10-15,0.0445
2001-10-16,2.9778000000000002
2001-10-17,0.259
2001-10-18,-4.5631
2001-10-19,8.2544
2001-10-22,0.0
2001-10-23,-2.0833
2001-10-24,-2.1277
2001-10-25,-3.6957
2001-10-26,3.8375
2001-10-29,-2.1304
2001-10-30,-1.8214000000000001
2001-10-31,1.991
2001-11-01,0.488
2001-11-02,-1.7219
2001-11-05,1.3028
2001-11-06,0.0443
2001-11-07,-2.9255
2001-11-08,0.2283
2001-11-09,0.9112
2001-11-12,3.4763
2001-11-13,-4.014
2001-11-14,2.4545
2001-11-15,-2.6176
2001-11-16,1.2756
2001-11-19,0.7647
2001-11-20,-1.7856999999999998
2001-11-21,2.3636
2001-11-23,-2.7087
2001-11-26,2.6928
2001-11-27,-0.9778
2001-11-28,0.0898
2001-11-29,0.0
2001-11-30,-1.5695000000000001
2001-12-03,0.2278
2001-12-04,0.0
2001-12-05,1.3636
2001-12-06,0.852
2001-12-07,2.7123
2001-12-10,-5.8442
2001-12-11,-0.7356
2001-12-12,5.2339
2001-12-13,-3.6972
2001-12-14,1.0055
2001-12-17,4.0724
2001-12-18,-1.2609
2001-12-19,1.2770000000000001
2001-12-20,-1.3043
2001-12-21,3.3921
2001-12-24,-1.5765
2001-12-26,2.1212
2001-12-27,1.8228
2001-12-28,-4.2017
2001-12-31,-1.0965
2002-01-02,-1.7738
2002-01-03,0.4515
2002-01-04,-1.1236
2002-01-07,2.1364
2002-01-08,-0.534
2002-01-09,0.0
2002-01-10,0.0
2002-01-11,-1.0291
2002-01-14,-0.0452
2002-01-15,1.0855
2002-01-16,-0.6264
2002-01-17,-1.0356
2002-01-18,-1.0464
2002-01-22,1.1494
2002-01-23,0.9091
2002-01-24,-0.1351
2002-01-25,-0.0902
2002-01-28,0.0
2002-01-29,-1.219
2002-01-30,-0.5941
2002-01-31,1.9769999999999999
2002-02-01,0.0
2002-02-04,-0.5861
2002-02-05,-0.907
2002-02-06,0.5578
2002-02-07,-1.2374
2002-02-08,-0.9217
2002-02-11,-0.8372
2002-02-12,-1.0319
2002-02-13,-0.237
2002-02-14,-0.4751
2002-02-15,0.4296
2002-02-19,0.4753
2002-02-20,0.2838
2002-02-21,-0.9434
2002-02-22,4.2857
2002-02-25,-3.1963
2002-02-26,-0.9434
2002-02-27,-1.7619
2002-02-28,-0.2424
2002-03-01,1.5549
2002-03-04,0.7177
2002-03-05,0.7126
2002-03-06,0.6604
2002-03-07,0.0469
2002-03-08,0.4684
2002-03-11,0.9324
2002-03-12,1.0624
2002-03-13,-0.5027
2002-03-14,0.9646
2002-03-15,-0.6824
2002-03-18,0.7787
2002-03-19,0.0
2002-03-20,0.0
2002-03-21,0.0
2002-03-22,0.0
2002-03-25,2.5
2002-03-26,5.1885
2002-03-27,0.5106
2002-03-28,-3.387
2002-04-01,-1.0955
2002-04-02,-1.1963
2002-04-03,0.0
2002-04-04,1.3453
2002-04-05,1.3274
2002-04-08,1.4847000000000001
2002-04-09,0.4733
2002-04-10,2.6552
2002-04-11,-1.3308
2002-04-12,1.4756
2002-04-15,-1.0375
2002-04-16,1.0442
2002-04-17,0.0042
2002-04-18,-0.625
2002-04-19,-0.4193
2002-04-22,1.0105
2002-04-23,-0.3752
2002-04-24,0.4184
2002-04-25,0.0
2002-04-26,0.6313
2002-04-29,-1.6623999999999999
2002-04-30,4.2105
2002-05-01,-1.7778
2002-05-02,1.6042999999999998
2002-05-03,-0.2024
2002-05-06,-0.6085
2002-05-07,2.0408
2002-05-08,1.596
2002-05-09,-1.1772
2002-05-10,-0.8765
2002-05-13,1.6881
2002-05-14,2.7273
2002-05-15,-1.8853
2002-05-16,-0.3922
2002-05-17,1.8944
2002-05-20,-2.2282
2002-05-21,-1.7606000000000002
2002-05-22,4.5497
2002-05-23,-3.7707
2002-05-24,-0.8397
2002-05-28,-0.8065
2002-05-29,-5.6911000000000005
2002-05-30,1.0776
2002-05-31,-1.7058
2002-06-03,0.6508
2002-06-04,1.0776
2002-06-05,-1.919
2002-06-06,-4.087
2002-06-07,2.4025
2002-06-10,-0.0841
2002-06-11,3.0083
2002-06-12,1.8495
2002-06-13,-2.8716
2002-06-14,2.5652
2002-06-17,2.5011
2002-06-18,-0.2895
2002-06-19,2.8619
2002-06-20,0.8065
2002-06-21,1.92
2002-06-24,2.4333
2002-06-25,0.3831
2002-06-26,-2.3664
2002-06-27,1.6419000000000001
2002-06-28,5.8077
2002-07-01,-1.4177
2002-07-02,-0.59
2002-07-03,-0.8975
2002-07-05,-0.4151
2002-07-08,-2.0462
2002-07-09,-2.7079
2002-07-10,1.3917
2002-07-11,-0.1569
2002-07-12,-1.139
2002-07-15,-0.1589
2002-07-16,0.0398
2002-07-17,2.4264
2002-07-18,-3.301
2002-07-19,-4.3401
2002-07-22,2.8577
2002-07-23,-7.3469
2002-07-24,3.5242
2002-07-25,-3.0213
2002-07-26,2.3256
2002-07-29,2.916
2002-07-30,1.0417
2002-07-31,0.6186
2002-08-01,-0.6189
2002-08-02,2.0661
2002-08-05,-0.4848
2002-08-06,3.5323
2002-08-07,-1.9607999999999999
2002-08-08,1.96
2002-08-09,-1.2554
2002-08-12,-0.0795
2002-08-13,0.159
2002-08-14,-0.397
2002-08-15,1.0363
2002-08-16,0.0
2002-08-19,-1.3807
2002-08-20,-0.76
2002-08-21,2.1765
2002-08-22,0.0
2002-08-23,-0.9862
2002-08-26,0.9163
2002-08-27,-0.6711
2002-08-28,-1.3514
2002-08-29,0.7252
2002-08-30,0.04
2002-09-03,-2.6389
2002-09-04,2.4641
2002-09-05,-1.5631
2002-09-06,1.7915
2002-09-09,0.4
2002-09-10,-0.3984
2002-09-11,0.0
2002-09-12,-4.2
2002-09-13,4.3841
2002-09-16,-0.04
2002-09-17,-1.0004
2002-09-18,1.6572
2002-09-19,-3.1809
2002-09-20,1.0678
2002-09-23,-0.9752
2002-09-24,-0.4924
2002-09-25,0.9897
2002-09-26,-0.1633
2002-09-27,-1.8405
2002-09-30,2.9583
2002-10-01,-1.1331
2002-10-02,0.3275
2002-10-03,-1.9769
2002-10-04,-0.2101
2002-10-07,-0.9263
2002-10-08,-1.8275000000000001
2002-10-09,-3.4632
2002-10-10,1.565
2002-10-11,-0.393
2002-10-14,2.9876
2002-10-15,1.3601
2002-10-16,0.2972
2002-10-17,1.6088
2002-10-18,-1.4583
2002-10-21,0.2537
2002-10-22,-1.2231
2002-10-23,0.1281
2002-10-24,-2.6866
2002-10-25,7.6249
2002-10-28,1.7508
2002-10-29,0.04
2002-10-30,1.0
2002-10-31,-1.3465
2002-11-01,0.562
2002-11-04,1.2335
2002-11-05,-1.6917
2002-11-06,1.083
2002-11-07,-0.9921
2002-11-08,-0.2004
2002-11-11,-0.3614
2002-11-12,0.7658
2002-11-13,-0.64
2002-11-14,0.3221
2002-11-15,0.2006
2002-11-18,-1.4818
2002-11-19,0.813
2002-11-20,1.6129
2002-11-21,0.9524
2002-11-22,-0.5542
2002-11-25,0.7905
2002-11-26,-3.1335
2002-11-27,1.2146
2002-11-29,-1.6400000000000001
2002-12-02,-0.4514
2002-12-03,0.0858
2002-12-04,-1.7143000000000002
2002-12-05,0.7434
2002-12-06,-0.9028
2002-12-09,-0.208
2002-12-10,-1.3338999999999999
2002-12-11,1.4364
2002-12-12,0.3748
2002-12-13,0.2905
2002-12-16,1.3653
2002-12-17,-1.7959
2002-12-18,-1.7082000000000002
2002-12-19,-1.4757
2002-12-20,1.1588
2002-12-23,2.0365
2002-12-24,0.0
2002-12-26,0.7484
2002-12-27,-0.6603
2002-12-30,-1.4262000000000001
2002-12-31,0.0426
2003-01-02,0.4254
2003-01-03,-1.0589
2003-01-06,1.2414
2003-01-07,-0.0423
2003-01-08,-0.846
2003-01-09,0.256
2003-01-10,0.1277
2003-01-13,-0.935
2003-01-14,0.9867
2003-01-15,-0.8496
2003-01-16,0.8569
2003-01-17,0.0
2003-01-21,-1.2787
2003-01-22,1.5104
2003-01-23,-0.8054
2003-01-24,-0.1282
2003-01-27,0.9414
2003-01-28,-0.3815
2003-01-29,1.6596
2003-01-30,0.0419
2003-01-31,0.59
2003-02-03,0.703
2003-02-04,0.4131
2003-02-05,-1.2711000000000001
2003-02-06,1.6583
2003-02-07,-4.5043
2003-02-10,3.7768
2003-02-11,0.6203
2003-02-12,-0.0822
2003-02-13,0.9461
2003-02-14,1.8336999999999999
2003-02-18,0.0
2003-02-19,-0.9164
2003-02-20,0.9652
2003-02-21,1.0
2003-02-24,-0.3168
2003-02-25,1.1124
2003-02-26,0.0
2003-02-27,-0.7466
2003-02-28,-0.5542
2003-03-03,0.9554
2003-03-04,-0.5915
2003-03-05,-0.4363
2003-03-06,-0.3586
2003-03-07,-0.3599
2003-03-10,1.0032
2003-03-11,-0.3178
2003-03-12,1.3551
2003-03-13,0.2753
2003-03-14,-0.7451
2003-03-17,1.3433
2003-03-18,0.3899
2003-03-19,-0.3883
2003-03-20,0.0
2003-03-21,-0.1949
2003-03-24,0.3906
2003-03-25,0.3113
2003-03-26,-1.0861
2003-03-27,0.9412
2003-03-28,0.784
2003-03-31,-2.1004
2003-04-01,0.8741
2003-04-02,-1.7724
2003-04-03,0.401
2003-04-04,-3.155
2003-04-07,2.2268
2003-04-08,0.3994
2003-04-09,-0.679
2003-04-10,-0.89
2003-04-11,1.2245
2003-04-14,1.0081
2003-04-15,0.5589
2003-04-16,-2.3025
2003-04-17,2.8037
2003-04-21,-0.0791
2003-04-22,0.3125
2003-04-23,0.5166
2003-04-24,2.3931
2003-04-25,-1.9157
2003-04-28,0.7031
2003-04-29,-0.4267
2003-04-30,0.5064
2003-05-01,0.0388
2003-05-02,-0.8136
2003-05-05,0.8594
2003-05-06,-0.1162
2003-05-07,0.0388
2003-05-08,0.1938
2003-05-09,-0.3095
2003-05-12,-0.0776
2003-05-13,-0.5049
2003-05-14,0.1952
2003-05-15,1.2854999999999999
2003-05-16,0.3077
2003-05-19,0.7285
2003-05-20,1.5607
2003-05-21,-3.5606999999999998
2003-05-22,0.0
2003-05-23,-0.1166
2003-05-27,0.5837
2003-05-28,0.4642
2003-05-29,0.077
2003-05-30,-0.1539
2003-06-02,-0.1156
2003-06-03,0.3086
2003-06-04,3.3846
2003-06-05,-1.7856999999999998
2003-06-06,0.5303
2003-06-09,-1.9969999999999999
2003-06-10,1.0381
2003-06-11,0.8371
2003-06-12,0.1132
2003-06-13,-2.5631
2003-06-16,1.2766
2003-06-17,-1.0313
2003-06-18,-0.0386
2003-06-19,0.0772
2003-06-20,0.0
2003-06-23,-0.2315
2003-06-24,3.3643
2003-06-25,-0.6734
2003-06-26,0.904
2003-06-27,-0.113
2003-06-30,-2.337
2003-07-01,2.4701
2003-07-02,0.7533
2003-07-03,-0.1869
2003-07-07,0.7491
2003-07-08,-0.4089
2003-07-09,-0.5226
2003-07-10,-1.5009000000000001
2003-07-11,4.7238
2003-07-14,-2.2554
2003-07-15,0.4094
2003-07-16,0.0
2003-07-17,-2.4833
2003-07-18,-2.0525
2003-07-21,-2.2119
2003-07-22,3.1349
2003-07-23,-2.5394
2003-07-24,-0.2764
2003-07-25,3.0483
2003-07-28,0.8068
2003-07-29,3.0869
2003-07-30,-0.9982
2003-07-31,-0.6012
2003-08-01,-0.447
2003-08-04,-2.0755
2003-08-05,-1.0405
2003-08-06,0.2726
2003-08-07,0.0777
2003-08-08,0.388
2003-08-11,0.8504
2003-08-12,-0.1916
2003-08-13,0.6528
2003-08-14,-0.0382
2003-08-15,-0.1527
2003-08-18,3.0046
2003-08-19,4.6538
2003-08-20,0.0
2003-08-21,2.8369
2003-08-22,-2.1724
2003-08-25,-0.0352
2003-08-26,2.1509
2003-08-27,2.4163
2003-08-28,0.6067
2003-08-29,-2.5126
2003-09-02,3.0928
2003-09-03,-0.8667
2003-09-04,-0.9751
2003-09-05,-0.8149
2003-09-08,2.6361
2003-09-09,-1.7010999999999998
2003-09-10,-1.4929999999999999
2003-09-11,1.5157
2003-09-12,0.7805
2003-09-15,-2.1886
2003-09-16,3.2358000000000002
2003-09-17,-0.6335
2003-09-18,0.3356
2003-09-19,3.6789
2003-09-22,-4.7419
2003-09-23,-1.2530000000000001
2003-09-24,0.0686
2003-09-25,-0.7197
2003-09-26,0.5178
2003-09-29,1.8006
2003-09-30,-4.7279
2003-10-01,4.9625
2003-10-02,0.3401
2003-10-03,0.0
2003-10-06,0.0
2003-10-07,1.6576
2003-10-08,-1.7973
2003-10-09,-1.0187
2003-10-10,-1.4751
2003-10-13,2.1588
2003-10-14,0.3408
2003-10-15,0.8152
2003-10-16,1.0782
2003-10-17,-1.4333
2003-10-20,-1.4203999999999999
2003-10-21,0.3431
2003-10-22,-2.5606999999999998
2003-10-23,1.5754000000000001
2003-10-24,-1.5544
2003-10-27,1.1228
2003-10-28,3.8167999999999997
2003-10-29,0.0
2003-10-30,-2.0722
2003-10-31,2.0137
2003-11-03,-0.3011
2003-11-04,0.4027
2003-11-05,0.0
2003-11-06,-0.0668
2003-11-07,-1.2375
2003-11-10,0.7789
2003-11-11,-0.1008
2003-11-12,0.9754
2003-11-13,2.9314
2003-11-14,-0.356
2003-11-17,-3.7999
2003-11-18,-1.9243999999999999
2003-11-19,1.1703999999999999
2003-11-20,-0.8847
2003-11-21,1.6135000000000002
2003-11-24,6.4155
2003-11-25,0.0667
2003-11-26,0.7297
2003-11-28,-2.3622
2003-12-01,2.2903000000000002
2003-12-02,1.1006
2003-12-03,-3.3033
2003-12-04,-0.0323
2003-12-05,-3.1946
2003-12-08,2.2967
2003-12-09,-1.3001
2003-12-10,-1.7167
2003-12-11,1.7803
2003-12-12,1.4851
2003-12-15,-3.4797000000000002
2003-12-16,1.4151
2003-12-17,-1.1296
2003-12-18,3.1586
2003-12-19,0.4886
2003-12-22,-0.2593
2003-12-23,0.2275
2003-12-24,0.0324
2003-12-26,0.1621
2003-12-29,-0.0324
2003-12-30,2.9364
2003-12-31,-1.1094
2004-01-02,0.8013
2004-01-05,-0.3816
2004-01-06,0.4469
2004-01-07,-2.1322
2004-01-08,3.6397
2004-01-09,-1.3471
2004-01-12,0.3811
2004-01-13,0.3164
2004-01-14,0.5992
2004-01-15,0.3135
2004-01-16,0.9375
2004-01-20,2.0124
2004-01-21,0.9105
2004-01-22,0.1504
2004-01-23,-2.2823
2004-01-26,3.5003
2004-01-27,0.4187
2004-01-28,-0.7688
2004-01-29,-0.6853
2004-01-30,-0.7501
2004-02-02,-0.4232
2004-02-03,3.5216
2004-02-04,-3.695
2004-02-05,2.162
2004-02-06,0.6557
2004-02-09,-1.8359
2004-02-10,3.3183
2004-02-11,0.1752
2004-02-12,0.408
2004-02-13,-2.4093
2004-02-17,3.2421
2004-02-18,-2.0455
2004-02-19,-1.8529
2004-02-20,-1.0788
2004-02-23,2.6356
2004-02-24,-1.7119
2004-02-25,0.6006
2004-02-26,-0.7164
2004-02-27,0.3909
2004-03-01,1.77
2004-03-02,0.0559
2004-03-03,1.2647
2004-03-04,0.0581
2004-03-05,-0.1742
2004-03-08,-2.239
2004-03-09,1.1303
2004-03-10,-1.9118
2004-03-11,-2.1889
2004-03-12,5.1809
2004-03-15,-5.2754
2004-03-16,0.2462
2004-03-17,-0.8901
2004-03-18,0.2478
2004-03-19,-1.9154
2004-03-22,-2.2047
2004-03-23,1.4815
2004-03-24,0.0952
2004-03-25,2.2194
2004-03-26,0.7444
2004-03-29,0.3387
2004-03-30,-1.6383
2004-03-31,-1.0371
2004-04-01,3.3661
2004-04-02,1.659
2004-04-05,2.2393
2004-04-06,0.204
2004-04-07,-0.885
2004-04-08,0.2976
2004-04-12,0.8279
2004-04-13,-1.2331
2004-04-14,-5.5125
2004-04-15,-0.4415
2004-04-16,1.267
2004-04-19,0.0626
2004-04-20,-1.9068
2004-04-21,0.1275
2004-04-22,1.1139000000000001
2004-04-23,0.724
2004-04-26,0.0
2004-04-27,2.5
2004-04-28,-1.7988
2004-04-29,-3.2599
2004-04-30,-1.6367
2004-05-03,0.4568
2004-05-04,0.0325
2004-05-05,2.4026
2004-05-06,-2.8218
2004-05-07,-1.925
2004-05-10,-1.1976
2004-05-11,0.5724
2004-05-12,-0.6696
2004-05-13,-0.4044
2004-05-14,-0.1354
2004-05-17,-0.6438
2004-05-18,-0.2387
2004-05-19,-1.1966
2004-05-20,-2.3529
2004-05-21,-1.0631
2004-05-24,4.5845
2004-05-25,2.774
2004-05-26,2.999
2004-05-27,0.5176
2004-05-28,-1.8346
2004-06-01,1.377
2004-06-02,3.6546
2004-06-03,-2.2777
2004-06-04,1.6284
2004-06-07,2.262
2004-06-08,-0.768
2004-06-09,-0.7121
2004-06-10,0.2495
2004-06-14,-5.4743
2004-06-15,3.3235
2004-06-16,-0.2866
2004-06-17,0.1597
2004-06-18,0.3508
2004-06-21,1.6841
2004-06-22,-1.0313
2004-06-23,0.0947
2004-06-24,2.4920999999999998
2004-06-25,-0.1539
2004-06-28,1.418
2004-06-29,2.5107
2004-06-30,-0.1493
2004-07-01,-3.44
2004-07-02,2.0446
2004-07-06,-1.9733
2004-07-07,-2.2298
2004-07-08,-2.5974
2004-07-09,-0.813
2004-07-12,-0.5574
2004-07-13,2.6344
2004-07-14,-0.7999
2004-07-15,-1.2306
2004-07-16,-1.8689
2004-07-19,-0.0334
2004-07-20,0.7687
2004-07-21,-1.8242
2004-07-22,-3.0405
2004-07-23,-0.2787
2004-07-26,1.0832
2004-07-27,2.7307
2004-07-28,0.9421
2004-07-29,-0.3333
2004-07-30,-1.3378
2004-08-02,0.4746
2004-08-03,-1.1134
2004-08-04,0.9553
2004-08-05,-0.6421
2004-08-06,-0.6122
2004-08-09,-1.0609
2004-08-10,2.0408
2004-08-11,0.9831
2004-08-12,-2.2826
2004-08-13,-0.3092
2004-08-16,2.8946
2004-08-17,0.9042
2004-08-18,4.912
2004-08-19,-1.2971
2004-08-20,4.0705
2004-08-23,-0.8007
2004-08-24,0.5278
2004-08-25,1.2662
2004-08-26,-0.8539
2004-08-27,1.3227
2004-08-30,-1.0929
2004-08-31,-0.3376
2004-09-01,0.2156
2004-09-02,3.1653000000000002
2004-09-03,-1.8767
2004-09-07,2.4894
2004-09-08,-1.6025
2004-09-09,1.1469
2004-09-10,1.0417
2004-09-13,-0.5596
2004-09-14,-0.1185
2004-09-15,-0.0593
2004-09-16,-0.2967
2004-09-17,-0.0298
2004-09-20,-2.203
2004-09-21,1.4612
2004-09-22,-2.3102
2004-09-23,-0.9214
2004-09-24,0.558
2004-09-27,-1.3564
2004-09-28,3.9063
2004-09-29,-2.6364
2004-09-30,4.9486
2004-10-01,0.1779
2004-10-04,2.1314
2004-10-05,-0.058
2004-10-06,2.8712
2004-10-07,0.0
2004-10-08,-1.3814
2004-10-11,1.2579
2004-10-12,0.1412
2004-10-13,-0.7612
2004-10-14,-0.4006
2004-10-15,1.2864
2004-10-18,0.5069
2004-10-19,-1.2328000000000001
2004-10-20,1.4184
2004-10-21,0.6993
2004-10-22,-1.2778
2004-10-25,3.3483
2004-10-26,0.7351
2004-10-27,4.1892
2004-10-28,-0.9313
2004-10-29,-1.3118
2004-11-01,0.0265
2004-11-02,-0.7958
2004-11-03,0.2674
2004-11-04,1.3333
2004-11-05,0.0
2004-11-08,-0.5263
2004-11-09,-1.3228
2004-11-10,1.3136999999999999
2004-11-11,-0.5822
2004-11-12,0.7985
2004-11-15,-0.1584
2004-11-16,1.4811
2004-11-17,1.4464000000000001
2004-11-18,-0.7707
2004-11-19,-4.0777
2004-11-22,3.6032
2004-11-23,3.7515
2004-11-24,2.5989
2004-11-26,-0.514
2004-11-29,3.1734
2004-11-30,1.2876
2004-12-01,3.4605
2004-12-02,-0.3072
2004-12-03,-1.3352
2004-12-06,-0.6593
2004-12-07,-5.7981
2004-12-08,-1.8538999999999999
2004-12-09,-0.3022
2004-12-10,1.3263
2004-12-13,4.5251
2004-12-14,1.7889
2004-12-15,-0.0351
2004-12-16,-3.3052
2004-12-17,-2.2545
2004-12-20,-0.6324
2004-12-21,0.1498
2004-12-22,-0.3364
2004-12-23,-0.3751
2004-12-27,2.7485
2004-12-28,2.7483
2004-12-29,1.4979
2004-12-30,-0.813
2004-12-31,-3.1718
2005-01-03,0.2208
2005-01-04,-1.2119
2005-01-05,-1.8959000000000001
2005-01-06,1.6673
2005-01-07,-4.5844000000000005
2005-01-10,-0.0781
2005-01-11,-1.251
2005-01-12,-4.1964
2005-01-13,5.7438
2005-01-14,-0.7425
2005-01-18,1.6141999999999999
2005-01-19,-5.308
2005-01-20,-1.0638
2005-01-21,0.5749
2005-01-24,2.1012
2005-01-25,-2.94
2005-01-26,3.2573
2005-01-27,3.0741
2005-01-28,-1.6374
2005-01-31,2.6555999999999997
2005-02-01,-2.1236
2005-02-02,-0.7495
2005-02-03,-0.4372
2005-02-04,-0.1996
2005-02-07,-0.4
2005-02-08,-0.1205
2005-02-09,-6.6747
2005-02-10,3.8346
2005-02-11,2.4481
2005-02-14,0.81
2005-02-15,-3.0133
2005-02-16,2.2162
2005-02-17,-3.7487
2005-02-18,2.2316
2005-02-22,-1.1532
2005-02-23,0.5833
2005-02-24,2.5269
2005-02-25,3.0707
2005-02-28,-2.2736
2005-03-01,0.6418
2005-03-02,-1.395
2005-03-03,-1.7381
2005-03-04,2.0156
2005-03-07,-0.2016
2005-03-08,-2.2222
2005-03-09,-1.1157
2005-03-10,-1.3372
2005-03-11,-0.8471
2005-03-14,0.8965
2005-03-15,-1.5659
2005-03-16,-0.4301
2005-03-17,0.7343
2005-03-18,0.0429
2005-03-21,-0.9001
2005-03-22,0.3028
2005-03-23,-4.0966
2005-03-24,2.0234
2005-03-28,-2.5562
2005-03-29,-0.0452
2005-03-30,3.7392
2005-03-31,-0.4835
2005-04-01,-5.6095
2005-04-04,2.4801
2005-04-05,1.6438000000000001
2005-04-06,0.8491
2005-04-07,1.9199000000000002
2005-04-08,-5.8129
2005-04-11,-4.4084
2005-04-12,1.5049000000000001
2005-04-13,-2.5347
2005-04-14,-0.3435
2005-04-15,-1.871
2005-04-18,3.1611
2005-04-19,2.9669
2005-04-20,-5.3377
2005-04-21,4.1916
2005-04-22,-2.7778
2005-04-25,2.3153
2005-04-26,-2.3592
2005-04-27,0.8087
2005-04-28,-1.8294000000000001
2005-04-29,0.9467
2005-05-02,2.9862
2005-05-03,-1.9409999999999998
2005-05-04,4.0567
2005-05-05,-1.3620999999999999
2005-05-06,1.1905000000000001
2005-05-09,4.2353
2005-05-10,-2.0767
2005-05-11,1.5213999999999999
2005-05-12,-5.2225
2005-05-13,3.2103
2005-05-16,-0.6964
2005-05-17,2.1973
2005-05-18,3.9341
2005-05-19,-0.3521
2005-05-20,0.7503
2005-05-23,-1.9723000000000002
2005-05-24,0.3578
2005-05-25,-4.2781
2005-05-26,-0.6052
2005-05-27,-0.281
2005-05-31,-1.8317999999999999
2005-06-01,2.1531000000000002
2005-06-02,3.7002
2005-06-03,-1.084
2005-06-06,0.137
2005-06-07,0.9576
2005-06-08,-0.9033
2005-06-09,0.2279
2005-06-10,-2.4557
2005-06-13,-0.373
2005-06-14,-0.8423
2005-06-15,0.1888
2005-06-16,3.6269
2005-06-17,0.0
2005-06-20,-3.9091
2005-06-21,0.3784
2005-06-22,1.4138
2005-06-23,-3.3457
2005-06-24,0.4327
2005-06-27,0.2872
2005-06-28,6.3962
2005-06-29,2.3056
2005-06-30,-2.2095
2005-07-01,-1.8979
2005-07-05,2.4873
2005-07-06,-2.4718999999999998
2005-07-07,-1.7972000000000001
2005-07-08,1.4546999999999999
2005-07-11,2.1739
2005-07-12,-0.6338
2005-07-13,-1.959
2005-07-14,-2.6487
2005-07-15,-0.4773
2005-07-18,-1.5827
2005-07-19,0.8772
2005-07-20,1.3527
2005-07-21,-1.3822999999999999
2005-07-22,1.0633
2005-07-25,-0.7652
2005-07-26,0.5783
2005-07-27,0.6229
2005-07-28,-0.9524
2005-07-29,0.8173
2005-08-01,-0.4292
2005-08-02,1.2931
2005-08-03,-1.4657
2005-08-04,-0.4319
2005-08-05,-1.5422
2005-08-08,-0.0979
2005-08-09,0.6859
2005-08-10,-1.7518
2005-08-11,3.1204
2005-08-12,-1.8252000000000002
2005-08-15,1.6634
2005-08-16,-1.3474
2005-08-17,-0.1951
2005-08-18,-0.0489
2005-08-19,-0.2934
2005-08-22,0.2943
2005-08-23,-0.5868
2005-08-24,-0.2951
2005-08-25,0.0987
2005-08-26,-0.1971
2005-08-29,1.9259
2005-08-30,-0.5329
2005-08-31,2.2893
2005-09-01,0.7619
2005-09-02,-1.8431
2005-09-06,-0.0963
2005-09-07,0.0482
2005-09-08,-2.4085
2005-09-09,0.5923
2005-09-12,1.3739
2005-09-13,-0.484
2005-09-14,-1.7023000000000001
2005-09-15,-0.2969
2005-09-16,0.8933
2005-09-19,-0.1968
2005-09-20,-0.3943
2005-09-21,-0.3958
2005-09-22,-0.2484
2005-09-23,0.747
2005-09-26,-0.5932
2005-09-27,0.1989
2005-09-28,-0.5459
2005-09-29,1.9134
2005-09-30,-0.9881
2005-10-03,1.0479
2005-10-04,-0.5432
2005-10-05,-3.1281
2005-10-06,-0.0513
2005-10-07,1.2308
2005-10-10,-1.6211
2005-10-11,-0.1545
2005-10-12,0.722
2005-10-13,0.4096
2005-10-14,1.1219
2005-10-17,0.6556
2005-10-18,-1.6533
2005-10-19,5.0433
2005-10-20,-3.4918
2005-10-21,1.5074999999999998
2005-10-24,3.9604
2005-10-25,-3.0
2005-10-26,-0.6382
2005-10-27,-3.2115
2005-10-28,3.3691
2005-10-31,3.7531
2005-11-01,-0.476
2005-11-02,2.439
2005-11-03,0.8403
2005-11-04,-0.463
2005-11-07,0.4651
2005-11-08,-0.9259
2005-11-09,1.4019
2005-11-10,1.6129
2005-11-11,0.2721
2005-11-14,-1.1759
2005-11-15,-0.4577
2005-11-16,-4.4138
2005-11-17,5.0986
2005-11-18,0.6865
2005-11-21,1.9545
2005-11-22,0.3121
2005-11-23,-0.0444
2005-11-25,1.2894999999999999
2005-11-28,-4.9605
2005-11-29,-0.2771
2005-11-30,2.038
2005-12-01,1.3618000000000001
2005-12-02,-0.3135
2005-12-05,-0.7637
2005-12-06,-0.2263
2005-12-07,-1.6334
2005-12-08,-2.2601
2005-12-09,3.3978
2005-12-12,-0.9585
2005-12-13,-1.3825
2005-12-14,2.0093
2005-12-15,-3.2982
2005-12-16,-0.2369
2005-12-19,-1.6619000000000002
2005-12-20,-1.3519999999999999
2005-12-21,0.3426
2005-12-22,-0.2439
2005-12-23,-0.2445
2005-12-27,-0.2451
2005-12-28,4.0786
2005-12-29,-0.8571
2005-12-30,-3.17
2006-01-03,2.629
2006-01-04,-0.9183
2006-01-05,0.8293
2006-01-06,-0.2419
2006-01-09,1.4549
2006-01-10,4.0631
2006-01-11,-0.689
2006-01-12,-1.7114
2006-01-13,0.5647
2006-01-17,-2.5737
2006-01-18,-0.4323
2006-01-19,1.3025
2006-01-20,-0.381
2006-01-23,2.7725
2006-01-24,4.6512
2006-01-25,0.4889
2006-01-26,3.4939999999999998
2006-01-27,0.1709
2006-01-30,-3.7116
2006-01-31,-0.3545
2006-02-01,0.1334
2006-02-02,-1.6874
2006-02-03,-1.084
2006-02-06,-1.3699
2006-02-07,-0.9259
2006-02-08,-1.1682
2006-02-09,-0.2837
2006-02-10,0.5216
2006-02-13,-1.9340000000000002
2006-02-14,2.4531
2006-02-15,3.2864
2006-02-16,2.0455
2006-02-17,0.2227
2006-02-21,-2.7556000000000003
2006-02-22,2.468
2006-02-23,-0.0892
2006-02-24,0.6696
2006-02-27,-0.3548
2006-02-28,-1.0681
2006-03-01,2.1143
2006-03-02,-1.63
2006-03-03,0.4926
2006-03-06,-1.025
2006-03-07,-2.9716
2006-03-08,-0.8817
2006-03-09,-2.809
2006-03-10,-0.4335
2006-03-13,-1.3062
2006-03-14,2.8430999999999997
2006-03-15,-0.3813
2006-03-16,2.0096
2006-03-17,0.9381
2006-03-20,-0.2788
2006-03-21,-3.5881
2006-03-22,0.8217
2006-03-23,1.8696000000000002
2006-03-24,1.6471
2006-03-27,0.2616
2006-03-28,-1.0921
2006-03-29,6.8161000000000005
2006-03-30,-2.5991
2006-03-31,1.2212
2006-04-03,-1.3852
2006-04-04,1.1781
2006-04-05,-1.7017
2006-04-06,-0.2733
2006-04-07,-5.0251
2006-04-10,0.5291
2006-04-11,-0.3349
2006-04-12,-0.144
2006-04-13,0.1442
2006-04-17,0.6241
2006-04-18,4.9618
2006-04-19,3.1818
2006-04-20,-1.2775
2006-04-21,-2.6774
2006-04-24,-1.6505999999999998
2006-04-25,0.6993
2006-04-26,0.9722
2006-04-27,0.1834
2006-04-28,0.2288
2006-05-01,-2.4201
2006-05-02,1.5442
2006-05-03,-0.2304
2006-05-04,0.1848
2006-05-05,1.337
2006-05-08,-0.1365
2006-05-09,-1.959
2006-05-10,-1.4405000000000001
2006-05-11,-3.819
2006-05-12,-0.7353
2006-05-15,0.3457
2006-05-16,-0.1476
2006-05-17,-0.3943
2006-05-18,0.4453
2006-05-19,-0.5419
2006-05-22,0.3962
2006-05-23,0.296
2006-05-24,1.0821
2006-05-25,0.9732
2006-05-26,0.6747
2006-05-30,-3.9732
2006-05-31,4.7358
2006-06-01,3.9029
2006-06-02,0.6413
2006-06-05,-7.4192
2006-06-06,-1.0816
2006-06-07,0.497
2006-06-08,4.5005
2006-06-09,-1.6564
2006-06-12,-3.1761
2006-06-13,0.2485
2006-06-14,0.3471
2006-06-15,5.6818
2006-06-16,-2.7115
2006-06-19,-2.7391
2006-06-20,-1.1858
2006-06-21,4.1
2006-06-22,-1.7771
2006-06-23,-0.9291
2006-06-26,3.6032
2006-06-27,-0.9528
2006-06-28,0.5772
2006-06-29,6.9465
2006-06-30,-5.2774
2006-07-03,2.5238
2006-07-05,-2.0437
2006-07-06,0.4267
2006-07-07,-2.0302
2006-07-10,1.2048
2006-07-11,1.1905000000000001
2006-07-12,-3.2
2006-07-13,-3.9378
2006-07-14,-0.6073
2006-07-17,0.1527
2006-07-18,0.6609
2006-07-19,7.4747
2006-07-20,-2.2086
2006-07-21,-4.5651
2006-07-24,4.8338
2006-07-25,1.0567
2006-07-26,1.2357
2006-07-27,-1.2207
2006-07-28,3.1369
2006-07-31,-0.3687
2006-08-01,-2.7752
2006-08-02,1.2845
2006-08-03,0.5167
2006-08-04,-2.243
2006-08-07,-1.1472
2006-08-08,-2.7079
2006-08-09,-0.7455
2006-08-10,1.1517
2006-08-11,-1.3366
2006-08-14,1.0537
2006-08-15,1.1917
2006-08-16,2.0608
2006-08-17,1.1538
2006-08-18,-2.5665
2006-08-21,-0.3902
2006-08-22,2.1058
2006-08-23,-3.4254
2006-08-24,1.4114
2006-08-25,0.5387
2006-08-28,1.2177
2006-08-29,1.5880999999999998
2006-08-30,-0.6158
2006-08-31,-1.3346
2006-09-01,-0.4831
2006-09-05,1.2621
2006-09-06,-2.3011
2006-09-07,-0.6379
2006-09-08,0.9383
2006-09-11,-0.4892
2006-09-12,2.6057
2006-09-13,0.1437
2006-09-14,-0.0478
2006-09-15,0.0
2006-09-18,-0.4308
2006-09-19,-0.5769
2006-09-20,1.2572999999999999
2006-09-21,-1.3467
2006-09-22,-0.8617
2006-09-25,2.2949
2006-09-26,-1.1456
2006-09-27,2.028
2006-09-28,0.0478
2006-09-29,-2.7208
2006-10-02,-0.1963
2006-10-03,0.3441
2006-10-04,2.6458
2006-10-05,0.0
2006-10-06,-1.0979
2006-10-09,0.2413
2006-10-10,0.8185
2006-10-11,-2.6266
2006-10-12,3.4821
2006-10-13,1.6588
2006-10-16,1.3519999999999999
2006-10-17,-0.828
2006-10-18,-1.2059
2006-10-19,1.0329
2006-10-20,1.0688
2006-10-23,0.1379
2006-10-24,-0.3673
2006-10-25,1.1982
2006-10-26,2.5956
2006-10-27,-3.1957
2006-10-30,3.5763
2006-10-31,-0.2656
2006-11-01,-3.5064
2006-11-02,-2.8519
2006-11-03,1.6572
2006-11-06,3.0275
2006-11-07,-3.8879
2006-11-08,4.4214
2006-11-09,-2.5225
2006-11-10,2.1257
2006-11-13,1.4932
2006-11-14,1.2929
2006-11-15,2.5968
2006-11-16,-0.1716
2006-11-17,-0.1719
2006-11-20,-0.6457
2006-11-21,1.0399
2006-11-22,-1.4151
2006-11-24,0.8264
2006-11-27,-6.6437
2006-11-28,-0.1386
2006-11-29,1.4808
2006-11-30,-4.8153
2006-12-01,1.0827
2006-12-04,3.4596999999999998
2006-12-05,0.3665
2006-12-06,0.5021
2006-12-07,0.6812
2006-12-08,-0.406
2006-12-11,-0.4982
2006-12-12,0.1365
2006-12-13,1.4545
2006-12-14,0.5824
2006-12-15,-0.4454
2006-12-18,-1.7896999999999998
2006-12-19,1.4579
2006-12-20,0.5837
2006-12-21,-1.6071
2006-12-22,-0.8621
2006-12-26,0.6407
2006-12-27,1.2732999999999999
2006-12-28,0.7699
2006-12-29,-1.8427
2007-01-03,3.022
2007-01-04,-0.3556
2007-01-05,-3.5236
2007-01-08,-0.1387
2007-01-09,1.1111
2007-01-10,-0.5037
2007-01-11,2.2549
2007-01-12,-0.27
2007-01-16,-0.6769
2007-01-17,-0.7911
2007-01-18,-0.1643
2007-01-19,-2.7523
2007-01-22,3.0189
2007-01-23,2.0147
2007-01-24,0.9874
2007-01-25,-3.3333
2007-01-26,1.5632000000000001
2007-01-29,1.8559999999999999
2007-01-30,7.7778
2007-01-31,5.1546
2007-02-01,-3.5686
2007-02-02,1.4233
2007-02-05,-3.6889
2007-02-06,-0.2914
2007-02-07,1.7953999999999999
2007-02-08,0.9024
2007-02-09,-1.2602
2007-02-12,-1.3174000000000001
2007-02-13,1.2516
2007-02-14,-1.7717
2007-02-15,-1.4262000000000001
2007-02-16,-1.1915
2007-02-20,1.1628
2007-02-21,0.5534
2007-02-22,1.3124
2007-02-23,-0.5433
2007-02-26,-0.7983
2007-02-27,-6.0991
2007-02-28,0.1804
2007-03-01,0.2251
2007-03-02,-1.752
2007-03-05,-2.332
2007-03-06,3.9326
2007-03-07,-2.9279
2007-03-08,0.1856
2007-03-09,1.1579
2007-03-12,0.7784
2007-03-13,-3.4984
2007-03-14,0.4237
2007-03-15,0.7501
2007-03-16,-1.3495
2007-03-19,2.3585
2007-03-20,0.6452
2007-03-21,2.4725
2007-03-22,1.2064
2007-03-23,0.0442
2007-03-26,-2.1271
2007-03-27,-1.2986
2007-03-28,-1.9644
2007-03-29,0.7052
2007-03-30,-0.1867
2007-04-02,-1.8709
2007-04-03,2.0496
2007-04-04,-0.0467
2007-04-05,0.0935
2007-04-09,-3.0345
2007-04-10,1.1555
2007-04-11,-0.9995
2007-04-12,1.1058
2007-04-13,0.7133
2007-04-16,1.6524999999999999
2007-04-17,-0.5574
2007-04-18,-1.8216
2007-04-19,-1.0466
2007-04-20,2.4038
2007-04-23,-1.4554
2007-04-24,1.0005
2007-04-25,0.9434
2007-04-26,-2.5234
2007-04-27,-0.6232
2007-04-30,0.4824
2007-05-01,0.288
2007-05-02,0.7659
2007-05-03,-0.4276
2007-05-04,-0.3817
2007-05-07,-0.2395
2007-05-08,-1.1042
2007-05-09,-0.0485
2007-05-10,-3.254
2007-05-11,1.6064
2007-05-14,-2.4704
2007-05-15,-1.3171
2007-05-16,-0.3593
2007-05-17,-2.4214
2007-05-18,-0.3696
2007-05-21,2.1198
2007-05-22,1.8163
2007-05-23,-1.2742
2007-05-24,-2.3748
2007-05-25,3.3845
2007-05-29,-0.2046
2007-05-30,-0.8201
2007-05-31,0.7752
2007-06-01,0.5641
2007-06-04,0.204
2007-06-05,-1.6284999999999998
2007-06-06,-0.3104
2007-06-07,-1.4011
2007-06-08,1.1579
2007-06-11,-0.8845
2007-06-12,-0.8399
2007-06-13,0.8999
2007-06-14,-1.4689999999999999
2007-06-15,2.3962
2007-06-18,0.26
2007-06-19,2.1266
2007-06-20,-3.5042999999999997
2007-06-21,0.7895
2007-06-22,-0.9922
2007-06-25,1.1076
2007-06-26,-0.2087
2007-06-27,3.3455
2007-06-28,-0.715
2007-06-29,-3.6523
2007-07-02,0.5339
2007-07-03,0.4249
2007-07-05,-0.3702
2007-07-06,-0.3715
2007-07-09,-1.3852
2007-07-10,-2.4851
2007-07-11,-0.4432
2007-07-12,1.7250999999999999
2007-07-13,-2.407
2007-07-16,-0.3363
2007-07-17,-0.7312
2007-07-18,1.1898
2007-07-19,-1.0638
2007-07-20,-3.8483
2007-07-23,-0.2354
2007-07-24,-3.2448
2007-07-25,3.2317
2007-07-26,0.0591
2007-07-27,-0.5313
2007-07-30,4.3917
2007-07-31,2.8425000000000002
2007-08-01,0.1106
2007-08-02,-1.8222
2007-08-03,-6.4679
2007-08-06,3.6681
2007-08-07,-0.464
2007-08-08,3.7296
2007-08-09,-0.7303
2007-08-10,8.489
2007-08-13,-0.313
2007-08-14,-1.8315000000000001
2007-08-15,0.0533
2007-08-16,9.057
2007-08-17,1.661
2007-08-20,-2.691
2007-08-21,-0.2963
2007-08-22,-0.0495
2007-08-23,-2.7255000000000003
2007-08-24,2.3434
2007-08-27,-0.5475
2007-08-28,-2.002
2007-08-29,1.9407999999999999
2007-08-30,0.2004
2007-08-31,-2.25
2007-09-04,1.0742
2007-09-05,-3.0364
2007-09-06,0.261
2007-09-07,-2.0302
2007-09-10,-0.4251
2007-09-11,2.1878
2007-09-12,-2.7154
2007-09-13,0.3757
2007-09-14,-0.8556
2007-09-17,-0.7551
2007-09-18,11.1957
2007-09-19,1.8573
2007-09-20,-0.7678
2007-09-21,0.0484
2007-09-24,-0.29
2007-09-25,0.6302
2007-09-26,0.8671
2007-09-27,0.9639
2007-09-28,-2.7208
2007-10-01,2.895
2007-10-02,0.763
2007-10-03,-2.9815
2007-10-04,0.5659
2007-10-05,2.5902
2007-10-08,-2.5059
2007-10-09,2.3278
2007-10-10,0.0
2007-10-11,-0.4739
2007-10-12,0.7143
2007-10-15,-2.1749
2007-10-16,-1.305
2007-10-17,0.3918
2007-10-18,-0.4878
2007-10-19,-7.8922
2007-10-22,4.3108
2007-10-23,-1.5816
2007-10-24,-3.9398999999999997
2007-10-25,1.619
2007-10-26,4.1954
2007-10-29,0.3058
2007-10-30,-6.5549
2007-10-31,-1.6313
2007-11-01,-5.6937999999999995
2007-11-02,0.8206
2007-11-05,0.1163
2007-11-06,0.6969
2007-11-07,-2.5952
2007-11-08,3.0787
2007-11-09,3.9058
2007-11-12,3.5930999999999997
2007-11-13,0.8004
2007-11-14,-1.3235000000000001
2007-11-15,-2.7361
2007-11-16,1.3789
2007-11-19,-2.6659
2007-11-20,1.7328000000000001
2007-11-21,0.8242
2007-11-23,3.5967000000000002
2007-11-26,-3.4193
2007-11-27,1.1983
2007-11-28,6.6738
2007-11-29,-2.0182
2007-11-30,-1.5963
2007-12-03,-3.977
2007-12-04,1.0354
2007-12-05,0.1618
2007-12-06,3.3926
2007-12-07,-1.0417
2007-12-10,-1.3158
2007-12-11,-4.7467
2007-12-12,2.7996
2007-12-13,1.4706000000000001
2007-12-14,-4.7772
2007-12-17,-0.451
2007-12-18,5.436
2007-12-19,-2.9538
2007-12-20,4.2059
2007-12-21,5.8948
2007-12-24,3.8616
2007-12-26,1.6417000000000002
2007-12-27,-6.1283
2007-12-28,-1.0731
2007-12-31,-2.4277
2008-01-02,-2.6997999999999998
2008-01-03,-3.6452999999999998
2008-01-04,-1.3552
2008-01-07,4.1786
2008-01-08,-4.3407
2008-01-09,3.4463
2008-01-10,5.2193
2008-01-11,-3.5356
2008-01-14,1.0394
2008-01-15,0.8121
2008-01-16,2.5242
2008-01-17,-0.8381
2008-01-18,-3.2752
2008-01-22,4.3692
2008-01-23,6.4887
2008-01-24,-5.3071
2008-01-25,-2.0758
2008-01-28,2.0668
2008-01-29,-0.5192
2008-01-30,-4.8017
2008-01-31,-0.8224
2008-02-01,1.99
2008-02-04,-1.1381999999999999
2008-02-05,-2.2478
2008-02-06,1.29
2008-02-07,3.2115
2008-02-08,0.0536
2008-02-11,-1.7158
2008-02-12,0.491
2008-02-13,3.4202
2008-02-14,-3.7795
2008-02-15,0.0
2008-02-19,2.0731
2008-02-20,0.9086
2008-02-21,-2.4894
2008-02-22,-0.6518
2008-02-25,0.7108
2008-02-26,2.2258
2008-02-27,-1.2215
2008-02-28,-2.8495
2008-02-29,-1.7156
2008-03-03,-2.027
2008-03-04,0.8046
2008-03-05,-1.2543
2008-03-06,-1.963
2008-03-07,-0.0589
2008-03-10,-1.8268
2008-03-11,10.2641
2008-03-12,-2.5585
2008-03-13,0.4469
2008-03-14,-0.1669
2008-03-17,0.8914
2008-03-18,5.1353
2008-03-19,1.6282
2008-03-20,4.1344
2008-03-24,-1.0422
2008-03-25,2.6078
2008-03-26,-1.173
2008-03-27,-0.9397
2008-03-28,0.0
2008-03-31,0.4536
2008-04-01,4.3653
2008-04-02,-0.4808
2008-04-03,-1.2077
2008-04-04,-3.0318
2008-04-07,-1.2103
2008-04-08,-0.3573
2008-04-09,-4.9693000000000005
2008-04-10,1.6173
2008-04-11,-4.4562
2008-04-14,-0.9439
2008-04-15,3.4193
2008-04-16,5.8537
2008-04-17,-0.6144
2008-04-18,3.5549
2008-04-21,-2.6368
2008-04-22,-2.8104
2008-04-23,-2.734
2008-04-24,1.7838
2008-04-25,0.7435
2008-04-28,0.7907
2008-04-29,-1.7259
2008-04-30,0.1597
2008-05-01,2.9224
2008-05-02,-1.7037
2008-05-05,0.0
2008-05-06,-1.313
2008-05-07,-2.9802999999999997
2008-05-08,0.2194
2008-05-09,-2.682
2008-05-12,2.8684
2008-05-13,-0.6561
2008-05-14,-2.2014
2008-05-15,1.4069
2008-05-16,-1.9423
2008-05-19,-0.8489
2008-05-20,-1.2557
2008-05-21,-0.2312
2008-05-22,4.1136
2008-05-23,0.2226
2008-05-27,-1.7213
2008-05-28,0.791
2008-05-29,-1.009
2008-05-30,-4.8131
2008-06-02,-0.4759
2008-06-03,1.5541
2008-06-04,-1.0006
2008-06-05,5.7075
2008-06-06,-5.8493
2008-06-09,-0.3584
2008-06-10,2.2782
2008-06-11,-3.3411
2008-06-12,-0.4245
2008-06-13,1.6442999999999999
2008-06-16,1.9771999999999998
2008-06-17,-2.879
2008-06-18,-3.3878
2008-06-19,-2.1916
2008-06-20,-3.137
2008-06-23,-4.0317
2008-06-24,-0.7576
2008-06-25,0.4164
2008-06-26,-3.5244999999999997
2008-06-27,-3.8489
2008-06-30,-4.5317
2008-07-01,4.3513
2008-07-02,-0.9856
2008-07-03,-4.5176
2008-07-07,-4.4908
2008-07-08,10.4954
2008-07-09,-6.535
2008-07-10,1.5447
2008-07-11,0.0
2008-07-14,-5.044
2008-07-15,-4.0472
2008-07-16,13.2689
2008-07-17,9.6199
2008-07-18,-3.6093
2008-07-21,-3.7445
2008-07-22,6.7887
2008-07-23,3.1429
2008-07-24,1.2465
2008-07-25,6.2244
2008-07-28,-1.4809999999999999
2008-07-29,4.183
2008-07-30,0.5646
2008-07-31,-0.4367
2008-08-01,0.3759
2008-08-04,-4.8065
2008-08-05,2.4262
2008-08-06,-0.2561
2008-08-07,-5.199
2008-08-08,2.7082
2008-08-11,5.5372
2008-08-12,5.3092
2008-08-13,-0.1779
2008-08-14,0.9507
2008-08-15,-4.9441
2008-08-18,1.3003
2008-08-19,-2.6284
2008-08-20,-0.9416
2008-08-21,-4.1191
2008-08-22,0.1322
2008-08-25,-5.0165
2008-08-26,0.4864
2008-08-27,4.9793
2008-08-28,4.0843
2008-08-29,-5.0633
2008-09-02,1.4
2008-09-03,4.2078
2008-09-04,-0.5678
2008-09-05,4.0609
2008-09-08,4.5732
2008-09-09,-1.7492999999999999
2008-09-10,3.9169
2008-09-11,-0.3998
2008-09-12,-0.172
2008-09-15,-7.6393
2008-09-16,9.6393
2008-09-17,-11.2309
2008-09-18,10.7987
2008-09-19,10.1499
2008-09-22,-4.5026
2008-09-23,-3.8925
2008-09-24,-0.5134
2008-09-25,0.8601
2008-09-26,4.6049
2008-09-29,-6.3152
2008-09-30,0.2345
2008-10-01,-7.0175
2008-10-02,-0.8805
2008-10-03,-1.0152
2008-10-06,4.2308
2008-10-07,-7.0111
2008-10-08,1.9841
2008-10-09,-14.3969
2008-10-10,9.9242
2008-10-13,12.8187
2008-10-14,-2.9322
2008-10-15,-12.7753
2008-10-16,15.5844
2008-10-17,-4.0574
2008-10-20,0.8458
2008-10-21,-4.2581
2008-10-22,-4.717
2008-10-23,-2.7580999999999998
2008-10-24,2.2545
2008-10-27,-1.138
2008-10-28,11.5108
2008-10-29,-1.5484
2008-10-30,9.5675
2008-10-31,4.6651
2008-11-03,2.8
2008-11-04,0.0
2008-11-05,-7.8377
2008-11-06,2.8951000000000002
2008-11-07,0.3517
2008-11-10,-2.5701
2008-11-11,-1.3789
2008-11-12,-3.4043
2008-11-13,6.4191
2008-11-14,-7.8652
2008-11-17,2.6958
2008-11-18,0.4375
2008-11-19,-11.2632
2008-11-20,-9.6073
2008-11-21,20.1707
2008-11-24,8.5862
2008-11-25,0.0595
2008-11-26,1.7231
2008-11-28,0.7009
2008-12-01,-19.1415
2008-12-02,5.2367
2008-12-03,4.3626
2008-12-04,3.3965
2008-12-05,2.2742
2008-12-08,0.4941
2008-12-09,-2.8888
2008-12-10,6.7722
2008-12-11,-4.6236
2008-12-12,5.6556999999999995
2008-12-15,-0.2353
2008-12-16,4.3632
2008-12-17,0.8475
2008-12-18,0.2801
2008-12-19,0.1117
2008-12-22,-0.2232
2008-12-23,-4.9216999999999995
2008-12-24,0.0588
2008-12-26,-0.5291
2008-12-29,1.1229
2008-12-30,-0.1182
2008-12-31,8.5799
2009-01-02,-6.6485
2009-01-05,-3.4442
2009-01-06,3.6276
2009-01-07,-5.776
2009-01-08,3.839
2009-01-09,-6.1419
2009-01-12,-2.1601
2009-01-13,1.2987
2009-01-14,-3.2692
2009-01-15,4.44
2009-01-16,-0.7614
2009-01-20,-11.636800000000001
2009-01-21,14.3994
2009-01-22,-8.2859
2009-01-23,0.6207
2009-01-26,-0.6854
2009-01-27,-0.9662
2009-01-28,1.3937
2009-01-29,-0.8247
2009-01-30,-0.2772
2009-02-02,8.6171
2009-02-03,-3.4549
2009-02-04,-5.3678
2009-02-05,3.5014
2009-02-06,1.4885
2009-02-09,-1.3333
2009-02-10,-5.4054
2009-02-11,-0.2857
2009-02-12,-0.8596
2009-02-13,0.6503
2009-02-17,-3.0869
2009-02-18,-0.4444
2009-02-19,-4.3899
2009-02-20,-5.1362
2009-02-23,-16.4889
2009-02-24,14.2436
2009-02-25,-5.761
2009-02-26,-2.0073
2009-02-27,-3.9106
2009-03-02,-12.4031
2009-03-03,-5.0885
2009-03-04,-12.2378
2009-03-05,0.1328
2009-03-06,-1.9893999999999998
2009-03-09,-1.6238000000000001
2009-03-10,16.9188
2009-03-11,-0.9412
2009-03-12,16.0333
2009-03-13,7.3695
2009-03-16,-4.5758
2009-03-17,-0.0999
2009-03-18,18.0
2009-03-19,1.1017
2009-03-20,-7.8793
2009-03-23,12.1929
2009-03-24,-7.3804
2009-03-25,10.4203
2009-03-26,3.1721
2009-03-27,-10.761
2009-03-30,-11.882
2009-03-31,17.815
2009-04-01,2.924
2009-04-02,6.0877
2009-04-03,1.3772
2009-04-06,-5.6604
2009-04-07,-6.64
2009-04-08,0.3428
2009-04-09,8.6251
2009-04-13,4.2453
2009-04-14,-6.1086
2009-04-15,6.1044
2009-04-16,-9.1597
2009-04-17,0.0
2009-04-20,-9.75
2009-04-21,15.8818
2009-04-22,-2.8685
2009-04-23,-6.7268
2009-04-24,7.8276
2009-04-27,-1.9576
2009-04-28,3.411
2009-04-29,4.0225
2009-04-30,-5.8778
2009-05-01,-4.7658000000000005
2009-05-04,6.6437
2009-05-05,-4.9353
2009-05-06,2.2128
2009-05-07,-1.9151
2009-05-08,11.545
2009-05-11,-3.653
2009-05-12,-1.3428
2009-05-13,-3.4428
2009-05-14,7.131
2009-05-15,-3.87
2009-05-18,4.5089
2009-05-19,-1.2327
2009-05-20,-2.7301
2009-05-21,4.0898
2009-05-22,0.077
2009-05-26,1.7706
2009-05-27,-3.8578
2009-05-28,2.6751
2009-05-29,5.6705
2009-06-01,4.0609
2009-06-02,5.5748999999999995
2009-06-03,-6.3366
2009-06-04,-0.9161
2009-06-05,-0.2134
2009-06-08,-1.4255
2009-06-09,-2.1692
2009-06-10,-5.765
2009-06-11,1.7255
2009-06-12,2.8527
2009-06-15,-4.048
2009-06-16,-1.0937999999999999
2009-06-17,1.5798
2009-06-18,-0.0778
2009-06-19,0.1556
2009-06-22,2.0979
2009-06-23,0.4566
2009-06-24,-0.1515
2009-06-25,6.3733
2009-06-26,11.8402
2009-06-29,-0.641
2009-06-30,1.1613
2009-07-01,0.9566
2009-07-02,-2.3373
2009-07-06,1.9405000000000001
2009-07-07,2.1574
2009-07-08,1.3665
2009-07-09,0.3676
2009-07-10,1.4042
2009-07-13,3.6725
2009-07-14,0.7549
2009-07-15,3.5735
2009-07-16,0.1113
2009-07-17,-1.612
2009-07-20,0.8475
2009-07-21,0.1681
2009-07-22,-1.2304
2009-07-23,2.6614
2009-07-24,1.3237999999999999
2009-07-27,-2.0142
2009-07-28,0.5
2009-07-29,-1.7689
2009-07-30,2.5324
2009-07-31,-0.0549
2009-08-03,1.1532
2009-08-04,0.4343
2009-08-05,0.2162
2009-08-06,-2.3731999999999998
2009-08-07,4.1436
2009-08-10,-0.9549
2009-08-11,-1.7675
2009-08-12,0.5453
2009-08-13,-0.1085
2009-08-14,-3.3659
2009-08-17,2.1348
2009-08-18,0.33
2009-08-19,0.0548
2009-08-20,1.1507
2009-08-21,1.571
2009-08-24,-1.4933
2009-08-25,0.379
2009-08-26,0.3236
2009-08-27,0.0
2009-08-28,-3.6022
2009-08-31,-2.1751
2009-09-01,-1.8814
2009-09-02,1.2202
2009-09-03,1.6648
2009-09-04,-1.581
2009-09-08,-0.2869
2009-09-09,1.3809
2009-09-10,-1.1351
2009-09-11,-1.4351
2009-09-14,1.1648
2009-09-15,0.9211
2009-09-16,5.5334
2009-09-17,0.8649
2009-09-18,1.7685
2009-09-21,-1.7378
2009-09-22,-0.8574
2009-09-23,-1.4054
2009-09-24,-0.4934
2009-09-25,0.1102
2009-09-28,3.7424
2009-09-29,-0.9057
2009-09-30,-2.957
2009-10-01,-6.205
2009-10-02,-1.0041
2009-10-05,2.0883
2009-10-06,0.5845
2009-10-07,0.8135
2009-10-08,-3.4006
2009-10-09,2.9236
2009-10-12,-2.9565
2009-10-13,0.2987
2009-10-14,1.1316
2009-10-15,-1.3545
2009-10-16,-1.4925
2009-10-19,-3.2727
2009-10-20,-3.0702
2009-10-21,-3.0381
2009-10-22,3.0
2009-10-23,-2.2654
2009-10-26,-0.4636
2009-10-27,0.0
2009-10-28,-4.3911999999999995
2009-10-29,3.0619
2009-10-30,-8.4402
2009-11-02,-0.8112
2009-11-03,-4.5353
2009-11-04,-5.9190000000000005
2009-11-05,16.2252
2009-11-06,-3.0627
2009-11-09,3.7472
2009-11-10,-2.0538
2009-11-11,5.3507
2009-11-12,-4.324
2009-11-13,-1.5065
2009-11-16,3.2775
2009-11-17,0.8463
2009-11-18,1.6084
2009-11-19,-5.1617
2009-11-20,1.2337
2009-11-23,2.2939
2009-11-24,-0.5606
2009-11-25,-5.2854
2009-11-27,-4.5387
2009-11-30,1.403
2009-12-01,0.6149
2009-12-02,1.6042999999999998
2009-12-03,-4.4361
2009-12-04,3.6192
2009-12-07,0.8352
2009-12-08,0.9036
2009-12-09,0.2239
2009-12-10,-1.2658
2009-12-11,2.4887
2009-12-14,2.9433
2009-12-15,0.0715
2009-12-16,0.7143
2009-12-17,-0.6383
2009-12-18,3.2834
2009-12-21,0.7602
2009-12-22,-0.5487
2009-12-23,-0.069
2009-12-24,-1.5873
2009-12-28,-0.0701
2009-12-29,0.8421
2009-12-30,1.1197
2009-12-31,-3.3218
2010-01-04,3.6507
2010-01-05,-4.9724
2010-01-06,-2.2529
2010-01-07,4.6097
2010-01-08,-3.7669
2010-01-11,-3.5451
2010-01-12,-0.3063
2010-01-13,2.3810000000000002
2010-01-14,10.2776
2010-01-15,-1.0204
2010-01-19,2.8866
2010-01-20,0.4676
2010-01-21,0.9973
2010-01-22,0.1975
2010-01-25,2.6938
2010-01-26,0.5118
2010-01-27,1.3367
2010-01-28,-0.8166
2010-01-29,-1.9633
2010-02-01,-0.1938
2010-02-02,-3.1715
2010-02-03,0.1337
2010-02-04,-5.8745
2010-02-05,4.0426
2010-02-08,-3.8173
2010-02-09,-1.7008999999999999
2010-02-10,1.5862
2010-02-11,-0.5678
2010-02-12,-0.1428
2010-02-16,1.7155
2010-02-17,-1.1947
2010-02-18,2.4182
2010-02-19,0.0694
2010-02-22,1.1103
2010-02-23,-2.1963
2010-02-24,3.1579
2010-02-25,-1.7006999999999999
2010-02-26,-2.2837
2010-03-01,0.7082
2010-03-02,3.3052
2010-03-03,-5.4459
2010-03-04,2.9518
2010-03-05,4.2657
2010-03-08,-2.4816
2010-03-09,-1.1692
2010-03-10,0.9743
2010-03-11,2.55
2010-03-12,0.4032
2010-03-15,3.3467000000000002
2010-03-16,-1.0363
2010-03-17,-2.356
2010-03-18,-0.4692
2010-03-19,-1.9529
2010-03-22,-0.0687
2010-03-23,-1.4433
2010-03-24,-2.371
2010-03-25,1.1429
2010-03-26,-1.6949
2010-03-29,-1.0057
2010-03-30,0.0
2010-03-31,-1.3139
2010-04-01,0.2959
2010-04-05,2.5074
2010-04-06,3.4532
2010-04-07,2.0167
2010-04-08,1.8405
2010-04-09,-1.071
2010-04-12,0.8119
2010-04-13,-0.8054
2010-04-14,2.0974
2010-04-15,1.5905
2010-04-16,-1.5003
2010-04-19,1.9205
2010-04-20,1.2995
2010-04-21,-1.9243000000000001
2010-04-22,3.2701000000000002
2010-04-23,1.5833
2010-04-26,-1.808
2010-04-27,-1.3968
2010-04-28,2.4469
2010-04-29,2.7656
2010-04-30,-0.2446
2010-05-03,0.7971
2010-05-04,-1.8248
2010-05-05,-2.1685
2010-05-06,-5.0032
2010-05-07,-0.1333
2010-05-10,5.741
2010-05-11,1.9571
2010-05-12,2.9102
2010-05-13,0.0
2010-05-14,-3.7906
2010-05-17,0.2502
2010-05-18,-0.4991
2010-05-19,0.1254
2010-05-20,-3.1309
2010-05-21,2.3271
2010-05-24,-1.3898
2010-05-25,0.3844
2010-05-26,-1.9783
2010-05-27,4.5573
2010-05-28,0.4981
2010-06-01,-3.9032999999999998
2010-06-02,4.0619
2010-06-03,1.1152
2010-06-04,-5.6373
2010-06-07,-1.8182
2010-06-08,0.6614
2010-06-09,0.0
2010-06-10,1.1827
2010-06-11,1.1039
2010-06-14,0.8349
2010-06-15,2.3567
2010-06-16,-0.9956
2010-06-17,-0.6285
2010-06-18,0.6325
2010-06-21,-2.4513
2010-06-22,-2.4485
2010-06-23,-1.1889
2010-06-24,-0.2005
2010-06-25,1.8754
2010-06-28,-0.1972
2010-06-29,-3.7748
2010-06-30,-0.2753
2010-07-01,-0.8972
2010-07-02,-1.3928
2010-07-06,-2.6836
2010-07-07,3.5559
2010-07-08,0.9811
2010-07-09,0.4858
2010-07-12,-0.7597
2010-07-13,5.7759
2010-07-14,-1.9737
2010-07-15,-1.1409
2010-07-16,-2.0367
2010-07-19,-2.2869
2010-07-20,3.1915
2010-07-21,-2.268
2010-07-22,5.0633
2010-07-23,2.3427
2010-07-26,4.5782
2010-07-27,-1.8136
2010-07-28,-2.4204
2010-07-29,4.8303
2010-07-30,3.9228
2010-08-02,-2.2768
2010-08-03,-2.0846
2010-08-04,-0.6262
2010-08-05,-2.3314
2010-08-06,-2.9677
2010-08-09,2.1277
2010-08-10,-3.5807
2010-08-11,-6.9548
2010-08-12,-1.3788
2010-08-13,-3.8263
2010-08-16,1.6832
2010-08-17,2.8593
2010-08-18,-0.951
2010-08-19,-5.4653
2010-08-20,-0.1563
2010-08-23,-4.3036
2010-08-24,-0.4088
2010-08-25,3.8588
2010-08-26,-2.6087
2010-08-27,5.0325
2010-08-30,-5.1005
2010-08-31,-1.1401
2010-09-01,4.0362
2010-09-02,-2.1378
2010-09-03,4.1262
2010-09-07,-5.2836
2010-09-08,-0.5742
2010-09-09,0.7426
2010-09-10,-1.3923
2010-09-13,7.2259
2010-09-14,-2.4787
2010-09-15,-0.1589
2010-09-16,-3.4208
2010-09-17,-0.1647
2010-09-20,2.9703
2010-09-21,-2.0833
2010-09-22,0.0818
2010-09-23,-1.3900000000000001
2010-09-24,9.9502
2010-09-27,-1.1312
2010-09-28,2.5934
2010-09-29,-0.5984
2010-09-30,2.4831
2010-10-01,2.1292
2010-10-04,-6.7577
2010-10-05,6.3994
2010-10-06,0.5072
2010-10-07,-1.5141
2010-10-08,1.5373
2010-10-11,-2.5234
2010-10-12,-2.071
2010-10-13,1.8881999999999999
2010-10-14,-1.8532
2010-10-15,-1.2085
2010-10-18,3.0581
2010-10-19,-2.003
2010-10-20,3.3308
2010-10-21,-3.0769
2010-10-22,0.3779
2010-10-25,0.6024
2010-10-26,-0.1497
2010-10-27,-0.1499
2010-10-28,-0.9009
2010-10-29,1.4394
2010-11-01,-0.224
2010-11-02,4.4162
2010-11-03,-0.3584
2010-11-04,2.8777
2010-11-05,-1.3287
2010-11-08,0.4252
2010-11-09,-1.4114
2010-11-10,3.0064
2010-11-11,-2.3628
2010-11-12,-2.2064
2010-11-15,1.0917
2010-11-16,-1.7279
2010-11-17,1.1722
2010-11-18,0.5069
2010-11-19,-1.2968
2010-11-22,0.5109
2010-11-23,1.0167
2010-11-24,3.4508
2010-11-26,-0.6254
2010-11-29,0.8392
2010-11-30,0.4854
2010-12-01,0.4141
2010-12-02,-3.8487999999999998
2010-12-03,-0.8578
2010-12-06,0.5768
2010-12-07,2.6523
2010-12-08,0.419
2010-12-09,4.242
2010-12-10,1.2008
2010-12-13,-1.4502
2010-12-14,-0.5351
2010-12-15,-0.9415
2010-12-16,0.8826
2010-12-17,-3.7012
2010-12-20,-1.0482
2010-12-21,0.7062
2010-12-22,1.3324
2010-12-23,-2.4221
2010-12-27,4.6099
2010-12-28,2.1017
2010-12-29,2.0584
2010-12-30,2.1583
2010-12-31,-1.9846
2011-01-03,3.5924
2011-01-04,0.3153
2011-01-05,2.8284000000000002
2011-01-06,0.0611
2011-01-07,0.4276
2011-01-10,-1.0341
2011-01-11,-0.4302
2011-01-12,0.1235
2011-01-13,-0.9248
2011-01-14,1.2446
2011-01-18,0.5532
2011-01-19,0.3056
2011-01-20,-1.95
2011-01-21,0.0622
2011-01-24,1.1179999999999999
2011-01-25,1.2285
2011-01-26,2.3058
2011-01-27,-2.0759
2011-01-28,-6.1175
2011-01-31,-3.0323
2011-02-01,2.3287
2011-02-02,-2.1456
2011-02-03,-0.9967
2011-02-04,-2.6846
2011-02-07,-0.2759
2011-02-08,-1.4523
2011-02-09,0.4211
2011-02-10,-1.5373999999999999
2011-02-11,1.4194
2011-02-14,-0.14
2011-02-15,-0.4205
2011-02-16,-0.4222
2011-02-17,0.424
2011-02-18,0.2111
2011-02-22,-1.3343
2011-02-23,1.637
2011-02-24,1.8207
2011-02-25,1.0316
2011-02-28,0.3404
2011-03-01,-2.1031
2011-03-02,-2.0097
2011-03-03,2.5460000000000003
2011-03-04,-2.4828
2011-03-07,-2.4752
2011-03-08,3.1907
2011-03-09,-0.7027
2011-03-10,-5.8033
2011-03-11,-1.5026000000000002
2011-03-14,0.3814
2011-03-15,-3.1155
2011-03-16,-1.8824
2011-03-17,1.4388
2011-03-18,4.4917
2011-03-21,3.0166
2011-03-22,-0.8053
2011-03-23,-3.1734
2011-03-24,0.4573
2011-03-25,-0.5311
2011-03-28,-1.6018
2011-03-29,2.2481
2011-03-30,1.2967
2011-03-31,-0.1506
2011-04-01,0.2262
2011-04-04,0.3762
2011-04-05,-0.7496
2011-04-06,-1.0574
2011-04-07,0.3817
2011-04-08,0.0
2011-04-11,-0.2281
2011-04-12,-0.5335
2011-04-13,0.6897
2011-04-14,0.4566
2011-04-15,0.0758
2011-04-18,-0.4542
2011-04-19,-0.4563
2011-04-20,0.9167
2011-04-21,0.2271
2011-04-25,-0.6042
2011-04-26,3.5714
2011-04-27,0.6603
2011-04-28,0.5102
2011-04-29,1.3778000000000001
2011-05-02,-5.4363
2011-05-03,-0.5295
2011-05-04,-3.5741
2011-05-05,-0.2366
2011-05-06,-1.7391
2011-05-09,-0.4023
2011-05-10,3.231
2011-05-11,-3.9124
2011-05-12,1.3844
2011-05-13,-1.7671000000000001
2011-05-16,-0.7359
2011-05-17,-0.1647
2011-05-18,-0.9901
2011-05-19,0.0
2011-05-20,-1.1667
2011-05-23,-2.4452
2011-05-24,-0.6914
2011-05-25,1.3054999999999999
2011-05-26,0.5155
2011-05-27,-1.1111
2011-05-31,3.1979
2011-06-01,-4.6064
2011-06-02,-2.8095
2011-06-03,-1.5356999999999998
2011-06-06,0.9174
2011-06-07,-0.2727
2011-06-08,-1.3674
2011-06-09,-6.6543
2011-06-10,0.0
2011-06-13,0.8911
2011-06-14,3.4347
2011-06-15,-2.9412000000000003
2011-06-16,3.3236
2011-06-17,0.9461
2011-06-20,2.9991
2011-06-21,5.1865
2011-06-22,-5.5363
2011-06-23,-1.6484
2011-06-24,-4.6555
2011-06-27,3.5156
2011-06-28,0.0
2011-06-29,-3.0418
2011-06-30,0.3922
2011-07-01,1.7578
2011-07-05,1.3436
2011-07-06,3.3144
2011-07-07,7.516
2011-07-08,-2.7279999999999998
2011-07-11,-2.454
2011-07-12,0.5391
2011-07-13,1.1618
2011-07-14,-2.0318
2011-07-15,-4.0577
2011-07-18,-3.2895
2011-07-19,2.0408
2011-07-20,-2.3810000000000002
2011-07-21,1.7561
2011-07-22,-1.9175
2011-07-25,-2.737
2011-07-26,0.201
2011-07-27,-2.006
2011-07-28,2.3541
2011-07-29,-1.5
2011-08-01,-0.1015
2011-08-02,-1.9308999999999998
2011-08-03,3.0052
2011-08-04,-0.9054
2011-08-05,-0.1015
2011-08-08,-7.1138
2011-08-09,9.4092
2011-08-10,-10.3
2011-08-11,6.9119
2011-08-12,-4.7966999999999995
2011-08-15,4.6002
2011-08-16,-4.1885
2011-08-17,-0.2186
2011-08-18,-7.667
2011-08-19,-3.9146
2011-08-22,3.8272
2011-08-23,9.9881
2011-08-24,2.4865
2011-08-25,-7.5949
2011-08-26,5.0228
2011-08-29,9.2391
2011-08-30,-2.1891
2011-08-31,-0.8138
2011-09-01,-5.2308
2011-09-02,-5.1948
2011-09-06,0.1142
2011-09-07,10.6043
2011-09-08,-2.1649
2011-09-09,-2.1075
2011-09-12,3.1216
2011-09-13,1.0438
2011-09-14,4.8554
2011-09-15,-2.8571
2011-09-16,-3.5497
2011-09-19,0.0
2011-09-20,-0.3155
2011-09-21,-2.6371
2011-09-22,2.2752
2011-09-23,1.8008
2011-09-26,-2.4974
2011-09-27,3.7353
2011-09-28,-0.1029
2011-09-29,2.6999
2011-09-30,1.5167000000000002
2011-10-03,-6.1753
2011-10-04,17.8344
2011-10-05,-2.4324
2011-10-06,-0.277
2011-10-07,-5.7407
2011-10-10,6.6798
2011-10-11,2.6703
2011-10-12,5.1121
2011-10-13,-1.6212
2011-10-14,0.0
2011-10-17,-4.51
2011-10-18,3.1789
2011-10-19,-0.5282
2011-10-20,0.708
2011-10-21,1.0545
2011-10-24,4.4348
2011-10-25,-1.7485
2011-10-26,1.8643999999999998
2011-10-27,13.9767
2011-10-28,-4.8905
2011-10-31,-2.6861
2011-11-01,-18.7697
2011-11-02,2.4272
2011-11-03,6.9193999999999996
2011-11-04,-8.3333
2011-11-07,-0.1934
2011-11-08,5.7171
2011-11-09,-8.5243
2011-11-10,1.8035999999999999
2011-11-11,7.0866
2011-11-14,-2.4816
2011-11-15,3.5815
2011-11-16,-3.8217
2011-11-17,-1.5137
2011-11-18,-0.9606
2011-11-21,-1.2609
2011-11-22,0.3929
2011-11-23,-5.9687
2011-11-25,3.0177
2011-11-28,2.4242
2011-11-29,-0.789
2011-11-30,17.0974
2011-12-01,-6.7063
2011-12-02,2.8207
2011-12-05,2.7434
2011-12-06,0.5168
2011-12-07,-1.9708999999999999
2011-12-08,-7.7797
2011-12-09,7.109
2011-12-12,-2.3009
2011-12-13,-4.9818999999999996
2011-12-14,5.4337
2011-12-15,2.2604
2011-12-16,0.2653
2011-12-19,-4.0564
2011-12-20,5.6985
2011-12-21,-0.8696
2011-12-22,-0.0877
2011-12-23,0.439
2011-12-27,0.2622
2011-12-28,-3.313
2011-12-29,2.634
2011-12-30,-1.3274
2012-01-03,0.0897
2012-01-04,0.3584
2012-01-05,0.8929
2012-01-06,-1.3274
2012-01-09,0.4484
2012-01-10,0.8929
2012-01-11,0.2655
2012-01-12,0.8826
2012-01-13,-0.7874
2012-01-17,-0.7055
2012-01-18,2.1314
2012-01-19,-0.3478
2012-01-20,1.6579000000000002
2012-01-23,0.0
2012-01-24,-0.3433
2012-01-25,0.6029
2012-01-26,0.5137
2012-01-27,0.0852
2012-01-30,-0.3404
2012-01-31,-0.5978
2012-02-01,-3.0928
2012-02-02,-0.3546
2012-02-03,0.8007
2012-02-06,-0.7944
2012-02-07,-2.0463
2012-02-08,1.1807
2012-02-09,-0.5386
2012-02-10,0.0903
2012-02-13,0.4509
2012-02-14,-3.86
2012-02-15,-3.6414999999999997
2012-02-16,6.2984
2012-02-17,2.7347
2012-02-21,-0.7098
2012-02-22,-5.1832
2012-02-23,3.2988
2012-02-24,-2.4635
2012-02-27,-0.8419
2012-02-28,-1.0377
2012-02-29,-4.6711
2012-03-01,-0.7
2012-03-02,-4.9345
2012-03-05,2.6483
2012-03-06,-0.3096
2012-03-07,3.4161
2012-03-08,0.4004
2012-03-09,0.3988
2012-03-12,1.291
2012-03-13,2.2549
2012-03-14,-1.4382
2012-03-15,0.1946
2012-03-16,1.3592
2012-03-19,4.7893
2012-03-20,-1.5539
2012-03-21,-0.3714
2012-03-22,-2.4231
2012-03-23,3.8204000000000002
2012-03-26,3.2199
2012-03-27,-0.0891
2012-03-28,0.1784
2012-03-29,0.1794
2012-03-30,-2.1486
2012-04-02,2.1958
2012-04-03,-4.9239
2012-04-04,-2.5423999999999998
2012-04-05,-0.6763
2012-04-09,-2.3346
2012-04-10,-2.0916
2012-04-11,2.4415
2012-04-12,0.993
2012-04-13,-3.3432
2012-04-16,4.2726
2012-04-17,0.6829
2012-04-18,-3.0039
2012-04-19,-2.0979
2012-04-20,2.551
2012-04-23,-3.5821
2012-04-24,1.7544
2012-04-25,6.0852
2012-04-26,-0.1912
2012-04-27,-2.7778
2012-04-30,-1.2808
2012-05-01,-1.2974
2012-05-02,-2.4267
2012-05-03,-0.9326
2012-05-04,-4.9163
2012-05-07,2.3102
2012-05-08,4.8387
2012-05-09,-1.2308
2012-05-10,1.2461
2012-05-11,-1.3333
2012-05-14,1.0395
2012-05-15,0.6173
2012-05-16,-1.6360000000000001
2012-05-17,-2.5987999999999998
2012-05-18,-1.174
2012-05-21,3.6717
2012-05-22,-5.4167
2012-05-23,-1.9824000000000002
2012-05-24,2.1348
2012-05-25,1.3201
2012-05-29,0.4343
2012-05-30,-1.0811
2012-05-31,1.5301
2012-06-01,-4.6286000000000005
2012-06-04,2.2573
2012-06-05,0.5519
2012-06-06,-0.2195
2012-06-07,-0.6601
2012-06-08,2.4363
2012-06-11,-4.8649000000000004
2012-06-12,1.9318
2012-06-13,-3.5674
2012-06-14,2.3121
2012-06-15,0.339
2012-06-18,-1.295
2012-06-19,1.312
2012-06-20,-0.7883
2012-06-21,-2.8377
2012-06-22,3.7382999999999997
2012-06-25,-4.2793
2012-06-26,2.9412000000000003
2012-06-27,2.4
2012-06-28,-2.5901
2012-06-29,2.7746
2012-07-02,2.2497
2012-07-03,-0.5501
2012-07-05,-1.6593
2012-07-06,-0.225
2012-07-09,-1.3529
2012-07-10,0.6857
2012-07-11,0.9081
2012-07-12,-2.6997
2012-07-13,1.9653
2012-07-16,-0.4535
2012-07-17,1.2528000000000001
2012-07-18,0.4499
2012-07-19,-3.2475
2012-07-20,-1.1574
2012-07-23,-1.5222
2012-07-24,0.5945
2012-07-25,2.8369
2012-07-26,2.069
2012-07-27,3.2658
2012-07-30,-6.1068999999999996
2012-07-31,-1.0453
2012-08-01,-6.1033
2012-08-02,-1.625
2012-08-03,6.2262
2012-08-06,1.1962
2012-08-07,1.8913
2012-08-08,2.9002
2012-08-09,-0.5637
2012-08-10,-0.7937
2012-08-13,1.0286
2012-08-14,2.1493
2012-08-15,1.4396
2012-08-16,1.0917
2012-08-17,0.9719
2012-08-20,1.6042999999999998
2012-08-21,0.6316
2012-08-22,-0.8368
2012-08-23,-0.7384
2012-08-24,0.9564
2012-08-27,0.8421
2012-08-28,1.8789
2012-08-29,-0.5123
2012-08-30,0.6179
2012-08-31,1.6377000000000002
2012-09-04,0.5035
2012-09-05,2.6052
2012-09-06,6.6406
2012-09-07,-1.0073
2012-09-10,-0.6475
2012-09-11,-0.7449
2012-09-12,-1.8761999999999999
2012-09-13,5.1625
2012-09-14,1.0909
2012-09-17,-0.8094
2012-09-18,1.9039000000000001
2012-09-19,-1.5125
2012-09-20,-0.813
2012-09-21,2.5501
2012-09-24,2.3091
2012-09-25,1.0417
2012-09-26,1.2027
2012-09-27,-0.4274
2012-09-28,-1.03
2012-10-01,0.4337
2012-10-02,-0.1727
2012-10-03,-0.2595
2012-10-04,1.7346
2012-10-05,-1.2788
2012-10-08,-0.0864
2012-10-09,-1.21
2012-10-10,-0.9624
2012-10-11,1.1484
2012-10-12,-0.3493
2012-10-15,0.3506
2012-10-16,-0.9607
2012-10-17,1.6755
2012-10-18,-6.2446
2012-10-19,-1.2026
2012-10-22,1.3109
2012-10-23,-1.8484
2012-10-24,-1.6949
2012-10-25,1.341
2012-10-26,-3.3081
2012-10-31,2.1505
2012-11-01,-0.2871
2012-11-02,-1.6315
2012-11-05,1.2683
2012-11-06,0.7707
2012-11-07,-5.6405
2012-11-08,0.304
2012-11-09,0.303
2012-11-12,2.3162
2012-11-13,-2.1654
2012-11-14,2.2133
2012-11-15,2.9528
2012-11-16,-0.2868
2012-11-19,1.0547
2012-11-20,0.4744
2012-11-21,-0.5666
2012-11-23,1.8044
2012-11-26,0.8396
2012-11-27,1.0176
2012-11-28,-0.641
2012-11-29,1.7511999999999999
2012-11-30,0.9058
2012-12-03,-0.3591
2012-12-04,2.5225
2012-12-05,2.0211
2012-12-06,0.6891
2012-12-07,2.3097
2012-12-10,1.9231
2012-12-11,0.9024
2012-12-12,-3.4146
2012-12-13,0.8418
2012-12-14,1.0017
2012-12-17,3.5537
2012-12-18,3.1125
2012-12-19,2.0124
2012-12-20,1.214
2012-12-21,-1.6492
2012-12-24,-3.2012
2012-12-26,-0.6299
2012-12-27,1.3471
2012-12-28,-1.4949
2012-12-31,2.3962
2013-01-02,5.8502
2013-01-03,-2.2108
2013-01-04,0.0
2013-01-07,-1.9593
2013-01-08,-1.6141
2013-01-09,3.9844
2013-01-10,-1.6529
2013-01-11,-0.2292
2013-01-14,-0.8423
2013-01-15,-0.7722
2013-01-16,-1.6341999999999999
2013-01-17,0.5538
2013-01-18,-0.236
2013-01-22,1.1041
2013-01-23,-1.6381000000000001
2013-01-24,-0.3965
2013-01-25,-1.3535
2013-01-28,4.5198
2013-01-29,3.3977
2013-01-30,-4.4063
2013-01-31,-0.7813
2013-02-01,3.2283
2013-02-04,-5.5683
2013-02-05,2.9079
2013-02-06,1.1774
2013-02-07,1.1637
2013-02-08,0.0767
2013-02-11,0.9195
2013-02-12,1.139
2013-02-13,0.5255
2013-02-14,-1.7177
2013-02-15,0.0
2013-02-19,0.9878
2013-02-20,-2.7088
2013-02-21,1.3148
2013-02-22,1.5267
2013-02-25,0.3008
2013-02-26,0.3748
2013-02-27,0.5228
2013-02-28,-0.8915
2013-03-01,2.2489
2013-03-04,0.0733
2013-03-05,0.6593
2013-03-06,0.5822
2013-03-07,-2.5326
2013-03-08,1.6333
2013-03-11,-0.8766
2013-03-12,-1.6212
2013-03-13,-2.2472
2013-03-14,2.682
2013-03-15,2.5373
2013-03-18,-1.7467000000000001
2013-03-19,-0.5926
2013-03-20,-0.2981
2013-03-21,-2.0179
2013-03-22,0.3051
2013-03-25,4.1825
2013-03-26,-1.0219
2013-03-27,-0.9644
2013-03-28,1.0487
2013-04-01,-1.1118999999999999
2013-04-02,1.9489999999999998
2013-04-03,-2.2794
2013-04-04,-3.085
2013-04-05,0.0
2013-04-08,2.5621
2013-04-09,-2.8009
2013-04-10,0.9346
2013-04-11,-1.5432000000000001
2013-04-12,0.3135
2013-04-15,-5.1563
2013-04-16,2.2241
2013-04-17,-2.498
2013-04-18,3.0579
2013-04-19,1.2831000000000001
2013-04-22,-2.2169
2013-04-23,2.0243
2013-04-24,0.3175
2013-04-25,1.6614
2013-04-26,-3.1128
2013-04-29,1.5261
2013-04-30,2.9272
2013-05-01,-0.8455
2013-05-02,2.6357
2013-05-03,3.5498
2013-05-06,-0.8023
2013-05-07,1.7647
2013-05-08,0.7225
2013-05-09,-0.3587
2013-05-10,-0.216
2013-05-13,-0.938
2013-05-14,0.5827
2013-05-15,-1.1586
2013-05-16,0.293
2013-05-17,2.1914
2013-05-20,1.787
2013-05-21,0.7725
2013-05-22,-3.0662
2013-05-23,3.4508
2013-05-24,2.4322
2013-05-28,4.3419
2013-05-29,-1.5605
2013-05-30,0.3303
2013-05-31,-6.1883
2013-06-03,3.0175
2013-06-04,-4.0191
2013-06-05,-1.0646
2013-06-06,2.7977
2013-06-07,-1.3957
2013-06-10,-1.4862
2013-06-11,-0.2155
2013-06-12,-0.432
2013-06-13,0.8677
2013-06-14,-2.6523
2013-06-17,2.5037000000000003
2013-06-18,-0.1437
2013-06-19,-0.5036
2013-06-20,-1.2292
2013-06-21,1.9034
2013-06-24,-0.0718
2013-06-25,0.647
2013-06-26,-0.0714
2013-06-27,0.5032
2013-06-28,0.8584
2013-07-01,2.3404
2013-07-02,0.8316
2013-07-03,1.9243999999999999
2013-07-05,4.1807
2013-07-08,1.2945
2013-07-09,-1.2141
2013-07-10,1.229
2013-07-11,0.5751
2013-07-12,-1.0801
2013-07-15,0.8349
2013-07-16,-0.7006
2013-07-17,-1.2187000000000001
2013-07-18,-1.4285999999999999
2013-07-19,0.7905
2013-07-22,-0.3922
2013-07-23,-0.2625
2013-07-24,4.8684
2013-07-25,1.5056
2013-07-26,-0.8035
2013-07-29,-2.6791
2013-07-30,-0.8963
2013-07-31,2.261
2013-08-01,-0.5685
2013-08-02,-1.5248
2013-08-05,0.0
2013-08-06,-0.2581
2013-08-07,-0.0647
2013-08-08,0.0
2013-08-09,-0.6472
2013-08-12,2.4104
2013-08-13,-0.9542
2013-08-14,-2.1837
2013-08-15,-1.3789
2013-08-16,-1.6644
2013-08-19,-1.2187000000000001
2013-08-20,3.7697000000000003
2013-08-21,-3.6988
2013-08-22,2.7435
2013-08-23,-0.9346
2013-08-26,-0.6065
2013-08-27,-4.8814
2013-08-28,1.1404
2013-08-29,3.3827
2013-08-30,-4.1581
2013-09-03,1.2091
2013-09-04,-1.0541
2013-09-05,0.6392
2013-09-06,-1.976
2013-09-09,2.5198
2013-09-10,4.0028
2013-09-11,-3.9838
2013-09-12,-0.4923
2013-09-13,0.7774
2013-09-16,-1.0519
2013-09-17,1.0631
2013-09-18,5.0491
2013-09-19,-2.4032
2013-09-20,2.052
2013-09-23,1.4075
2013-09-24,4.0978
2013-09-25,-4.5079
2013-09-26,-2.7260999999999997
2013-09-27,-1.2371
2013-09-30,0.5567
2013-10-01,-1.1764999999999999
2013-10-02,-2.1008
2013-10-03,-1.9313
2013-10-04,3.4282
2013-10-07,0.2821
2013-10-08,-1.1252
2013-10-09,0.4979
2013-10-10,0.2123
2013-10-11,1.9774
2013-10-14,1.5234999999999999
2013-10-15,-1.9782
2013-10-16,-1.3222
2013-10-17,0.3526
2013-10-18,5.13
2013-10-21,0.4011
2013-10-22,0.2663
2013-10-23,-1.7928
2013-10-24,2.0284
2013-10-25,-0.5964
2013-10-28,0.0
2013-10-29,6.5333
2013-10-30,-3.1915
2013-10-31,-3.1673999999999998
2013-11-01,-2.2697
2013-11-04,0.8197
2013-11-05,0.542
2013-11-06,-0.0674
2013-11-07,-1.7532
2013-11-08,4.6671
2013-11-11,-3.1475
2013-11-12,1.0156
2013-11-13,-1.5415999999999999
2013-11-14,-0.7488
2013-11-15,-0.3429
2013-11-18,4.4735
2013-11-19,-0.7246
2013-11-20,0.7963
2013-11-21,2.8966
2013-11-22,1.3436
2013-11-25,0.6944
2013-11-26,1.8809
2013-11-27,2.7692
2013-11-29,2.2754
2013-12-02,-1.3466
2013-12-03,-0.8902
2013-12-04,-1.5569
2013-12-05,-1.1557
2013-12-06,1.3538000000000001
2013-12-09,-1.4572
2013-12-10,-2.4646
2013-12-11,-1.4529
2013-12-12,0.4487
2013-12-13,-0.1914
2013-12-16,2.5575
2013-12-17,-1.1844999999999999
2013-12-18,2.6498
2013-12-19,-0.3688
2013-12-20,2.3442
2013-12-23,0.9042
2013-12-24,0.0597
2013-12-26,0.9552
2013-12-27,-1.0053
2013-12-30,-1.6206
2013-12-31,1.4033
2014-01-02,-0.6017
2014-01-03,0.5448
2014-01-06,-0.5418
2014-01-07,0.0605
2014-01-08,-0.363
2014-01-09,-1.5786
2014-01-10,0.7403
2014-01-13,-0.5511
2014-01-14,2.1552
2014-01-15,0.9644
2014-01-16,-0.0597
2014-01-17,-0.1195
2014-01-21,3.2297
2014-01-22,0.0
2014-01-23,-0.8691
2014-01-24,0.7013
2014-01-27,-0.058
2014-01-28,-0.1161
2014-01-29,-0.5814
2014-01-30,2.2807
2014-01-31,-1.4866
2014-02-03,0.9286
2014-02-04,0.345
2014-02-05,-1.49
2014-02-06,-0.1163
2014-02-07,0.1747
2014-02-10,0.7558
2014-02-11,2.5389
2014-02-12,-1.8008
2014-02-13,2.808
2014-02-14,-2.3969
2014-02-18,0.8567
2014-02-19,-2.3216
2014-02-20,1.1594
2014-02-21,-1.0315
2014-02-24,3.3584
2014-02-25,-0.3361
2014-02-26,1.1804000000000001
2014-02-27,1.0556
2014-02-28,0.6047
2014-03-03,-0.765
2014-03-04,6.9383
2014-03-05,-0.7724
2014-03-06,0.7784
2014-03-07,-0.6179
2014-03-10,1.2435
2014-03-11,-2.1494
2014-03-12,0.4707
2014-03-13,-0.6247
2014-03-14,-0.4191
2014-03-17,0.0526
2014-03-18,1.5247000000000002
2014-03-19,0.2589
2014-03-20,-0.4649
2014-03-21,-2.439
2014-03-24,2.0372
2014-03-25,0.4535
2014-03-26,-2.0758
2014-03-27,1.8018
2014-03-28,-1.6205
2014-03-31,0.9564
2014-04-01,0.5263
2014-04-02,-2.0942
2014-04-03,0.6952
2014-04-04,-0.9559
2014-04-07,0.2145
2014-04-08,0.5886
2014-04-09,0.1596
2014-04-10,-2.496
2014-04-11,0.2179
2014-04-14,0.7065
2014-04-15,0.054
2014-04-16,-1.0248
2014-04-17,1.7984
2014-04-21,0.2677
2014-04-22,-0.8542
2014-04-23,-2.2617
2014-04-24,-2.9752
2014-04-25,-0.6246
2014-04-28,-1.6
2014-04-29,0.2323
2014-04-30,-0.2897
2014-05-01,2.0337
2014-05-02,1.082
2014-05-05,-0.8451
2014-05-06,-1.9886
2014-05-07,0.6377
2014-05-08,-0.4032
2014-05-09,2.7183
2014-05-12,2.6464
2014-05-13,-1.4811
2014-05-14,-3.2851
2014-05-15,-0.5757
2014-05-16,1.3317999999999999
2014-05-19,2.1714
2014-05-20,-2.2371
2014-05-21,0.4005
2014-05-22,0.7977
2014-05-23,1.0175
2014-05-27,2.9659
2014-05-28,0.6522
2014-05-29,-0.54
2014-05-30,-1.8458
2014-06-02,-2.6549
2014-06-03,-2.3295
2014-06-04,0.2909
2014-06-05,1.7401
2014-06-06,2.0525
2014-06-09,3.2402
2014-06-10,0.1082
2014-06-11,-1.7297
2014-06-12,-0.6601
2014-06-13,-2.1041
2014-06-16,-1.3575
2014-06-17,0.9174
2014-06-18,0.4545
2014-06-19,1.2443
2014-06-20,2.4022
2014-06-23,-1.3639000000000001
2014-06-24,-0.8296
2014-06-25,1.7847
2014-06-26,-0.0548
2014-06-27,-0.3304
2014-06-30,1.3812
2014-07-01,0.654
2014-07-02,-1.6784
2014-07-03,2.0374
2014-07-07,-3.0761
2014-07-08,-1.2806
2014-07-09,0.5076
2014-07-10,-2.4691
2014-07-11,-1.0932
2014-07-14,1.1053
2014-07-15,-1.7261
2014-07-16,-1.0539
2014-07-17,-2.5444
2014-07-18,2.8537
2014-07-21,-1.5939
2014-07-22,0.06
2014-07-23,0.7194
2014-07-24,-1.0119
2014-07-25,-1.0824
2014-07-28,-0.6079
2014-07-29,0.0
2014-07-30,-0.6728
2014-07-31,-0.9852
2014-08-01,-0.3109
2014-08-04,0.811
2014-08-05,0.9282
2014-08-06,0.4292
2014-08-07,-0.6105
2014-08-08,0.5528
2014-08-11,1.1607
2014-08-12,-1.3285
2014-08-13,0.7956
2014-08-14,1.3965
2014-08-15,-0.8383
2014-08-18,1.2681
2014-08-19,0.0
2014-08-20,0.477
2014-08-21,0.7715
2014-08-22,-0.5889
2014-08-25,2.6066000000000003
2014-08-26,1.3279
2014-08-27,1.1396
2014-08-28,-0.7324
2014-08-29,0.8513
2014-09-02,0.0
2014-09-03,-1.9696
2014-09-04,-0.0574
2014-09-05,0.2298
2014-09-08,0.6304
2014-09-09,-2.7335000000000003
2014-09-10,1.815
2014-09-11,0.6325
2014-09-12,-0.8
2014-09-15,-2.2465
2014-09-16,-0.3536
2014-09-17,-0.4731
2014-09-18,1.5449000000000002
2014-09-19,-0.7607
2014-09-22,-2.1226
2014-09-23,-1.4458
2014-09-24,0.6724
2014-09-25,-1.0322
2014-09-26,1.1656
2014-09-29,-0.7922
2014-09-30,-1.5971
2014-10-01,-0.1248
2014-10-02,1.4375
2014-10-03,-0.3697
2014-10-06,-0.9276
2014-10-07,-0.1248
2014-10-08,1.5
2014-10-09,-3.5099
2014-10-10,2.6803
2014-10-13,4.8477
2014-10-14,2.1932
2014-10-15,0.232
2014-10-16,1.0417
2014-10-17,-2.52
2014-10-20,-1.4689
2014-10-21,2.6237
2014-10-22,-3.0796
2014-10-23,2.6379
2014-10-24,0.6425
2014-10-27,-1.2187999999999999
2014-10-28,5.7579
2014-10-29,-2.2222
2014-10-30,2.5
2014-10-31,0.4435
2014-11-03,-0.9934
2014-11-04,-1.505
2014-11-05,0.9055
2014-11-06,0.2243
2014-11-07,-1.7907
2014-11-10,-0.3419
2014-11-11,2.4585
2014-11-12,1.1719
2014-11-13,-3.8609999999999998
2014-11-14,0.0
2014-11-17,-0.5164
2014-11-18,0.9804
2014-11-19,-1.9417
2014-11-20,0.0582
2014-11-21,0.4657
2014-11-24,1.3905
2014-11-25,1.0286
2014-11-26,-0.2262
2014-11-28,-3.1746
2014-12-01,-0.2927
2014-12-02,1.6442
2014-12-03,0.3466
2014-12-04,-0.4606
2014-12-05,2.3713
2014-12-08,-0.791
2014-12-09,2.1071
2014-12-10,-4.0714
2014-12-11,0.7558
2014-12-12,-0.981
2014-12-15,-0.641
2014-12-16,1.8768
2014-12-17,2.9937
2014-12-18,-0.1118
2014-12-19,0.3358
2014-12-22,1.0039
2014-12-23,1.8774
2014-12-24,0.5962
2014-12-26,1.1315
2014-12-29,-0.7991
2014-12-30,0.5394
2014-12-31,-0.912
2015-01-02,-2.3822
2015-01-05,-2.274
2015-01-06,-2.6107
2015-01-07,1.3986
2015-01-08,1.8965999999999998
2015-01-09,-0.282
2015-01-12,-1.7534
2015-01-13,2.2453
2015-01-14,-0.5631
2015-01-15,-2.4915
2015-01-16,2.9036
2015-01-20,-0.0564
2015-01-21,-1.581
2015-01-22,3.7292
2015-01-23,-1.4381
2015-01-26,0.0561
2015-01-27,-2.9164
2015-01-28,-3.4084
2015-01-29,2.9904
2015-01-30,-3.6005000000000003
2015-02-02,4.0361
2015-02-03,0.7528
2015-02-04,-1.6667
2015-02-05,1.1689
2015-02-06,0.1733
2015-02-09,-1.5571000000000002
2015-02-10,-0.1172
2015-02-11,-1.0557
2015-02-12,1.5412
2015-02-13,0.4086
2015-02-17,1.0465
2015-02-18,-0.2877
2015-02-19,0.5193
2015-02-20,-1.4925
2015-02-23,-0.2914
2015-02-24,1.2858
2015-02-25,-0.2308
2015-02-26,0.0578
2015-02-27,1.6185
2015-03-02,-0.5688
2015-03-03,-2.9748
2015-03-04,-1.1203
2015-03-05,-0.2982
2015-03-06,-0.0598
2015-03-09,0.778
2015-03-10,-1.9596
2015-03-11,-0.0606
2015-03-12,0.8485
2015-03-13,1.8029
2015-03-16,-1.1806
2015-03-17,0.0597
2015-03-18,1.5522
2015-03-19,-0.5879
2015-03-20,3.9622
2015-03-23,0.3982
2015-03-24,1.0198
2015-03-25,-1.1778
2015-03-26,-0.3405
2015-03-27,-0.5695
2015-03-30,0.9781
2015-03-31,0.057
2015-04-01,0.3417
2015-04-02,-0.7378
2015-04-06,-0.3431
2015-04-07,-0.1721
2015-04-08,0.4023
2015-04-09,-0.5724
2015-04-10,-0.6333
2015-04-13,0.0
2015-04-14,-0.5214
2015-04-15,0.8736
2015-04-16,-0.9238
2015-04-17,-2.9138
2015-04-20,1.3806
2015-04-21,0.1184
2015-04-22,-0.0591
2015-04-23,-1.0059
2015-04-24,1.5541
2015-04-27,-0.8829
2015-04-28,1.0689
2015-04-29,-1.4101
2015-04-30,-3.2777
2015-05-01,-0.3697
2015-05-04,-0.3711
2015-05-05,-0.9311
2015-05-06,0.4386
2015-05-07,-0.811
2015-05-08,-0.3145
2015-05-11,-0.0631
2015-05-12,0.2525
2015-05-13,-0.6297
2015-05-14,0.1267
2015-05-15,-1.5823
2015-05-18,0.9003
2015-05-19,1.0198
2015-05-20,-0.3155
2015-05-21,0.6962
2015-05-22,-0.8171
2015-05-26,0.1267
2015-05-27,1.6456
2015-05-28,-0.6849
2015-05-29,-1.1285
2015-06-01,-0.1268
2015-06-02,0.4444
2015-06-03,0.9482
2015-06-04,-1.315
2015-06-05,0.7614
2015-06-08,-0.4408
2015-06-09,0.8223
2015-06-10,1.5684
2015-06-11,0.3706
2015-06-12,-0.8
2015-06-15,2.7295
2015-06-16,-1.087
2015-06-17,-0.4884
2015-06-18,1.2883
2015-06-19,0.4846
2015-06-22,0.7836
2015-06-23,1.1962
2015-06-24,-0.6501
2015-06-25,0.4164
2015-06-26,1.3033000000000001
2015-06-29,-3.2902
2015-06-30,1.3366
2015-07-01,1.7386
2015-07-02,-1.9445999999999999
2015-07-06,-0.1803
2015-07-07,0.3612
2015-07-08,-0.7199
2015-07-09,1.148
2015-07-10,1.7921
2015-07-13,0.0587
2015-07-14,-0.9971
2015-07-15,0.8294
2015-07-16,1.7626
2015-07-17,-1.7898
2015-07-20,-0.1176
2015-07-21,-0.8829
2015-07-22,0.4157
2015-07-23,-0.4731
2015-07-24,-1.0101
2015-07-27,0.4802
2015-07-28,-1.2545
2015-07-29,0.726
2015-07-30,1.2012
2015-07-31,1.3056
2015-08-03,0.3515
2015-08-04,-0.9924
2015-08-05,0.5896
2015-08-06,-0.5862
2015-08-07,0.2358
2015-08-10,0.1765
2015-08-11,0.1174
2015-08-12,-0.2933
2015-08-13,0.0
2015-08-14,1.0588
2015-08-17,-0.0582
2015-08-18,-0.1747
2015-08-19,-0.2334
2015-08-20,-1.9883
2015-08-21,0.2983
2015-08-24,-1.2493
2015-08-25,-1.2048
2015-08-26,2.8659
2015-08-27,0.9484
2015-08-28,-0.4698
2015-08-31,0.413
2015-09-01,-2.4677
2015-09-02,1.4458
2015-09-03,0.3563
2015-09-04,-0.4734
2015-09-08,1.0702
2015-09-09,0.0
2015-09-10,1.4706000000000001
2015-09-11,-0.5217
2015-09-14,-0.1748
2015-09-15,0.8173
2015-09-16,0.2895
2015-09-17,-0.3464
2015-09-18,-2.5492
2015-09-21,1.1891
2015-09-22,-0.7638
2015-09-23,1.2433
2015-09-24,0.3509
2015-09-25,-0.9324
2015-09-28,0.0588
2015-09-29,0.0591
2015-09-30,0.3542
2015-10-01,-0.7647
2015-10-02,-0.7706
2015-10-05,1.7324000000000002
2015-10-06,-0.6459
2015-10-07,1.182
2015-10-08,0.6425
2015-10-09,0.0
2015-10-12,0.9867
2015-10-13,1.4368
2015-10-14,-0.2833
2015-10-15,1.8182
2015-10-16,1.8973
2015-10-19,-0.1643
2015-10-20,0.4937
2015-10-21,-2.1834
2015-10-22,2.9576000000000002
2015-10-23,2.8184
2015-10-26,-0.1581
2015-10-27,-3.1151
2015-10-28,4.2507
2015-10-29,-1.5159
2015-10-30,-1.6454
2015-11-02,1.8349
2015-11-03,-1.0599
2015-11-04,-1.714
2015-11-05,2.7793
2015-11-06,4.719
2015-11-09,-2.6835
2015-11-10,1.9771
2015-11-11,-1.8878
2015-11-12,-0.832
2015-11-13,-0.9439
2015-11-16,0.1059
2015-11-17,0.0529
2015-11-18,1.3214000000000001
2015-11-19,0.2608
2015-11-20,0.7284
2015-11-23,-0.3616
2015-11-24,0.5702
2015-11-25,-0.2062
2015-11-27,1.6012
2015-11-30,-0.9151
2015-12-01,1.8471
2015-12-02,-1.5617
2015-12-03,-1.0747
2015-12-04,2.5867
2015-12-07,-1.6137000000000001
2015-12-08,-2.8191
2015-12-09,-1.635
2015-12-10,-1.0188
2015-12-11,-0.5417
2015-12-14,1.1438
2015-12-15,1.9386
2015-12-16,1.4263
2015-12-17,-3.75
2015-12-18,-0.7576
2015-12-21,1.6358000000000001
2015-12-22,0.5901
2015-12-23,0.64
2015-12-24,0.212
2015-12-28,0.5817
2015-12-29,2.103
2015-12-30,-0.9307
2015-12-31,-2.1921
2016-01-04,-4.2689
2016-01-05,1.8395000000000001
2016-01-06,0.9852
2016-01-07,0.0
2016-01-08,-0.4878
2016-01-11,0.2179
2016-01-12,0.3804
2016-01-13,-0.379
2016-01-14,0.2717
2016-01-15,-1.1381999999999999
2016-01-19,0.8224
2016-01-20,1.4138
2016-01-21,-1.1796
2016-01-22,0.3256
2016-01-25,-0.7572
2016-01-26,1.0899
2016-01-27,-0.5391
2016-01-28,1.6802000000000001
2016-01-29,-0.0533
2016-02-01,-1.3867
2016-02-02,-1.2439
2016-02-03,0.8215
2016-02-04,0.1086
2016-02-05,-0.7054
2016-02-08,1.694
2016-02-09,-0.2687
2016-02-10,-0.8082
2016-02-11,-1.032
2016-02-12,1.6465
2016-02-16,0.9719
2016-02-17,0.0
2016-02-18,0.2674
2016-02-19,-0.0533
2016-02-22,-0.3735
2016-02-23,-0.4821
2016-02-24,-0.6459
2016-02-25,0.9751
2016-02-26,-0.3755
2016-02-29,-0.4308
2016-03-01,2.7042
2016-03-02,0.0
2016-03-03,1.6851
2016-03-04,-0.5697
2016-03-07,-0.7292
2016-03-08,-1.4166
2016-03-09,-0.6386
2016-03-10,0.2678
2016-03-11,0.6944
2016-03-14,-1.061
2016-03-15,-0.1072
2016-03-16,-0.0537
2016-03-17,1.4501
2016-03-18,1.8528
2016-03-21,-1.2993999999999999
2016-03-22,1.8957000000000002
2016-03-23,-2.8424
2016-03-24,-0.266
2016-03-28,0.8533
2016-03-29,0.7932
2016-03-30,0.1054
2016-03-31,-0.7895
2016-04-01,-0.1061
2016-04-04,-0.8497
2016-04-05,-0.1607
2016-04-06,0.2682
2016-04-07,-1.6051
2016-04-08,1.4138
2016-04-11,1.6086
2016-04-12,2.1636
2016-04-13,0.2066
2016-04-14,0.6186
2016-04-15,1.2295
2016-04-18,-0.3543
2016-04-19,1.3713
2016-04-20,1.6533
2016-04-21,-0.69
2016-04-22,1.2903
2016-04-25,-1.7147999999999999
2016-04-26,2.4427
2016-04-27,0.146
2016-04-28,-1.069
2016-04-29,0.1965
2016-05-02,0.4902
2016-05-03,-1.6585
2016-05-04,-0.496
2016-05-05,0.0499
2016-05-06,0.0498
2016-05-09,0.0498
2016-05-10,0.3982
2016-05-11,-1.5369000000000002
2016-05-12,-1.863
2016-05-13,-2.001
2016-05-16,1.8848
2016-05-17,-3.5457
2016-05-18,2.8769
2016-05-19,-1.2947
2016-05-20,1.5739999999999998
2016-05-23,-0.4132
2016-05-24,3.2676
2016-05-25,-0.1005
2016-05-26,-0.905
2016-05-27,-0.2537
2016-05-31,0.3561
2016-06-01,-0.8616
2016-06-02,-0.1534
2016-06-03,-0.5632
2016-06-06,0.4119
2016-06-07,-0.2051
2016-06-08,0.2055
2016-06-09,-0.6154
2016-06-10,-0.7224
2016-06-13,0.7277
2016-06-14,-0.774
2016-06-15,-1.092
2016-06-16,1.2618
2016-06-17,-1.4019
2016-06-20,0.0
2016-06-21,-0.0527
2016-06-22,-4.6365
2016-06-23,1.4917
2016-06-24,-2.0686
2016-06-27,-1.3897
2016-06-28,-1.071
2016-06-29,-0.6869
2016-06-30,1.3256000000000001
2016-07-01,1.3652
2016-07-05,0.0
2016-07-06,-0.3928
2016-07-07,0.2254
2016-07-08,1.7426
2016-07-11,0.3315
2016-07-12,1.1564
2016-07-13,-0.0544
2016-07-14,0.1634
2016-07-15,0.9244
2016-07-18,0.5388
2016-07-19,0.0
2016-07-20,0.0536
2016-07-21,-0.3749
2016-07-22,0.4839
2016-07-25,0.2675
2016-07-26,-0.0534
2016-07-27,0.0
2016-07-28,-0.0534
2016-07-29,0.0
2016-08-01,-1.2286
2016-08-02,0.1082
2016-08-03,-0.3241
2016-08-04,-0.1084
2016-08-05,1.0852
2016-08-08,-0.3757
2016-08-09,0.5388
2016-08-10,-0.2144
2016-08-11,-0.1074
2016-08-12,0.5914
2016-08-15,-0.1069
2016-08-16,0.1605
2016-08-17,-0.2671
2016-08-18,1.2854999999999999
2016-08-19,0.0529
2016-08-22,0.1586
2016-08-23,3.7995
2016-08-24,1.4743
2016-08-25,0.7014
2016-08-26,-0.199
2016-08-29,0.0997
2016-08-30,0.0498
2016-08-31,-0.1991
2016-09-01,-0.6983
2016-09-02,0.7534
2016-09-06,0.2493
2016-09-07,-0.1492
2016-09-08,0.0996
2016-09-09,-1.9403000000000001
2016-09-12,0.3044
2016-09-13,-1.568
2016-09-14,0.0514
2016-09-15,0.4109
2016-09-16,-1.0742
2016-09-19,1.2927
2016-09-20,0.6636
2016-09-21,0.4564
2016-09-22,0.4038
2016-09-23,1.81
2016-09-26,-2.9135999999999997
2016-09-27,0.9156
2016-09-28,0.4032
2016-09-29,-2.1169000000000002
2016-09-30,1.9053
2016-10-03,-1.2127
2016-10-04,0.5115
2016-10-05,1.9847000000000001
2016-10-06,0.6986
2016-10-07,0.0496
2016-10-10,0.4953
2016-10-11,-1.1336
2016-10-12,0.5982
2016-10-13,-1.8335
2016-10-14,0.6058
2016-10-17,-0.4014
2016-10-18,0.5542
2016-10-19,1.2024
2016-10-20,0.0
2016-10-21,0.0495
2016-10-24,-0.099
2016-10-25,0.3962
2016-10-26,-1.036
2016-10-27,-0.1994
2016-10-28,-1.3487
2016-10-31,0.1013
2016-11-01,-0.5058
2016-11-02,0.2542
2016-11-03,0.0507
2016-11-04,-0.2534
2016-11-07,3.5568999999999997
2016-11-08,-0.0491
2016-11-09,3.6818999999999997
2016-11-10,3.2197
2016-11-11,0.4587
2016-11-14,0.4566
2016-11-15,0.0455
2016-11-16,0.9087
2016-11-17,1.8010000000000002
2016-11-18,3.3613
2016-11-21,2.4818
2016-11-22,3.9666
2016-11-23,0.7229
2016-11-25,0.9171
2016-11-28,-0.4741
2016-11-29,0.0397
2016-11-30,-0.7937
2016-12-01,1.48
2016-12-02,-1.8132000000000001
2016-12-05,2.2079
2016-12-06,0.0
2016-12-07,0.0786
2016-12-08,2.237
2016-12-09,1.6122999999999998
2016-12-12,-0.4911
2016-12-13,0.4176
2016-12-14,0.5293
2016-12-15,0.9402
2016-12-16,1.3785
2016-12-19,1.6171
2016-12-20,2.6763
2016-12-21,-1.6202999999999999
2016-12-22,-1.0025
2016-12-23,0.3255
2016-12-27,0.9373
2016-12-28,-0.9643
2016-12-29,-0.7595
2016-12-30,-1.0933
2017-01-03,-0.5158
2017-01-04,1.037
2017-01-05,-0.0733
2017-01-06,0.0367
2017-01-09,-1.0634
2017-01-10,-0.4633
2017-01-11,6.2744
2017-01-12,-2.6279
2017-01-13,0.072
2017-01-17,-1.0787
2017-01-18,0.727
2017-01-19,0.1444
2017-01-20,1.045
2017-01-23,-0.1427
2017-01-24,2.0357
2017-01-25,1.7151
2017-01-26,1.755
2017-01-27,0.5073
2017-01-30,-1.8506
2017-01-31,0.3428
2017-02-01,2.3574
2017-02-02,-2.0027
2017-02-03,4.2234
2017-02-06,-1.8954
2017-02-07,0.3997
2017-02-08,-0.6636
2017-02-09,0.3674
2017-02-10,0.9651
2017-02-13,0.1648
2017-02-14,0.4936
2017-02-15,1.0478
2017-02-16,0.2916
2017-02-17,0.0
2017-02-21,0.517
2017-02-22,-0.7072
2017-02-23,0.0324
2017-02-24,-0.0647
2017-02-27,-1.2953000000000001
2017-02-28,-1.4108
2017-03-01,1.6306
2017-03-02,-1.8336999999999999
2017-03-03,0.5003
2017-03-06,0.0664
2017-03-07,-1.3267
2017-03-08,-0.605
2017-03-09,-0.372
2017-03-10,-2.3082
2017-03-13,0.6949
2017-03-14,-0.5866
2017-03-15,-0.5554
2017-03-16,0.2792
2017-03-17,2.1232
2017-03-20,-1.2952
2017-03-21,-3.3149
2017-03-22,0.1071
2017-03-23,2.7471
2017-03-24,0.5556
2017-03-27,-0.3453
2017-03-28,0.693
2017-03-29,-0.1032
2017-03-30,2.1416
2017-03-31,-0.9469
2017-04-03,-1.0925
2017-04-04,0.6904
2017-04-05,-1.8512
2017-04-06,0.6986
2017-04-07,-0.4856
2017-04-10,-0.8365
2017-04-11,1.1599
2017-04-12,-1.2856
2017-04-13,0.7392
2017-04-17,1.2229
2017-04-18,-0.7249
2017-04-19,0.8345
2017-04-20,3.3448
2017-04-21,1.001
2017-04-24,2.5107
2017-04-25,2.2881
2017-04-26,-0.7561
2017-04-27,-2.7937
2017-04-28,-1.8942
2017-05-01,0.6991
2017-05-02,-3.9339
2017-05-03,1.0323
2017-05-04,2.0095
2017-05-05,0.0668
2017-05-08,-0.1335
2017-05-09,-1.2696
2017-05-10,0.2707
2017-05-11,-1.6875
2017-05-12,-0.7896
2017-05-15,0.4152
2017-05-16,-0.5858
2017-05-17,-2.9463
2017-05-18,0.7143
2017-05-19,-0.1773
2017-05-22,0.2842
2017-05-23,1.7003
2017-05-24,0.8359
2017-05-25,-1.2435
2017-05-26,-0.6995
2017-05-30,-1.3737
2017-05-31,-0.8571
2017-06-01,2.9899
2017-06-02,0.6995
2017-06-05,-2.6051
2017-06-06,1.3552
2017-06-07,-0.1759
2017-06-08,2.5379
2017-06-09,6.2564
2017-06-12,0.2912
2017-06-13,2.2258
2017-06-14,0.4102
2017-06-15,-0.7542
2017-06-16,-1.3933
2017-06-19,0.0642
2017-06-20,-1.6688
2017-06-21,-1.1423
2017-06-22,-0.2641
2017-06-23,0.0662
2017-06-26,-0.2977
2017-06-27,0.5309
2017-06-28,3.5314
2017-06-29,1.3742
2017-06-30,-1.4502
2017-07-03,1.1516
2017-07-05,-0.6325
2017-07-06,-0.3501
2017-07-07,0.8304
2017-07-10,-1.3937
2017-07-11,-1.2207
2017-07-12,1.4309
2017-07-13,-0.4489
2017-07-14,-0.7407
2017-07-17,0.1947
2017-07-18,0.1619
2017-07-19,0.388
2017-07-20,-0.3543
2017-07-21,-0.3878
2017-07-24,0.9085
2017-07-25,1.9936
2017-07-26,1.1034
2017-07-27,-1.7774
2017-07-28,-0.0952
2017-07-31,-0.5402
2017-08-01,1.7252
2017-08-02,-0.5653
2017-08-03,-0.2211
2017-08-04,0.0
2017-08-07,0.0633
2017-08-08,0.348
2017-08-09,-0.7881
2017-08-10,-2.4468
2017-08-11,-2.215
2017-08-14,1.5989
2017-08-15,0.2295
2017-08-16,0.6215
2017-08-17,-1.2029
2017-08-18,0.1316
2017-08-21,0.2629
2017-08-22,0.4589
2017-08-23,0.0653
2017-08-24,0.4891
2017-08-25,-0.0324
2017-08-28,-0.2921
2017-08-29,0.7813
2017-08-30,0.2261
2017-08-31,-0.29
2017-09-01,0.808
2017-09-05,-2.2122
2017-09-06,0.0
2017-09-07,-1.377
2017-09-08,1.363
2017-09-11,1.9679
2017-09-12,-0.386
2017-09-13,0.4843
2017-09-14,0.2249
2017-09-15,0.7054
2017-09-18,1.9102000000000001
2017-09-19,0.2812
2017-09-20,0.5607
2017-09-21,1.3011
2017-09-22,1.1927
2017-09-25,-0.3626
2017-09-26,0.6066
2017-09-27,1.8089
2017-09-28,1.6287
2017-09-29,0.4965
2017-10-02,2.4412
2017-10-03,1.4752
2017-10-04,-2.1247
2017-10-05,0.657
2017-10-06,0.3973
2017-10-09,0.3392
2017-10-10,-0.0563
2017-10-11,-0.2255
2017-10-12,0.0565
2017-10-13,0.0847
2017-10-16,1.1001
2017-10-17,-1.1161
2017-10-18,0.395
2017-10-19,0.1686
2017-10-20,-0.1403
2017-10-23,-0.8991
2017-10-24,-0.5387
2017-10-25,3.3352
2017-10-26,1.2690000000000001
2017-10-27,1.3348
2017-10-30,-1.9624000000000001
2017-10-31,0.6307
2017-11-01,-0.7357
2017-11-02,1.4548
2017-11-03,-0.3247
2017-11-06,-0.19
2017-11-07,-2.638
2017-11-08,-1.4804
2017-11-09,-1.7579
2017-11-10,0.3175
2017-11-13,1.1795
2017-11-14,1.1942
2017-11-15,1.3768
2017-11-16,-0.0277
2017-11-17,0.6376
2017-11-20,1.1846
2017-11-21,1.1435
2017-11-22,-0.646
2017-11-24,-0.7315
2017-11-27,-0.191
2017-11-28,1.9415
2017-11-29,4.1309
2017-11-30,-2.3699
2017-12-01,-0.1847
2017-12-04,1.1895
2017-12-05,-0.9927
2017-12-06,-0.4485
2017-12-07,0.8481
2017-12-08,-1.498
2017-12-11,-1.841
2017-12-12,0.4349
2017-12-13,-0.8931
2017-12-14,-1.3108
2017-12-15,1.6324999999999998
2017-12-18,-0.5173
2017-12-19,-0.9579
2017-12-20,-0.5526
2017-12-21,2.1951
2017-12-22,-1.4138
2017-12-26,-1.4892
2017-12-27,-0.6439
2017-12-28,0.7608
2017-12-29,-1.037
2018-01-02,1.0479
2018-01-03,-0.4765
2018-01-04,1.6052
2018-01-05,0.4157
2018-01-08,-1.5181
2018-01-09,0.2803
2018-01-10,1.062
2018-01-11,1.7699
2018-01-12,0.462
2018-01-16,-0.8926
2018-01-17,0.8461
2018-01-18,-1.9485999999999999
2018-01-19,1.9321000000000002
2018-01-22,-0.5416
2018-01-23,-0.2723
2018-01-24,-0.3549
2018-01-25,0.0548
2018-01-26,-0.7941
2018-01-29,0.1932
2018-01-30,0.551
2018-01-31,-0.274
2018-02-01,1.5110000000000001
2018-02-02,-0.1083
2018-02-05,-4.3891
2018-02-06,-0.9918
2018-02-07,-0.1717
2018-02-08,-1.5482
2018-02-09,1.2812999999999999
2018-02-12,0.1438
2018-02-13,0.0
2018-02-14,1.7227000000000001
2018-02-15,0.254
2018-02-16,1.4077
2018-02-20,-1.2215
2018-02-21,0.5902
2018-02-22,-1.1456
2018-02-23,0.961
2018-02-26,-0.028
2018-02-27,-1.8202
2018-02-28,-1.2265
2018-03-01,-0.2888
2018-03-02,1.0715
2018-03-05,1.9771
2018-03-06,1.6859
2018-03-07,0.9119
2018-03-08,-0.6846
2018-03-09,2.5365
2018-03-12,0.6453
2018-03-13,0.1603
2018-03-14,-2.1339
2018-03-15,1.0084
2018-03-16,0.4587
2018-03-19,0.0269
2018-03-20,-1.0741
2018-03-21,0.6515
2018-03-22,-2.8317
2018-03-23,-2.7199999999999998
2018-03-26,2.368
2018-03-27,-0.8361
2018-03-28,1.321
2018-03-29,-0.8345
2018-04-02,-1.5147
2018-04-03,1.3671
2018-04-04,1.5453999999999999
2018-04-05,1.3558
2018-04-06,-2.7573
2018-04-09,0.7019
2018-04-10,1.2824
2018-04-11,-0.523
2018-04-12,0.9131
2018-04-13,-1.1242
2018-04-16,1.4143
2018-04-17,-2.1329
2018-04-18,0.0838
2018-04-19,1.4796
2018-04-20,0.8528
2018-04-23,0.5456
2018-04-24,0.4883
2018-04-25,5.5616
2018-04-26,0.4604
2018-04-27,-1.502
2018-04-30,-1.3957
2018-05-01,0.6029
2018-05-02,-0.1824
2018-05-03,-0.496
2018-05-04,1.7576
2018-05-07,0.4125
2018-05-08,1.6688
2018-05-09,1.2374
2018-05-10,0.3492
2018-05-11,0.0746
2018-05-14,-0.8197
2018-05-15,0.8515
2018-05-16,1.0678
2018-05-17,1.2039
2018-05-18,-1.1411
2018-05-21,1.3016
2018-05-22,0.0485
2018-05-23,0.1696
2018-05-24,-0.2661
2018-05-25,-0.2425
2018-05-29,-0.5106
2018-05-30,2.1261
2018-05-31,-0.4307
2018-06-01,0.769
2018-06-04,0.477
2018-06-05,-0.5459
2018-06-06,1.599
2018-06-07,-0.5403
2018-06-08,-0.1889
2018-06-11,-0.9938
2018-06-12,-0.6692
2018-06-13,0.0
2018-06-14,-0.2647
2018-06-15,0.7238
2018-06-18,0.1916
2018-06-19,1.5539
2018-06-20,0.306
2018-06-21,-0.7041
2018-06-22,-1.2054
2018-06-25,-0.2871
2018-06-26,1.2716
2018-06-27,-2.5586
2018-06-28,-0.0486
2018-06-29,-0.2438
2018-07-02,0.5622
2018-07-03,0.0729
2018-07-05,0.5587
2018-07-06,0.7246
2018-07-09,1.7026
2018-07-10,-2.7588
2018-07-11,0.4122
2018-07-12,-0.9177
2018-07-13,-1.4136
2018-07-16,1.1619
2018-07-17,-0.5132
2018-07-18,0.4667
2018-07-19,0.4645
2018-07-20,0.3407
2018-07-23,1.3825
2018-07-24,-0.7895
2018-07-25,3.4965
2018-07-26,-0.8854
2018-07-27,-1.4104
2018-07-30,-1.0968
2018-07-31,-0.1446
2018-08-01,0.9899
2018-08-02,1.4583
2018-08-03,-2.1206
2018-08-06,-0.0722
2018-08-07,-0.5059
2018-08-08,0.4358
2018-08-09,-0.3375
2018-08-10,0.0
2018-08-13,-0.2903
2018-08-14,1.2373
2018-08-15,-1.3899
2018-08-16,2.6731
2018-08-17,0.1893
2018-08-20,0.1654
2018-08-21,1.1792
2018-08-22,0.1399
2018-08-23,-0.1397
2018-08-24,-0.1515
2018-08-27,-1.0155
2018-08-28,-1.2972000000000001
2018-08-29,-0.5735
2018-08-30,-0.1442
2018-08-31,0.4091
2018-09-04,0.2876
2018-09-05,0.1673
2018-09-06,-0.6442
2018-09-07,0.2642
2018-09-10,-0.8144
2018-09-11,-0.2656
2018-09-12,-1.7433
2018-09-13,-1.6511
2018-09-14,0.4761
2018-09-17,-0.9975
2018-09-18,-0.3778
2018-09-19,0.4804
2018-09-20,2.0886
2018-09-21,0.2465
2018-09-24,-1.254
2018-09-25,0.2241
2018-09-26,-1.3665
2018-09-27,0.8312
2018-09-28,1.4525000000000001
2018-10-01,-2.666
2018-10-02,-1.0905
2018-10-03,2.641
2018-10-04,0.4996
2018-10-05,-0.2734
2018-10-08,2.7418
2018-10-09,0.0243
2018-10-10,0.0485
2018-10-11,-1.3091
2018-10-12,-3.9057
2018-10-15,0.2812
2018-10-16,1.351
2018-10-17,-0.2012
2018-10-18,-0.3276
2018-10-19,-0.2781
2018-10-22,-4.1836
2018-10-23,-2.3022
2018-10-24,-5.5796
2018-10-25,1.9792999999999998
2018-10-26,-0.1406
2018-10-29,1.831
2018-10-30,0.7746
2018-10-31,1.2627
2018-11-01,1.2741
2018-11-02,0.803
2018-11-05,0.6904
2018-11-06,1.5295
2018-11-07,1.1429
2018-11-08,-0.3852
2018-11-09,-1.7788
2018-11-12,0.2362
2018-11-13,1.7282
2018-11-14,-2.0335
2018-11-15,2.7588
2018-11-16,0.6137
2018-11-19,0.432
2018-11-20,-0.8856
2018-11-21,-0.0511
2018-11-23,0.8685
2018-11-26,0.4811
2018-11-27,-0.6552
2018-11-28,1.6235
2018-11-29,-0.8487
2018-11-30,0.7553
2018-12-03,-1.2744
2018-12-04,-6.9350000000000005
2018-12-06,-2.1213
2018-12-07,-0.7224
2018-12-10,-1.9032
2018-12-11,-0.6277
2018-12-12,1.4068
2018-12-13,-1.9819
2018-12-14,-2.513
2018-12-17,-1.0963
2018-12-18,-0.689
2018-12-19,-3.6802
2018-12-20,0.6577
2018-12-21,-0.7778
2018-12-24,-2.4773
2018-12-26,4.8875
2018-12-27,-0.8277
2018-12-28,0.9892
2018-12-31,0.2763
2019-01-02,0.4287
2019-01-03,-2.2256
2019-01-04,2.5257
2019-01-07,1.1861
2019-01-08,1.6231
2019-01-09,0.0
2019-01-10,0.0296
2019-01-11,1.2419
2019-01-14,1.5771
2019-01-15,0.6038
2019-01-16,2.0292
2019-01-17,0.3641
2019-01-18,0.921
2019-01-22,-0.6637
2019-01-23,-0.8073
2019-01-24,3.817
2019-01-25,2.8116
2019-01-28,-1.3673
2019-01-29,0.6132
2019-01-30,-1.3778000000000001
2019-01-31,-1.209
2019-02-01,0.7343
2019-02-04,1.0259
2019-02-05,-0.5879
2019-02-06,1.4785
2019-02-07,-0.053
2019-02-08,-0.318
2019-02-11,0.8242
2019-02-12,0.7384
2019-02-13,0.1309
2019-02-14,-1.2810000000000001
2019-02-15,2.0657
2019-02-19,0.986
2019-02-20,0.4882
2019-02-21,-0.3324
2019-02-22,0.744
2019-02-25,1.095
2019-02-26,-1.7631999999999999
2019-02-27,0.3846
2019-02-28,0.1022
2019-03-01,-0.051
2019-03-04,-0.9191
2019-03-05,-0.2577
2019-03-06,-2.4025
2019-03-07,-1.9851999999999999
2019-03-08,0.9452
2019-03-11,1.0166
2019-03-12,-0.8739
2019-03-13,0.2939
2019-03-14,-0.2131
2019-03-15,-0.3203
2019-03-18,0.2946
2019-03-19,-2.8571
2019-03-20,-1.9790999999999999
2019-03-21,-1.346
2019-03-22,-4.747
2019-03-25,1.8502
2019-03-26,1.7873
2019-03-27,-0.7196
2019-03-28,1.0728
2019-03-29,0.0576
2019-04-01,2.1577
2019-04-02,-0.4506
2019-04-03,0.198
2019-04-04,1.581
2019-04-05,0.7504
2019-04-08,0.1931
2019-04-09,-1.2389999999999999
2019-04-10,1.3382
2019-04-11,0.4952
2019-04-12,0.2737
2019-04-15,-1.4742
2019-04-16,1.4408
2019-04-17,0.1912
2019-04-18,-0.518
2019-04-22,-1.0414
2019-04-23,1.2462
2019-04-24,2.1882
2019-04-25,0.1338
2019-04-26,1.8979
2019-04-29,0.2623
2019-04-30,-0.8111
2019-05-01,0.4484
2019-05-02,-0.1313
2019-05-03,3.0239
2019-05-06,0.2552
2019-05-07,-2.2149
2019-05-08,-1.9787
2019-05-09,0.2125
2019-05-10,0.0
2019-05-13,-3.525
2019-05-14,1.8681
2019-05-15,-0.7821
2019-05-16,0.1359
2019-05-17,-0.7872
2019-05-20,0.3283
2019-05-21,-0.1091
2019-05-22,-0.6006
2019-05-23,-1.7578
2019-05-24,1.5935000000000001
2019-05-28,-0.5779
2019-05-29,0.6643
2019-05-30,-1.8422
2019-05-31,-0.8123
2019-06-03,0.9884
2019-06-04,1.5101
2019-06-05,-0.8815
2019-06-06,0.1668
2019-06-07,-0.444
2019-06-10,0.864
2019-06-11,0.2763
2019-06-12,-0.6889
2019-06-13,1.0266
2019-06-14,-0.6042
2019-06-17,-0.5803
2019-06-18,0.945
2019-06-19,0.2203
2019-06-20,-1.044
2019-06-21,-0.6108
2019-06-24,0.5587
2019-06-25,-0.9722
2019-06-26,0.0561
2019-06-27,1.5419
2019-06-28,0.8864
2019-07-01,1.4552
2019-07-02,-1.7862
2019-07-03,0.5511
2019-07-05,0.6029
2019-07-08,-1.3075
2019-07-09,-0.4692
2019-07-10,-1.0815
2019-07-11,-0.3084
2019-07-12,1.5748
2019-07-15,-1.9102999999999999
2019-07-16,-0.1976
2019-07-17,-1.3292
2019-07-18,0.6592
2019-07-19,0.1708
2019-07-22,-0.7675
2019-07-23,0.0286
2019-07-24,1.9186999999999999
2019-07-25,2.3602
2019-07-26,3.0195
2019-07-29,-2.1583
2019-07-30,1.4978
2019-07-31,-0.8854
2019-08-01,-2.0574
2019-08-02,-1.2438
2019-08-05,-2.9667
2019-08-06,1.7306
2019-08-07,-0.3402
2019-08-08,2.9587
2019-08-09,-0.4421
2019-08-12,-0.6106
2019-08-13,0.8657
2019-08-14,-1.7442
2019-08-15,-0.2818
2019-08-16,2.6279
2019-08-19,1.3216
2019-08-20,-2.7989
2019-08-21,0.7269
2019-08-22,-0.5828
2019-08-23,-3.043
2019-08-26,1.4973
2019-08-27,-1.5319
2019-08-28,0.8643
2019-08-29,0.4856
2019-08-30,0.1137
2019-09-03,-1.9306999999999999
2019-09-04,-0.2895
2019-09-05,1.3066
2019-09-06,-1.0318
2019-09-09,2.4327
2019-09-10,0.8199
2019-09-11,1.346
2019-09-12,1.5495
2019-09-13,1.2262
2019-09-16,-0.0808
2019-09-17,-0.4849
2019-09-18,0.6497
2019-09-19,-1.5062
2019-09-20,0.3004
2019-09-23,-0.2723
2019-09-24,-1.911
2019-09-25,1.1689
2019-09-26,-0.2476
2019-09-27,-0.3585
2019-09-30,-0.3055
2019-10-01,-1.3092
2019-10-02,-0.6209
2019-10-03,-0.284
2019-10-04,1.1393
2019-10-07,0.2534
2019-10-08,-2.4157
2019-10-09,0.1727
2019-10-10,1.0632
2019-10-11,1.4501
2019-10-14,0.3643
2019-10-15,1.3683
2019-10-16,0.1928
2019-10-17,0.3024
2019-10-18,0.7127
2019-10-21,1.3336999999999999
2019-10-22,0.4029
2019-10-23,-0.428
2019-10-24,-0.2687
2019-10-25,0.7543
2019-10-28,1.3904
2019-10-29,0.712
2019-10-30,-0.9165
2019-10-31,-0.2378
2019-11-01,0.7417
2019-11-04,1.2622
2019-11-05,1.0127
2019-11-06,-0.874
2019-11-07,-0.1297
2019-11-08,0.805
2019-11-11,-0.8758
2019-11-12,-0.2339
2019-11-13,-0.6512
2019-11-14,0.3408
2019-11-15,-0.6271
2019-11-18,0.5259
2019-11-19,0.7847
2019-11-20,-0.3634
2019-11-21,0.1823
2019-11-22,0.052
2019-11-25,2.2609
2019-11-26,-0.2541
2019-11-27,0.4331
2019-11-29,-0.8118
2019-12-02,-0.2558
2019-12-03,-0.8846
2019-12-04,1.0477
2019-12-05,0.8961
2019-12-06,0.9388
2019-12-09,-0.3771
2019-12-10,0.3028
2019-12-11,-0.0755
2019-12-12,1.4099
2019-12-13,-0.0248
2019-12-16,0.6456
2019-12-17,0.6662
2019-12-18,0.2941
2019-12-19,0.391
2019-12-20,-0.1704
2019-12-23,-0.9998
2019-12-24,0.1724
2019-12-26,-0.6639
2019-12-27,-0.7178
2019-12-30,0.5984
2019-12-31,-0.6472
2020-01-02,-0.1253
2020-01-03,-1.0537
2020-01-06,-0.8621
2020-01-07,-0.2558
2020-01-08,0.0
2020-01-09,-0.5385
2020-01-10,-1.1343
2020-01-13,0.7301
2020-01-14,-0.8025
2020-01-15,-0.8873
2020-01-16,1.1585
2020-01-17,-0.0781
2020-01-21,-1.5629
2020-01-22,-1.0585
2020-01-23,-3.6372999999999998
2020-01-24,1.249
2020-01-27,-1.5351
2020-01-28,0.5568
2020-01-29,-1.2735
2020-01-30,1.2619
2020-01-31,-1.7447
2020-02-03,0.8174
2020-02-04,1.4537
2020-02-05,1.984
2020-02-06,0.2432
2020-02-07,-0.3504
2020-02-10,-0.2434
2020-02-11,1.0033
2020-02-12,0.1879
2020-02-13,0.1876
2020-02-14,-1.4442
2020-02-18,-0.9227
2020-02-19,0.1369
2020-02-20,0.2735
2020-02-21,0.0
2020-02-24,-2.2368
2020-02-25,-2.7344
2020-02-26,-1.463
2020-02-27,-3.1732
2020-02-28,-3.4877000000000002
2020-03-02,4.4237
2020-03-03,-3.9081
2020-03-04,0.2173
2020-03-05,-4.9566
2020-03-06,-3.1943
2020-03-09,-11.4141
2020-03-10,4.0669
2020-03-11,-6.1359
2020-03-12,-8.0545
2020-03-13,5.5438
2020-03-16,-8.2197
2020-03-17,9.4801
2020-03-18,-22.9449
2020-03-19,11.2377
2020-03-20,-2.5605
2020-03-23,-1.6245
2020-03-24,5.7795
2020-03-25,-5.7851
2020-03-26,7.7485
2020-03-27,-4.6585
2020-03-30,7.0683
2020-03-31,3.0817
2020-04-01,-6.1092
2020-04-02,0.0461
2020-04-03,-3.4133
2020-04-06,7.7364
2020-04-07,0.2216
2020-04-08,3.4939999999999998
2020-04-09,11.1538
2020-04-13,-6.1515
2020-04-14,-1.5567
2020-04-15,-8.3229
2020-04-16,-6.2188
2020-04-17,13.1171
2020-04-20,-2.0967
2020-04-21,-1.049
2020-04-22,-0.7509
2020-04-23,0.9791
2020-04-24,1.7629000000000001
2020-04-27,7.9254999999999995
2020-04-28,1.9262000000000001
2020-04-29,13.189
2020-04-30,-7.513
2020-05-01,-4.9643
2020-05-04,0.0791
2020-05-05,-4.7054
2020-05-06,-5.7676
2020-05-07,1.0128
2020-05-08,7.1927
2020-05-11,-6.7914
2020-05-12,-5.4538
2020-05-13,-4.8916
2020-05-14,-0.4367
2020-05-15,3.6062
2020-05-18,11.3358
2020-05-19,-6.8441
2020-05-20,4.9887
2020-05-21,-0.9935
2020-05-22,-0.8726
2020-05-26,9.9032
2020-05-27,9.2111
2020-05-28,-5.6838999999999995
2020-05-29,-1.1663999999999999
2020-06-01,-2.1637
2020-06-02,-1.5682
2020-06-03,8.7418
2020-06-04,-0.3005
2020-06-05,7.9879
2020-06-08,0.9072
2020-06-09,0.4149
2020-06-10,-8.7121
2020-06-11,-8.3742
2020-06-12,3.2524
2020-06-15,-0.319
2020-06-16,4.88
2020-06-17,-5.9497
2020-06-18,-3.8118
2020-06-19,-2.1501
2020-06-22,2.1542
2020-06-23,0.5905
2020-06-24,-5.4507
2020-06-25,5.0111
2020-06-26,-4.0118
2020-06-29,7.8751
2020-06-30,3.0403000000000002
2020-07-01,-7.8947
2020-07-02,-0.6494
2020-07-06,0.6536
2020-07-07,-4.4156
2020-07-08,-1.4946
2020-07-09,-4.5977
2020-07-10,5.5422
2020-07-13,1.9635
2020-07-14,-1.8361
2020-07-15,7.0255
2020-07-16,-0.5968
2020-07-17,-2.7873
2020-07-20,-3.573
2020-07-21,5.0091
2020-07-22,-2.7663
2020-07-23,1.0753
2020-07-24,1.6844000000000001
2020-07-27,-4.8387
2020-07-28,-0.962
2020-07-29,-1.6189
2020-07-30,-0.141
2020-07-31,-2.7307
