ticker,OIIM US Equity
field,DAY_TO_DAY_TOT_RETURN_GROSS_DVDS
date,
2000-08-23,130.7292
2000-08-24,-11.2114
2000-08-25,-5.0847
2000-08-28,12.2321
2000-08-29,-1.0342
2000-08-30,16.3987
2000-08-31,12.7072
2000-09-01,0.4902
2000-09-05,-1.9512
2000-09-06,-8.7065
2000-09-07,0.2725
2000-09-08,3.2609
2000-09-11,9.473700000000001
2000-09-12,-11.7788
2000-09-13,-1.6349
2000-09-14,4.1551
2000-09-15,-2.1277
2000-09-18,-13.8587
2000-09-19,0.9464
2000-09-20,-8.125
2000-09-21,-3.4013999999999998
2000-09-22,-4.2254
2000-09-25,6.9853
2000-09-26,-7.2165
2000-09-27,-5.1852
2000-09-28,0.0
2000-09-29,7.5195
2000-10-02,-24.4323
2000-10-03,-1.4423
2000-10-04,2.9268
2000-10-05,3.7915
2000-10-06,2.2831
2000-10-09,-3.5714
2000-10-10,0.0
2000-10-11,-8.3333
2000-10-12,-13.1313
2000-10-13,4.6512
2000-10-16,0.0
2000-10-17,5.0
2000-10-18,-10.0529
2000-10-19,15.2941
2000-10-20,-1.0204
2000-10-23,-5.1546
2000-10-24,2.7174
2000-10-25,-3.7037
2000-10-26,-15.9341
2000-10-27,4.5752
2000-10-30,-0.625
2000-10-31,1.2579
2000-11-01,4.3478
2000-11-02,4.7619
2000-11-03,-1.2784
2000-11-06,0.7194
2000-11-07,-4.0
2000-11-08,-2.3810000000000002
2000-11-09,-1.2195
2000-11-10,-2.4691
2000-11-13,0.6329
2000-11-14,10.0629
2000-11-15,6.8571
2000-11-16,8.5561
2000-11-17,-8.3744
2000-11-20,-3.2258
2000-11-21,-8.3333
2000-11-22,-4.2424
2000-11-24,-1.2658
2000-11-27,-2.5641
2000-11-28,3.9474
2000-11-29,-1.2658
2000-11-30,-2.5641
2000-12-01,5.2632
2000-12-04,-3.125
2000-12-05,10.9677
2000-12-06,-1.1628
2000-12-07,5.8824
2000-12-08,6.6667
2000-12-11,-11.4583
2000-12-12,-18.8235
2000-12-13,-16.3043
2000-12-14,-1.2987
2000-12-15,0.0
2000-12-18,1.7544
2000-12-19,-1.7241
2000-12-20,1.7544
2000-12-21,-6.8966
2000-12-22,7.4074
2000-12-26,1.7241
2000-12-27,-3.3898
2000-12-28,7.0175
2000-12-29,-1.6393
2001-01-02,-3.3333
2001-01-03,-1.7241
2001-01-04,5.2632
2001-01-05,-5.0
2001-01-08,1.7544
2001-01-09,8.6207
2001-01-10,7.9365
2001-01-11,14.7059
2001-01-12,5.1282
2001-01-16,-9.7561
2001-01-17,1.3514
2001-01-18,2.6667
2001-01-19,14.2857
2001-01-22,-3.9773
2001-01-23,5.3254
2001-01-24,7.8652
2001-01-25,-6.7708
2001-01-26,-0.5587
2001-01-29,3.9326
2001-01-30,5.9459
2001-01-31,14.1582
2001-02-01,-10.6145
2001-02-02,7.0
2001-02-05,-9.3458
2001-02-06,-5.6701
2001-02-07,-3.8251
2001-02-08,1.1364
2001-02-09,-3.3708
2001-02-12,-0.5814
2001-02-13,4.0936
2001-02-14,-2.2472
2001-02-15,1.1494
2001-02-16,-13.6364
2001-02-20,-11.8421
2001-02-21,-16.0448
2001-02-22,-0.4444
2001-02-23,25.0
2001-02-26,-2.8571
2001-02-27,-3.6765
2001-02-28,3.8167999999999997
2001-03-01,-4.4118
2001-03-02,4.6154
2001-03-05,-8.8235
2001-03-06,6.4516
2001-03-07,3.0303
2001-03-08,1.4706000000000001
2001-03-09,-3.6231999999999998
2001-03-12,-5.2632
2001-03-13,-3.1746
2001-03-14,0.0
2001-03-15,0.0
2001-03-16,-0.8197
2001-03-19,0.8264
2001-03-20,-3.2787
2001-03-21,-0.8475
2001-03-22,-5.9829
2001-03-23,-7.2727
2001-03-26,-7.8431
2001-03-27,-3.7234
2001-03-28,-1.6575
2001-03-29,-1.1236
2001-03-30,6.8182
2001-04-02,0.5319
2001-04-03,-2.6455
2001-04-04,-4.3478
2001-04-05,3.4091
2001-04-06,-3.2967
2001-04-09,4.5455
2001-04-10,3.6522
2001-04-11,9.0604
2001-04-12,7.5385
2001-04-16,-2.289
2001-04-17,0.2928
2001-04-18,4.5255
2001-04-19,4.4693
2001-04-20,2.2727
2001-04-23,-1.1764999999999999
2001-04-24,1.8519
2001-04-25,2.5974
2001-04-26,5.0633
2001-04-27,4.8193
2001-04-30,3.908
2001-05-01,1.7699
2001-05-02,6.1413
2001-05-03,-6.8100000000000005
2001-05-04,-1.0989
2001-05-07,5.5556
2001-05-08,1.0526
2001-05-09,-1.0417
2001-05-10,-0.2105
2001-05-11,0.0
2001-05-14,-1.8987
2001-05-15,-0.5376
2001-05-16,0.6486
2001-05-17,0.9667
2001-05-18,-0.1064
2001-05-21,0.1065
2001-05-22,-0.5319
2001-05-23,2.6738
2001-05-24,22.9167
2001-05-25,-6.5254
2001-05-29,-5.621
2001-05-30,-2.6897
2001-05-31,-0.1974
2001-06-01,-0.0989
2001-06-04,0.0
2001-06-05,7.6238
2001-06-06,1.196
2001-06-07,5.6364
2001-06-08,-1.2909
2001-06-11,-0.3487
2001-06-12,-2.3622
2001-06-13,-0.448
2001-06-14,0.45
2001-06-15,0.8065
2001-06-18,-0.3556
2001-06-19,-3.6574
2001-06-20,-0.7407
2001-06-21,-0.1866
2001-06-22,-0.0935
2001-06-25,-0.2806
2001-06-26,0.0
2001-06-27,2.2514
2001-06-28,0.8257
2001-06-29,0.091
2001-07-02,-0.6364
2001-07-03,-1.1894
2001-07-05,-0.7407
2001-07-06,-3.2649
2001-07-09,-3.4716
2001-07-10,4.3956
2001-07-11,2.6794000000000002
2001-07-12,8.7605
2001-07-13,9.94
2001-07-16,-0.6235
2001-07-17,-1.5686
2001-07-18,-5.3386
2001-07-19,3.5354
2001-07-20,0.1626
2001-07-23,-2.3539
2001-07-24,-0.5819
2001-07-25,-0.9197
2001-07-26,0.1688
2001-07-27,6.3184000000000005
2001-07-30,2.2187
2001-07-31,-2.7907
2001-08-01,6.7783
2001-08-02,4.5556
2001-08-03,4.7857
2001-08-06,-1.0907
2001-08-07,3.377
2001-08-08,3.6667
2001-08-09,6.1049
2001-08-10,2.4285
2001-08-13,1.7751000000000001
2001-08-14,-1.3953
2001-08-15,-2.2406
2001-08-16,-1.5078
2001-08-17,-2.0208
2001-08-20,0.3055
2001-08-21,-0.0148
2001-08-22,-0.2898
2001-08-23,-0.625
2001-08-24,3.7579000000000002
2001-08-27,2.3791
2001-08-28,-3.8484
2001-08-29,0.3695
2001-08-30,-2.2086
2001-08-31,-0.2509
2001-09-04,-4.9686
2001-09-05,-15.9497
2001-09-06,-8.4252
2001-09-07,7.7386
2001-09-10,3.336
2001-09-17,-11.1832
2001-09-18,-2.8696
2001-09-19,-3.3303
2001-09-20,0.9446
2001-09-21,0.0
2001-09-24,21.2844
2001-09-25,2.118
2001-09-26,-8.2963
2001-09-27,0.5654
2001-09-28,5.6225000000000005
2001-10-01,-1.597
2001-10-02,-0.9365
2001-10-03,-7.8698
2001-10-04,7.7053
2001-10-05,2.2013
2001-10-08,0.3846
2001-10-09,-0.4636
2001-10-10,1.3727
2001-10-11,11.7118
2001-10-12,2.3114
2001-10-15,-0.9967
2001-10-16,-2.4832
2001-10-17,-8.2201
2001-10-18,-5.5161999999999995
2001-10-19,3.1746
2001-10-22,-2.7692
2001-10-23,-4.6677
2001-10-24,1.2448
2001-10-25,8.6885
2001-10-26,5.5053
2001-10-29,-0.4289
2001-10-30,-3.6612
2001-10-31,7.228
2001-11-01,3.1967
2001-11-02,-0.6734
2001-11-05,-1.0169
2001-11-06,0.6164
2001-11-07,8.5773
2001-11-08,-3.6364
2001-11-09,-2.0169
2001-11-12,0.2656
2001-11-13,5.6291
2001-11-14,6.5831
2001-11-15,-1.7647
2001-11-16,-1.1976
2001-11-19,3.7576
2001-11-20,6.3084
2001-11-21,1.044
2001-11-23,-1.0332
2001-11-26,1.9231
2001-11-27,-0.1078
2001-11-28,-0.9714
2001-11-29,6.812
2001-11-30,1.2245
2001-12-03,7.3589
2001-12-04,2.5352
2001-12-05,1.0531
2001-12-06,1.4046
2001-12-07,0.5362
2001-12-10,0.2222
2001-12-11,-1.3304
2001-12-12,-6.2472
2001-12-13,-0.5273
2001-12-14,-1.4458
2001-12-17,6.5526
2001-12-18,4.3139
2001-12-19,0.352
2001-12-20,-5.5239
2001-12-21,4.3155
2001-12-24,0.0445
2001-12-26,0.2668
2001-12-27,4.6563
2001-12-28,-1.4407
2001-12-31,3.3964
2002-01-02,-2.3285
2002-01-03,-2.8097
2002-01-04,2.0587
2002-01-07,4.5064
2002-01-08,1.6303999999999998
2002-01-09,-3.2206
2002-01-10,-1.1761
2002-01-11,-3.7109
2002-01-14,-7.4594
2002-01-15,-0.1897
2002-01-16,-3.3254
2002-01-17,5.1597
2002-01-18,-3.3178
2002-01-22,-3.3349
2002-01-23,2.25
2002-01-24,6.1125
2002-01-25,-2.765
2002-01-28,1.4692
2002-01-29,-2.8491
2002-01-30,-0.9615
2002-01-31,17.3786
2002-02-01,-0.6617
2002-02-04,-3.8426
2002-02-05,-0.8962
2002-02-06,4.7614
2002-02-07,-5.6709
2002-02-08,2.6083
2002-02-11,1.7234
2002-02-12,-0.8047
2002-02-13,2.69
2002-02-14,5.1227
2002-02-15,-6.7716
2002-02-19,-4.6669
2002-02-20,4.9399
2002-02-21,0.2332
2002-02-22,-2.9829
2002-02-25,-1.4392
2002-02-26,-0.3982
2002-02-27,-7.7299
2002-02-28,-15.5031
2002-03-01,5.4131
2002-03-04,10.8108
2002-03-05,3.0244
2002-03-06,-0.5682
2002-03-07,1.1429
2002-03-08,5.791
2002-03-11,0.0
2002-03-12,0.4005
2002-03-13,-0.266
2002-03-14,-0.8889
2002-03-15,-1.7936999999999999
2002-03-18,-14.4292
2002-03-19,-2.1345
2002-03-20,-6.8702
2002-03-21,0.0585
2002-03-22,-0.5266
2002-03-25,-4.1176
2002-03-26,-2.454
2002-03-27,0.7547
2002-03-28,9.0512
2002-04-01,2.3468999999999998
2002-04-02,-1.5659999999999998
2002-04-03,-3.0682
2002-04-04,-0.3517
2002-04-05,-2.0588
2002-04-08,0.6607
2002-04-09,-1.5513
2002-04-10,0.0
2002-04-11,-2.6061
2002-04-12,0.2489
2002-04-15,-0.3414
2002-04-16,7.7546
2002-04-17,8.3237
2002-04-18,-2.3479
2002-04-19,-0.2186
2002-04-22,-2.4644
2002-04-23,-0.2807
2002-04-24,-1.6329
2002-04-25,1.7172
2002-04-26,-7.4282
2002-04-29,-3.7082
2002-04-30,2.904
2002-05-01,-7.6687
2002-05-02,-9.3688
2002-05-03,-0.4399
2002-05-06,-0.2209
2002-05-07,-2.952
2002-05-08,14.4487
2002-05-09,-9.3023
2002-05-10,4.7619
2002-05-13,1.2587
2002-05-14,3.5911999999999997
2002-05-15,0.0
2002-05-16,-2.2
2002-05-17,5.726
2002-05-20,-9.9936
2002-05-21,0.5802
2002-05-22,0.0641
2002-05-23,-0.0712
2002-05-24,-0.2849
2002-05-28,1.7143000000000002
2002-05-29,-0.9831
2002-05-30,-0.7092
2002-05-31,0.7143
2002-06-03,-4.9645
2002-06-04,2.6119
2002-06-05,3.2727
2002-06-06,1.338
2002-06-07,-1.1814
2002-06-10,-3.0942
2002-06-11,-5.225
2002-06-12,1.072
2002-06-13,1.2879
2002-06-14,1.7203
2002-06-17,2.9412000000000003
2002-06-18,0.4286
2002-06-19,-3.6273
2002-06-20,-8.1181
2002-06-21,-4.1767
2002-06-24,-9.5557
2002-06-25,-16.6821
2002-06-26,1.3348
2002-06-27,13.1723
2002-06-28,0.388
2002-07-01,-5.4106
2002-07-02,0.2043
2002-07-03,-0.1019
2002-07-05,13.6735
2002-07-08,3.0521
2002-07-09,-6.7943999999999996
2002-07-10,-4.2056000000000004
2002-07-11,7.8049
2002-07-12,6.6968
2002-07-15,3.2231
2002-07-16,6.82
2002-07-17,0.0
2002-07-18,-6.3077
2002-07-19,-2.1346
2002-07-22,4.1107
2002-07-23,0.7252
2002-07-24,3.44
2002-07-25,-13.0704
2002-07-26,-2.5801
2002-07-29,-1.1872
2002-07-30,1.1091
2002-07-31,-12.2486
2002-08-01,-7.8125
2002-08-02,-7.3446
2002-08-05,-3.1707
2002-08-06,3.0227
2002-08-07,3.7897
2002-08-08,2.8269
2002-08-09,-4.6964
2002-08-12,-0.8413
2002-08-13,2.4242
2002-08-14,9.4675
2002-08-15,-1.6216
2002-08-16,1.0989
2002-08-19,10.6522
2002-08-20,-1.1788
2002-08-21,5.666
2002-08-22,0.8467
2002-08-23,-1.0261
2002-08-26,-1.508
2002-08-27,0.1914
2002-08-28,-5.4441
2002-08-29,-0.8081
2002-08-30,-7.2301
2002-09-03,0.9879
2002-09-04,3.163
2002-09-05,-6.227
2002-09-06,3.9326
2002-09-09,2.8108
2002-09-10,-0.6309
2002-09-11,11.0053
2002-09-12,-2.2879
2002-09-13,-3.9024
2002-09-16,-18.6802
2002-09-17,5.8677
2002-09-18,-2.7123
2002-09-19,-3.0303
2002-09-20,1.2375
2002-09-23,0.0123
2002-09-24,-1.2346
2002-09-25,2.5
2002-09-26,1.9512
2002-09-27,2.9904
2002-09-30,-8.4785
2002-10-01,-2.9188
2002-10-02,1.3072
2002-10-03,-7.871
2002-10-04,-8.9636
2002-10-07,-13.6413
2002-10-08,0.2973
2002-10-09,-5.8615
2002-10-10,20.0
2002-10-11,7.0755
2002-10-14,14.6843
2002-10-15,8.8348
2002-10-16,-7.6471
2002-10-17,9.5541
2002-10-18,0.5814
2002-10-21,-2.7746
2002-10-22,-3.6861
2002-10-23,3.0864
2002-10-24,7.1856
2002-10-25,-0.6704
2002-10-28,0.5624
2002-10-29,-4.9216999999999995
2002-10-30,-1.8941
2002-10-31,2.878
2002-11-01,17.3796
2002-11-04,11.718
2002-11-05,2.0444
2002-11-06,4.0941
2002-11-07,-8.1172
2002-11-08,0.1821
2002-11-11,-8.5455
2002-11-12,9.9404
2002-11-13,0.8137
2002-11-14,9.8655
2002-11-15,-4.4898
2002-11-18,6.5812
2002-11-19,-5.0521
2002-11-20,2.6182
2002-11-21,11.7695
2002-11-22,-6.4728
2002-11-25,1.4881
2002-11-26,-4.422
2002-11-27,3.6526
2002-11-29,3.3673
2002-12-02,3.0303
2002-12-03,-2.9412000000000003
2002-12-04,-5.9091000000000005
2002-12-05,-3.9533
2002-12-06,-0.6623
2002-12-09,0.4219
2002-12-10,4.8739
2002-12-11,0.5609
2002-12-12,-4.9402
2002-12-13,-7.7955
2002-12-16,2.0909
2002-12-17,-0.6233
2002-12-18,-0.9857
2002-12-19,-4.7964
2002-12-20,1.5209000000000001
2002-12-23,-3.839
2002-12-24,-2.0448
2002-12-26,1.8887
2002-12-27,-3.9024
2002-12-30,-5.0761
2002-12-31,4.2674
2003-01-02,1.6515
2003-01-03,0.4036
2003-01-06,9.6482
2003-01-07,1.3749
2003-01-08,-0.6329
2003-01-09,5.3776
2003-01-10,-0.6994
2003-01-13,-1.2174
2003-01-14,-1.7606000000000002
2003-01-15,-0.6272
2003-01-16,-5.3201
2003-01-17,-4.4762
2003-01-21,0.1994
2003-01-22,8.3582
2003-01-23,10.1928
2003-01-24,-2.8333
2003-01-27,-6.0892
2003-01-28,-2.4657999999999998
2003-01-29,-5.2434
2003-01-30,-16.7984
2003-01-31,7.7197
2003-02-03,-1.323
2003-02-04,-2.0112
2003-02-05,2.7366
2003-02-06,0.0
2003-02-07,0.222
2003-02-10,-0.2215
2003-02-11,-3.4406
2003-02-12,-2.2989
2003-02-13,-2.9412000000000003
2003-02-14,10.1697
2003-02-18,-0.4291
2003-02-19,0.442
2003-02-20,0.9901
2003-02-21,-1.5251000000000001
2003-02-24,-1.8805
2003-02-25,-4.6223
2003-02-26,-5.3073
2003-02-27,4.2317
2003-02-28,-2.9939999999999998
2003-03-03,2.3457
2003-03-04,-0.8444
2003-03-05,1.4599
2003-03-06,0.3597
2003-03-07,-1.1947
2003-03-10,0.9674
2003-03-11,3.3653
2003-03-12,5.4339
2003-03-13,16.4835
2003-03-14,1.4151
2003-03-17,1.3953
2003-03-18,-0.5505
2003-03-19,-0.8303
2003-03-20,-4.7442
2003-03-21,5.957
2003-03-24,-3.4101
2003-03-25,1.5267
2003-03-26,2.1617
2003-03-27,0.092
2003-03-28,-1.1949
2003-03-31,0.093
2003-04-01,-2.8810000000000002
2003-04-02,4.2105
2003-04-03,5.9688
2003-04-04,1.4731
2003-04-07,3.3305
2003-04-08,-6.1157
2003-04-09,-0.9683
2003-04-10,-0.2667
2003-04-11,1.5152
2003-04-14,9.7454
2003-04-15,7.04
2003-04-16,-5.9043
2003-04-17,2.224
2003-04-21,-1.1655
2003-04-22,-3.3019
2003-04-23,0.0
2003-04-24,-3.6585
2003-04-25,-5.0633
2003-04-28,4.4444
2003-04-29,5.617
2003-04-30,-5.3989
2003-05-01,4.1738
2003-05-02,3.2706
2003-05-05,-0.2375
2003-05-06,-2.5397
2003-05-07,0.8958
2003-05-08,-1.7755999999999998
2003-05-09,1.8899
2003-05-12,4.1935
2003-05-13,2.6316
2003-05-14,-0.0754
2003-05-15,-1.5093999999999999
2003-05-16,0.1533
2003-05-19,-0.5356
2003-05-20,-1.0
2003-05-21,2.5641
2003-05-22,0.3788
2003-05-23,2.6414999999999997
2003-05-27,6.6176
2003-05-28,0.4138
2003-05-29,1.717
2003-05-30,3.8487999999999998
2003-06-02,-2.2757
2003-06-03,-0.8649
2003-06-04,5.9732
2003-06-05,-3.4832
2003-06-06,4.8556
2003-06-09,-1.7522
2003-06-10,0.3822
2003-06-11,-3.934
2003-06-12,-1.6513
2003-06-13,-2.955
2003-06-16,3.3218
2003-06-17,8.1715
2003-06-18,2.4768
2003-06-19,-4.5317
2003-06-20,-0.8228
2003-06-23,-0.7658
2003-06-24,-0.9646
2003-06-25,0.974
2003-06-26,9.6463
2003-06-27,-3.2845
2003-06-30,-2.1831
2003-07-01,1.4879
2003-07-02,2.9322
2003-07-03,-1.365
2003-07-07,5.2948
2003-07-08,4.2857
2003-07-09,-0.2192
2003-07-10,-2.9105
2003-07-11,1.81
2003-07-14,-0.2222
2003-07-15,-2.0045
2003-07-16,1.9318
2003-07-17,-7.748
2003-07-18,2.719
2003-07-21,-2.8824
2003-07-22,2.6651
2003-07-23,2.0059
2003-07-24,-0.1157
2003-07-25,3.6479
2003-07-28,-2.5140000000000002
2003-07-29,-3.4957
2003-07-30,-7.1259
2003-07-31,-4.2839
2003-08-01,-3.2732
2003-08-04,1.3812
2003-08-05,0.0
2003-08-06,-2.0436
2003-08-07,-2.1558
2003-08-08,-4.4065
2003-08-11,2.974
2003-08-12,-0.2166
2003-08-13,1.0854
2003-08-14,-0.5727
2003-08-15,1.6559
2003-08-18,3.5411
2003-08-19,4.6512
2003-08-20,1.0458
2003-08-21,-3.7516
2003-08-22,4.8387
2003-08-25,-1.859
2003-08-26,-0.0653
2003-08-27,1.4379
2003-08-28,3.6082
2003-08-29,-2.1144
2003-09-02,0.1906
2003-09-03,0.1268
2003-09-04,-2.6599
2003-09-05,-2.4723
2003-09-08,6.0707
2003-09-09,-4.0881
2003-09-10,-3.4754
2003-09-11,4.3478
2003-09-12,3.4505
2003-09-15,-2.1397
2003-09-16,4.6945
2003-09-17,-0.4914
2003-09-18,1.8519
2003-09-19,-0.2848
2003-09-22,-2.6317
2003-09-23,1.1236
2003-09-24,-2.1605
2003-09-25,-3.1546
2003-09-26,-4.1042
2003-09-29,3.0571
2003-09-30,-5.0099
2003-10-01,6.1763
2003-10-02,-4.8366
2003-10-03,1.7856999999999998
2003-10-06,5.6005
2003-10-07,1.9169
2003-10-08,5.0157
2003-10-09,3.2239
2003-10-10,-1.1567
2003-10-13,0.8777
2003-10-14,-0.8121
2003-10-15,2.6901
2003-10-16,-0.7973
2003-10-17,-2.0092
2003-10-20,-0.9959
2003-10-21,2.426
2003-10-22,-3.6395
2003-10-23,-1.7386
2003-10-24,-1.2203
2003-10-27,2.0383
2003-10-28,7.9298
2003-10-29,5.7768
2003-10-30,12.5133
2003-10-31,0.4241
2003-11-03,8.3998
2003-11-04,-1.0
2003-11-05,4.5083
2003-11-06,0.3766
2003-11-07,4.085
2003-11-10,-7.0084
2003-11-11,-1.6796
2003-11-12,4.4678
2003-11-13,6.0377
2003-11-14,-5.3144
2003-11-17,-2.823
2003-11-18,-0.3438
2003-11-19,1.2937
2003-11-20,-1.5751
2003-11-21,1.9896
2003-11-24,0.8482
2003-11-25,2.2708
2003-11-26,-2.5905
2003-11-28,1.1397
2003-12-01,4.5492
2003-12-02,-3.1537
2003-12-03,-8.4089
2003-12-04,0.405
2003-12-05,-3.9444
2003-12-08,1.7732
2003-12-09,-4.8602
2003-12-10,-1.3012000000000001
2003-12-11,9.8633
2003-12-12,-3.3333
2003-12-15,-0.8736
2003-12-16,-3.757
2003-12-17,-2.0289
2003-12-18,3.3991
2003-12-19,-0.3806
2003-12-22,-0.9551
2003-12-23,0.5304
2003-12-24,0.048
2003-12-26,-1.3902
2003-12-29,6.1254
2003-12-30,0.7787
2003-12-31,2.3182
2004-01-02,-0.2665
2004-01-05,3.3407999999999998
2004-01-06,2.8017
2004-01-07,-0.8805
2004-01-08,1.3959
2004-01-09,-1.2516
2004-01-12,1.3942
2004-01-13,-5.2083
2004-01-14,0.3516
2004-01-15,-0.3504
2004-01-16,7.4286
2004-01-20,2.2095
2004-01-21,-0.1201
2004-01-22,-6.1723
2004-01-23,-4.1008
2004-01-26,-1.6036000000000001
2004-01-27,-3.1236
2004-01-28,-1.215
2004-01-29,-3.3113
2004-01-30,-1.7612999999999999
2004-02-02,3.7351
2004-02-03,2.5444
2004-02-04,-8.2397
2004-02-05,6.9898
2004-02-06,4.2918
2004-02-09,1.2803
2004-02-10,-0.0451
2004-02-11,-3.3424
2004-02-12,-9.3458
2004-02-13,-2.0619
2004-02-17,2.6316
2004-02-18,0.5128
2004-02-19,-4.0816
2004-02-20,-2.234
2004-02-23,-5.876
2004-02-24,-0.6936
2004-02-25,8.7311
2004-02-26,0.6424
2004-02-27,-2.8191
2004-03-01,1.9649999999999999
2004-03-02,-2.0345
2004-03-03,-3.726
2004-03-04,3.8133
2004-03-05,2.193
2004-03-08,-2.5215
2004-03-09,-6.3291
2004-03-10,-0.1763
2004-03-11,-2.0012
2004-03-12,-0.9009
2004-03-15,-6.4848
2004-03-16,-0.1296
2004-03-17,0.0
2004-03-18,-2.6606
2004-03-19,-6.0
2004-03-22,4.9645
2004-03-23,0.6081
2004-03-24,5.1713000000000005
2004-03-25,8.6845
2004-03-26,-0.2938
2004-03-29,3.1821
2004-03-30,-1.3706
2004-03-31,-0.8686
2004-04-01,1.6355
2004-04-02,1.2069
2004-04-05,3.9182
2004-04-06,-3.7705
2004-04-07,1.0789
2004-04-08,1.4045
2004-04-12,-3.0471
2004-04-13,-5.4286
2004-04-14,1.6314
2004-04-15,-3.6861
2004-04-16,-5.8025
2004-04-19,4.325
2004-04-20,1.1307
2004-04-21,-2.8571
2004-04-22,5.243
2004-04-23,-0.0608
2004-04-26,-3.9514
2004-04-27,-0.3165
2004-04-28,-4.3175
2004-04-29,-1.7915999999999999
2004-04-30,-2.2973
2004-05-03,-3.1812
2004-05-04,3.5714
2004-05-05,3.3793
2004-05-06,-1.4676
2004-05-07,0.9479
2004-05-10,-4.4936
2004-05-11,3.1601
2004-05-12,-1.5657
2004-05-13,-2.6279
2004-05-14,-1.0653
2004-05-17,-3.5176
2004-05-18,1.6369
2004-05-19,3.5139
2004-05-20,1.8388
2004-05-21,0.6944
2004-05-24,0.1379
2004-05-25,0.0689
2004-05-26,1.3765
2004-05-27,8.4182
2004-05-28,8.3907
2004-06-01,-2.8307
2004-06-02,-0.5351
2004-06-03,-3.5864000000000003
2004-06-04,0.806
2004-06-07,3.075
2004-06-08,0.8353
2004-06-09,-2.9586
2004-06-10,-3.1707
2004-06-14,0.6297
2004-06-15,1.6896
2004-06-16,-1.4769
2004-06-17,-0.0625
2004-06-18,-0.9375
2004-06-21,-1.5142
2004-06-22,5.5734
2004-06-23,0.0061
2004-06-24,-2.0084
2004-06-25,-1.0526
2004-06-28,0.5006
2004-06-29,1.1208
2004-06-30,4.8645
2004-07-01,-4.8738
2004-07-02,-3.3951000000000002
2004-07-06,-5.4313
2004-07-07,-1.3514
2004-07-08,-3.9726
2004-07-09,3.495
2004-07-12,-4.9620999999999995
2004-07-13,1.0877
2004-07-14,-3.0846
2004-07-15,4.8113
2004-07-16,-4.3079
2004-07-19,-1.6236000000000002
2004-07-20,3.1508
2004-07-21,-3.3455
2004-07-22,2.1821
2004-07-23,-4.3446
2004-07-26,-2.2325
2004-07-27,-3.3858
2004-07-28,-2.445
2004-07-29,3.0075
2004-07-30,4.0552
2004-08-02,-3.3515
2004-08-03,-5.5645
2004-08-04,-14.6029
2004-08-05,6.9
2004-08-06,-4.7708
2004-08-09,-1.5716999999999999
2004-08-10,2.6946
2004-08-11,-7.0943
2004-08-12,-5.4393
2004-08-13,2.5442
2004-08-16,-0.2157
2004-08-17,5.7297
2004-08-18,10.4294
2004-08-19,-2.2222
2004-08-20,5.8712
2004-08-23,2.415
2004-08-24,-8.2969
2004-08-25,2.4762
2004-08-26,-5.1115
2004-08-27,1.0774
2004-08-30,-3.1977
2004-08-31,-3.8038
2004-09-01,1.7690000000000001
2004-09-02,0.7157
2004-09-03,-6.599
2004-09-07,2.9348
2004-09-08,1.7951000000000001
2004-09-09,15.6639
2004-09-10,7.6233
2004-09-13,0.75
2004-09-14,1.4061
2004-09-15,-7.0962
2004-09-16,4.4776
2004-09-17,1.7731
2004-09-20,3.212
2004-09-21,-3.6
2004-09-22,-2.0747
2004-09-23,-10.7627
2004-09-24,-2.3742
2004-09-27,2.1401
2004-09-28,-0.1905
2004-09-29,4.9618
2004-09-30,-2.2727
2004-10-01,2.7907
2004-10-04,3.8914
2004-10-05,1.8293
2004-10-06,-0.4277
2004-10-07,-3.3505
2004-10-08,-4.4444
2004-10-11,-0.4558
2004-10-12,-1.9718
2004-10-13,6.0057
2004-10-14,-0.3597
2004-10-15,-3.0686
2004-10-18,0.3724
2004-10-19,6.9573
2004-10-20,0.1735
2004-10-21,1.7316
2004-10-22,-1.4468
2004-10-25,-0.7772
2004-10-26,-2.0888
2004-10-27,6.2222
2004-10-28,3.9331
2004-10-29,-2.0934
2004-11-01,0.4934
2004-11-02,0.0818
2004-11-03,1.8806
2004-11-04,3.3708
2004-11-05,0.5435
2004-11-08,-0.1544
2004-11-09,-1.8561
2004-11-10,-1.576
2004-11-11,2.2418
2004-11-12,-0.2349
2004-11-15,1.1774
2004-11-16,-2.4050000000000002
2004-11-17,4.531
2004-11-18,-0.4563
2004-11-19,-6.1879
2004-11-22,-0.6515
2004-11-23,-0.4098
2004-11-24,0.5761
2004-11-26,-0.6465
2004-11-29,0.486
2004-11-30,-0.8197
2004-12-01,3.0579
2004-12-02,-1.2029
2004-12-03,4.7078
2004-12-06,2.0155
2004-12-07,-6.003
2004-12-08,-0.6467
2004-12-09,-4.3938
2004-12-10,-1.1915
2004-12-13,-4.2205
2004-12-14,-1.5288
2004-12-15,-1.3699
2004-12-16,-0.463
2004-12-17,-0.9302
2004-12-20,-3.0047
2004-12-21,-0.5808
2004-12-22,3.9922
2004-12-23,-0.7491
2004-12-27,1.2264
2004-12-28,1.4910999999999999
2004-12-29,1.2856
2004-12-30,-0.272
2004-12-31,4.0
2005-01-03,-4.9825
2005-01-04,-5.5198
2005-01-05,-2.629
2005-01-06,1.2
2005-01-07,1.9763
2005-01-10,-3.4884
2005-01-11,-5.1205
2005-01-12,-0.2646
2005-01-13,-1.4324
2005-01-14,6.028
2005-01-18,-0.3046
2005-01-19,-4.6843
2005-01-20,-3.8462
2005-01-21,-0.1111
2005-01-24,-2.7809
2005-01-25,3.4325
2005-01-26,0.1106
2005-01-27,0.3315
2005-01-28,-1.8721999999999999
2005-01-31,-0.4489
2005-02-01,-1.0147
2005-02-02,5.6948
2005-02-03,-0.7543
2005-02-04,9.6634
2005-02-07,0.5941
2005-02-08,6.1024
2005-02-09,-1.9481000000000002
2005-02-10,2.176
2005-02-11,1.3889
2005-02-14,-0.8219
2005-02-15,-1.4733
2005-02-16,-1.4019
2005-02-17,-2.0853
2005-02-18,-1.1617
2005-02-22,2.1548
2005-02-23,-1.6299000000000001
2005-02-24,2.924
2005-02-25,0.1894
2005-02-28,1.4178
2005-03-01,-0.932
2005-03-02,-3.6689
2005-03-03,0.5859
2005-03-04,1.9417
2005-03-07,-0.8571
2005-03-08,-2.2094
2005-03-09,-1.5716999999999999
2005-03-10,0.1996
2005-03-11,-1.5936
2005-03-14,-0.2024
2005-03-15,-2.8398
2005-03-16,-1.5657999999999999
2005-03-17,2.2269
2005-03-18,1.6598000000000002
2005-03-21,-0.102
2005-03-22,2.5026
2005-03-23,4.4345
2005-03-24,-0.9542
2005-03-28,0.289
2005-03-29,-0.3842
2005-03-30,0.0964
2005-03-31,-0.8671
2005-04-01,-1.2634
2005-04-04,-1.6732
2005-04-05,-1.3013
2005-04-06,-0.5071
2005-04-07,-0.2039
2005-04-08,1.0215
2005-04-11,-0.2022
2005-04-12,1.5198
2005-04-13,-1.3972
2005-04-14,-1.6194
2005-04-15,-2.2634
2005-04-18,-1.5789
2005-04-19,2.4599
2005-04-20,0.5219
2005-04-21,8.0997
2005-04-22,-2.2094
2005-04-25,1.1788
2005-04-26,0.1942
2005-04-27,-0.7752
2005-04-28,-2.2461
2005-04-29,2.997
2005-05-02,-1.7459
2005-05-03,-0.7897
2005-05-04,3.0846
2005-05-05,10.4247
2005-05-06,0.8741
2005-05-09,-0.5199
2005-05-10,-1.0453
2005-05-11,0.5282
2005-05-12,1.5762
2005-05-13,2.8448
2005-05-16,0.5029
2005-05-17,0.417
2005-05-18,1.0796999999999999
2005-05-19,5.0123
2005-05-20,-1.0172
2005-05-23,-1.2648
2005-05-24,-0.4003
2005-05-25,-2.1704
2005-05-26,0.6574
2005-05-27,0.3265
2005-05-31,1.3832
2005-06-01,8.3467
2005-06-02,0.1481
2005-06-03,-0.1456
2005-06-06,1.2569
2005-06-07,0.5852
2005-06-08,0.8
2005-06-09,0.6494
2005-06-10,-2.8674
2005-06-13,-0.738
2005-06-14,0.4461
2005-06-15,-0.074
2005-06-16,1.4815
2005-06-17,-0.219
2005-06-20,3.8040000000000003
2005-06-21,3.735
2005-06-22,-1.9022000000000001
2005-06-23,-3.3934
2005-06-24,-5.3692
2005-06-27,1.5074999999999998
2005-06-28,1.8657
2005-06-29,1.8681
2005-06-30,0.827
2005-07-01,0.5706
2005-07-05,1.2411
2005-07-06,2.9772
2005-07-07,1.6327
2005-07-08,-0.2677
2005-07-11,0.3356
2005-07-12,0.3344
2005-07-13,0.0
2005-07-14,-1.4667
2005-07-15,-0.8796
2005-07-18,9.5563
2005-07-19,3.4268
2005-07-20,2.4096
2005-07-21,0.2941
2005-07-22,0.7038
2005-07-25,0.0
2005-07-26,-0.6989
2005-07-27,1.5249000000000001
2005-07-28,0.2889
2005-07-29,-1.1521
2005-08-01,-1.4569
2005-08-02,0.1183
2005-08-03,-1.3585
2005-08-04,-7.2455
2005-08-05,-1.4203000000000001
2005-08-08,0.7204
2005-08-09,1.0403
2005-08-10,0.3861
2005-08-11,1.7949000000000002
2005-08-12,-1.7003
2005-08-15,6.3421
2005-08-16,-1.0843
2005-08-17,1.5834000000000001
2005-08-18,-2.0983
2005-08-19,-0.9798
2005-08-22,-0.4947
2005-08-23,0.6837
2005-08-24,0.0
2005-08-25,3.5185
2005-08-26,-0.477
2005-08-29,-0.3595
2005-08-30,-2.0445
2005-08-31,2.701
2005-09-01,-2.7496
2005-09-02,-0.6761
2005-09-06,4.2079
2005-09-07,3.1473
2005-09-08,-0.3454
2005-09-09,0.1733
2005-09-12,0.0
2005-09-13,2.1915
2005-09-14,-3.5553
2005-09-15,-6.4365
2005-09-16,-3.127
2005-09-19,1.4203000000000001
2005-09-20,-0.0637
2005-09-21,-1.5287
2005-09-22,-1.3583
2005-09-23,-1.1803
2005-09-26,-2.6543
2005-09-27,-3.8173
2005-09-28,1.3466
2005-09-29,3.4266
2005-09-30,6.4233
2005-10-03,0.5718
2005-10-04,-0.3159
2005-10-05,-3.1052
2005-10-06,-1.7659
2005-10-07,-0.466
2005-10-10,-0.602
2005-10-11,-11.0363
2005-10-12,2.4962
2005-10-13,1.6974
2005-10-14,-1.7417
2005-10-17,-1.1078000000000001
2005-10-18,-3.286
2005-10-19,-5.7915
2005-10-20,-0.7377
2005-10-21,4.5417
2005-10-24,-2.8436
2005-10-25,-1.3820999999999999
2005-10-26,1.6488
2005-10-27,-0.2433
2005-10-28,1.8699
2005-10-31,4.5491
2005-11-01,-0.3817
2005-11-02,4.3678
2005-11-03,-13.1424
2005-11-04,-0.1691
2005-11-07,0.6774
2005-11-08,-0.5887
2005-11-09,-0.2538
2005-11-10,-0.2545
2005-11-11,1.7856999999999998
2005-11-14,-0.2924
2005-11-15,-2.0528
2005-11-16,-1.6681
2005-11-17,17.4424
2005-11-18,-0.8148
2005-11-21,-1.1949
2005-11-22,-0.907
2005-11-23,-1.0679
2005-11-25,1.6191
2005-11-28,-7.0561
2005-11-29,-6.2041
2005-11-30,-0.5222
2005-12-01,4.1995000000000005
2005-12-02,-0.9236
2005-12-05,-0.0847
2005-12-06,0.933
2005-12-07,-2.1008
2005-12-08,-1.7167
2005-12-09,0.0
2005-12-12,-2.5328
2005-12-13,-2.4194
2005-12-14,-1.2856
2005-12-15,-2.8837
2005-12-16,-4.2146
2005-12-19,-7.6
2005-12-20,8.0087
2005-12-21,0.0
2005-12-22,3.6071999999999997
2005-12-23,-1.4506999999999999
2005-12-27,-1.3739
2005-12-28,0.4975
2005-12-29,0.8911
2005-12-30,-0.0981
2006-01-03,-0.8841
2006-01-04,-0.3964
2006-01-05,-0.398
2006-01-06,-0.5994
2006-01-09,1.8090000000000002
2006-01-10,19.8421
2006-01-11,-7.084
2006-01-12,-0.8865
2006-01-13,-3.4884
2006-01-17,-2.5023
2006-01-18,-0.5703
2006-01-19,4.3021
2006-01-20,-1.4665
2006-01-23,-2.3256
2006-01-24,1.9048
2006-01-25,-0.8411
2006-01-26,0.754
2006-01-27,-2.9935
2006-01-30,-0.675
2006-01-31,5.6311
2006-02-01,9.375
2006-02-02,1.9327999999999999
2006-02-03,0.0
2006-02-06,0.1649
2006-02-07,-1.3169
2006-02-08,-1.8349
2006-02-09,0.0
2006-02-10,-0.1699
2006-02-13,-0.5106
2006-02-14,1.7109
2006-02-15,0.0841
2006-02-16,2.9412000000000003
2006-02-17,0.4082
2006-02-21,-1.626
2006-02-22,-2.5620000000000003
2006-02-23,1.6964000000000001
2006-02-24,3.4195
2006-02-27,2.5806
2006-02-28,-0.9434
2006-03-01,2.7778
2006-03-02,0.0
2006-03-03,2.3166
2006-03-06,2.2641999999999998
2006-03-07,-2.2878
2006-03-08,-2.4924
2006-03-09,-2.2463
2006-03-10,-0.4754
2006-03-13,-0.7166
2006-03-14,-1.7642
2006-03-15,-2.4082
2006-03-16,0.6274
2006-03-17,-6.5669
2006-03-20,2.2242
2006-03-21,0.1741
2006-03-22,-4.0834
2006-03-23,0.4529
2006-03-24,-0.0902
2006-03-27,0.2708
2006-03-28,-2.7003
2006-03-29,0.0
2006-03-30,1.1101
2006-03-31,-2.7447
2006-04-03,2.0696
2006-04-04,-0.9217
2006-04-05,-0.2791
2006-04-06,-1.1194
2006-04-07,-3.6792
2006-04-10,0.4897
2006-04-11,-0.7797
2006-04-12,-0.3929
2006-04-13,8.284
2006-04-17,-4.2805
2006-04-18,0.8563
2006-04-19,-0.8491
2006-04-20,-0.1903
2006-04-21,-1.1439
2006-04-24,1.4465
2006-04-25,2.0913
2006-04-26,-0.0931
2006-04-27,0.0932
2006-04-28,0.0
2006-05-01,1.0242
2006-05-02,0.3687
2006-05-03,-3.3976
2006-05-04,1.9011
2006-05-05,-0.0933
2006-05-08,-0.9337
2006-05-09,-4.3355
2006-05-10,-1.1823
2006-05-11,-0.3988
2006-05-12,-2.8028
2006-05-15,-2.4717000000000002
2006-05-16,5.491
2006-05-17,-4.004
2006-05-18,-3.7539
2006-05-19,-0.5417
2006-05-22,-1.4161000000000001
2006-05-23,0.5525
2006-05-24,1.6484
2006-05-25,-1.8378
2006-05-26,1.3216
2006-05-30,-2.3913
2006-05-31,-3.3407999999999998
2006-06-01,4.1475
2006-06-02,-1.9912
2006-06-05,0.1129
2006-06-06,1.4656
2006-06-07,-5.6667
2006-06-08,-3.4143
2006-06-09,-0.3674
2006-06-12,0.7344
2006-06-13,-4.8603
2006-06-14,-1.2771
2006-06-15,2.1992
2006-06-16,0.0
2006-06-19,0.7595
2006-06-20,1.3819
2006-06-21,0.3717
2006-06-22,-1.9752999999999998
2006-06-23,1.3854
2006-06-26,-3.8509
2006-06-27,-6.9767
2006-06-28,1.6667
2006-06-29,3.0055
2006-06-30,1.9893999999999998
2006-07-03,1.4304000000000001
2006-07-05,-1.4102999999999999
2006-07-06,2.3407
2006-07-07,-13.8501
2006-07-10,-3.5398
2006-07-11,-0.6116
2006-07-12,4.0
2006-07-13,-1.3314
2006-07-14,-2.2489
2006-07-17,-1.8405
2006-07-18,1.5625
2006-07-19,3.5385
2006-07-20,0.1486
2006-07-21,-1.7804
2006-07-24,-5.5891
2006-07-25,-0.8
2006-07-26,-3.5484
2006-07-27,0.8361
2006-07-28,0.1658
2006-07-31,-0.8278
2006-08-01,-3.3388999999999998
2006-08-02,0.0
2006-08-03,-6.2176
2006-08-04,-1.8416000000000001
2006-08-07,-3.3771
2006-08-08,3.1068
2006-08-09,0.1883
2006-08-10,-1.8797000000000001
2006-08-11,-2.8736
2006-08-14,1.5779
2006-08-15,3.6893000000000002
2006-08-16,0.7491
2006-08-17,2.4164
2006-08-18,8.3485
2006-08-21,-1.1724999999999999
2006-08-22,0.0
2006-08-23,1.1864
2006-08-24,0.1675
2006-08-25,0.5017
2006-08-28,0.9983
2006-08-29,1.8122
2006-08-30,-0.4854
2006-08-31,-2.2763999999999998
2006-09-01,-0.6656
2006-09-05,-1.1724999999999999
2006-09-06,-2.5423999999999998
2006-09-07,-0.3478
2006-09-08,-0.5236
2006-09-11,-0.5263
2006-09-12,2.6455
2006-09-13,-0.5155
2006-09-14,11.2263
2006-09-15,5.4348
2006-09-18,-0.7364
2006-09-19,0.2967
2006-09-20,-2.5148
2006-09-21,-1.0622
2006-09-22,-1.227
2006-09-25,-1.5528
2006-09-26,-2.2082
2006-09-27,0.0
2006-09-28,3.377
2006-09-29,7.8108
2006-10-02,0.4342
2006-10-03,-2.5937
2006-10-04,-2.3669000000000002
2006-10-05,-2.2727
2006-10-06,2.1705
2006-10-09,1.3657
2006-10-10,1.6467
2006-10-11,-0.5891
2006-10-12,2.5185
2006-10-13,-0.578
2006-10-16,0.2907
2006-10-17,-2.8986
2006-10-18,-1.791
2006-10-19,-0.152
2006-10-20,1.9787
2006-10-23,0.7463
2006-10-24,0.163
2006-10-25,1.7601
2006-10-26,-0.1453
2006-10-27,-1.1645
2006-10-30,-0.4418
2006-10-31,-4.4379
2006-11-01,-0.9288
2006-11-02,12.9688
2006-11-03,1.2448
2006-11-06,0.1366
2006-11-07,1.5007000000000001
2006-11-08,-1.7473
2006-11-09,-2.3256
2006-11-10,-0.5602
2006-11-13,2.1127
2006-11-14,0.4138
2006-11-15,1.0989
2006-11-16,-2.9891
2006-11-17,-1.1204
2006-11-20,2.5496
2006-11-21,6.2155
2006-11-22,1.8205
2006-11-24,-1.6602999999999999
2006-11-27,-4.026
2006-11-28,0.2706
2006-11-29,9.9865
2006-11-30,0.1227
2006-12-01,0.3676
2006-12-04,2.1978
2006-12-05,0.1195
2006-12-06,2.0286
2006-12-07,-4.4444
2006-12-08,-2.5704000000000002
2006-12-11,0.0
2006-12-12,2.1357
2006-12-13,-0.369
2006-12-14,-1.4815
2006-12-15,0.0
2006-12-18,-3.6341
2006-12-19,-2.6008
2006-12-20,3.6048
2006-12-21,0.3866
2006-12-22,3.3376
2006-12-26,1.9876
2006-12-27,3.7759
2006-12-28,1.4085
2006-12-29,-1.0417
2007-01-03,-1.4035
2007-01-04,-1.5421
2007-01-05,-0.241
2007-01-08,-0.8454
2007-01-09,-2.6797
2007-01-10,-1.3767
2007-01-11,0.0
2007-01-12,-0.1269
2007-01-16,-2.2872
2007-01-17,0.5202
2007-01-18,-4.1397
2007-01-19,-2.5641
2007-01-22,-1.385
2007-01-23,7.5843
2007-01-24,0.7833
2007-01-25,-1.5544
2007-01-26,0.2632
2007-01-29,6.4304
2007-01-30,2.0962
2007-01-31,0.4831
2007-02-01,1.2019
2007-02-02,-0.7126
2007-02-05,-0.7177
2007-02-06,0.0
2007-02-07,-0.4819
2007-02-08,-0.1211
2007-02-09,-3.8788
2007-02-12,-3.0265
2007-02-13,-0.13
2007-02-14,0.9115
2007-02-15,3.6129
2007-02-16,-0.8717
2007-02-20,1.6332
2007-02-21,3.8319
2007-02-22,0.2381
2007-02-23,2.7316000000000003
2007-02-26,-3.815
2007-02-27,-1.3221
2007-02-28,0.8526
2007-03-01,-2.0531
2007-03-02,-2.2195
2007-03-05,-4.1614
2007-03-06,5.2632
2007-03-07,-6.5
2007-03-08,-0.4011
2007-03-09,-0.9396
2007-03-12,0.6775
2007-03-13,-0.6729
2007-03-14,-0.6775
2007-03-15,5.7299
2007-03-16,0.0
2007-03-19,0.9032
2007-03-20,-0.1279
2007-03-21,-0.7682
2007-03-22,-0.6452
2007-03-23,2.0779
2007-03-26,-1.5267
2007-03-27,-2.3256
2007-03-28,-1.7196
2007-03-29,3.3647
2007-03-30,2.8646000000000003
2007-04-02,-1.2658
2007-04-03,4.359
2007-04-04,1.5971
2007-04-05,14.2684
2007-04-09,-2.0106
2007-04-10,2.0518
2007-04-11,1.6931
2007-04-12,4.1623
2007-04-13,1.3986
2007-04-16,1.0836999999999999
2007-04-17,-2.1442
2007-04-18,1.1952
2007-04-19,-1.8700999999999999
2007-04-20,1.4042
2007-04-23,0.6924
2007-04-24,3.0452
2007-04-25,0.572
2007-04-26,1.1374
2007-04-27,-1.3121
2007-04-30,-1.6143999999999998
2007-05-01,-1.5444
2007-05-02,-1.7647
2007-05-03,4.5908
2007-05-04,4.0076
2007-05-07,-1.3761
2007-05-08,1.5814
2007-05-09,0.5495
2007-05-10,-2.3679
2007-05-11,-1.819
2007-05-14,-1.3777
2007-05-15,-1.6378
2007-05-16,-4.7992
2007-05-17,3.8066
2007-05-18,1.0902
2007-05-21,4.4118
2007-05-22,2.8169
2007-05-23,-1.8265
2007-05-24,-1.8605
2007-05-25,-4.0758
2007-05-29,-0.0988
2007-05-30,2.3739
2007-05-31,2.2222
2007-06-01,-0.6616
2007-06-04,-0.1903
2007-06-05,1.9066
2007-06-06,-1.2161
2007-06-07,-3.9773
2007-06-08,2.5641
2007-06-11,-1.25
2007-06-12,-1.0711
2007-06-13,0.8858
2007-06-14,1.8537
2007-06-15,-0.4789
2007-06-18,-2.2137000000000002
2007-06-19,0.1969
2007-06-20,-0.5894
2007-06-21,3.4585
2007-06-22,-1.1461000000000001
2007-06-25,-0.1932
2007-06-26,0.1936
2007-06-27,1.256
2007-06-28,2.4809
2007-06-29,3.1192
2007-07-02,4.8307
2007-07-03,5.9432
2007-07-05,3.3333
2007-07-06,-0.9441
2007-07-09,0.7149
2007-07-10,0.8675
2007-07-11,1.7983
2007-07-12,1.3825
2007-07-13,0.4545
2007-07-16,-1.9607999999999999
2007-07-17,4.6154
2007-07-18,-0.8824
2007-07-19,-0.1484
2007-07-20,-2.526
2007-07-23,1.9817
2007-07-24,-2.2422
2007-07-25,-0.841
2007-07-26,-1.0794
2007-07-27,-2.8839
2007-07-30,-1.9262000000000001
2007-07-31,0.0818
2007-08-01,5.3148
2007-08-02,7.6087
2007-08-03,-2.5253
2007-08-06,2.5167
2007-08-07,0.1444
2007-08-08,-2.1629
2007-08-09,-5.8217
2007-08-10,7.277
2007-08-13,1.24
2007-08-14,-2.0173
2007-08-15,-3.0882
2007-08-16,3.0349
2007-08-17,2.5773
2007-08-20,-0.6461
2007-08-21,0.4335
2007-08-22,-1.0072
2007-08-23,-1.3081
2007-08-24,3.0928
2007-08-27,-1.0
2007-08-28,-2.8139
2007-08-29,1.7816999999999998
2007-08-30,1.9694
2007-08-31,0.9299
2007-09-04,2.3388
2007-09-05,0.4155
2007-09-06,-0.2759
2007-09-07,-1.5213999999999999
2007-09-10,0.7022
2007-09-11,0.8368
2007-09-12,2.213
2007-09-13,1.2854999999999999
2007-09-14,-0.8016
2007-09-17,-3.4335
2007-09-18,0.3478
2007-09-19,1.0424
2007-09-20,3.8514
2007-09-21,1.1258
2007-09-24,1.9646
2007-09-25,-0.8349
2007-09-26,-2.7202
2007-09-27,3.1957
2007-09-28,-0.1935
2007-10-01,1.8746
2007-10-02,-1.1421000000000001
2007-10-03,-1.3479
2007-10-04,4.5543
2007-10-05,-0.4356
2007-10-08,-0.8125
2007-10-09,5.7341
2007-10-10,-0.7151
2007-10-11,-2.7311
2007-10-12,-0.6603
2007-10-15,0.8821
2007-10-16,1.2315
2007-10-17,3.4063
2007-10-18,2.5882
2007-10-19,-2.1789
2007-10-22,0.4103
2007-10-23,1.8681
2007-10-24,-2.1777
2007-10-25,-6.8541
2007-10-26,3.0818
2007-10-29,2.7456
2007-10-30,0.0
2007-10-31,3.0879
2007-11-01,-5.6452
2007-11-02,-2.8693999999999997
2007-11-05,-1.6341999999999999
2007-11-06,-1.7252
2007-11-07,-4.4863
2007-11-08,-3.6079
2007-11-09,-2.9661
2007-11-12,-3.4207
2007-11-13,5.4258
2007-11-14,4.3603
2007-11-15,-2.7397
2007-11-16,0.7042
2007-11-19,-2.3077
2007-11-20,-1.5748
2007-11-21,-3.2727
2007-11-23,4.5865
2007-11-26,-2.5162
2007-11-27,2.5811
2007-11-28,5.6075
2007-11-29,-2.5868
2007-11-30,-0.6289
2007-12-03,-0.4923
2007-12-04,0.636
2007-12-05,-0.3511
2007-12-06,-0.1409
2007-12-07,-5.3634
2007-12-10,-2.9828
2007-12-11,-1.9985
2007-12-12,-0.0784
2007-12-13,-2.0408
2007-12-14,3.0449
2007-12-17,-7.3872
2007-12-18,-1.3434
2007-12-19,-1.1915
2007-12-20,1.0336
2007-12-21,2.3018
2007-12-24,-2.8333
2007-12-26,1.2006999999999999
2007-12-27,-3.4746
2007-12-28,0.3512
2007-12-31,0.9624
2008-01-02,-4.5927
2008-01-03,-0.7266
2008-01-04,-9.5151
2008-01-07,-15.5713
2008-01-08,4.9102
2008-01-09,10.5023
2008-01-10,-1.2397
2008-01-11,-1.9874
2008-01-14,-0.1067
2008-01-15,-3.312
2008-01-16,-1.326
2008-01-17,-0.5599
2008-01-18,3.3784
2008-01-22,-1.7429000000000001
2008-01-23,-0.4435
2008-01-24,0.6682
2008-01-25,-2.1018
2008-01-28,-0.565
2008-01-29,-1.3636
2008-01-30,-2.1889
2008-01-31,-6.1249
2008-02-01,2.6349
2008-02-04,3.5452
2008-02-05,-1.1806
2008-02-06,-2.509
2008-02-07,0.8578
2008-02-08,1.5796000000000001
2008-02-11,0.9569
2008-02-12,-2.7251
2008-02-13,4.7503
2008-02-14,-0.3488
2008-02-15,-1.2835
2008-02-19,5.4374
2008-02-20,-2.8026999999999997
2008-02-21,1.0381
2008-02-22,-1.484
2008-02-25,-0.7532
2008-02-26,0.8757
2008-02-27,-1.2731
2008-02-28,-0.2345
2008-02-29,0.9401
2008-03-03,-5.1222
2008-03-04,-2.2086
2008-03-05,4.6424
2008-03-06,-2.9976000000000003
2008-03-07,-0.4944
2008-03-10,-1.9876
2008-03-11,1.6477
2008-03-12,-0.1247
2008-03-13,0.0
2008-03-14,0.8739
2008-03-17,-2.3515
2008-03-18,1.3942
2008-03-19,0.0
2008-03-20,0.0
2008-03-24,5.875
2008-03-25,2.3022
2008-03-26,0.1731
2008-03-27,-6.2212
2008-03-28,-4.5455
2008-03-31,-0.5148
2008-04-01,0.9056
2008-04-02,0.641
2008-04-03,3.4395
2008-04-04,1.601
2008-04-07,-0.2424
2008-04-08,-2.5516
2008-04-09,-0.8728
2008-04-10,3.7736
2008-04-11,-2.6667
2008-04-14,-4.2341
2008-04-15,-1.8205
2008-04-16,4.9007
2008-04-17,-4.798
2008-04-18,4.7745
2008-04-21,-2.6582
2008-04-22,-2.7308
2008-04-23,0.6684
2008-04-24,1.1952
2008-04-25,-1.5748
2008-04-28,-1.4667
2008-04-29,-0.1353
2008-04-30,1.897
2008-05-01,19.9468
2008-05-02,0.2217
2008-05-05,-0.4425
2008-05-06,1.8889
2008-05-07,-1.8538999999999999
2008-05-08,-1.3333
2008-05-09,-0.2252
2008-05-12,1.9186999999999999
2008-05-13,0.443
2008-05-14,1.323
2008-05-15,2.5027
2008-05-16,-1.8047
2008-05-19,1.6216
2008-05-20,-4.4681
2008-05-21,-0.1114
2008-05-22,-0.7804
2008-05-23,-0.1124
2008-05-27,3.1496
2008-05-28,-0.2181
2008-05-29,-0.8743
2008-05-30,-1.2128
2008-06-02,-3.5714
2008-06-03,-1.3889
2008-06-04,0.4695
2008-06-05,-0.2336
2008-06-06,-0.4684
2008-06-09,-1.1764999999999999
2008-06-10,-4.7619
2008-06-11,-4.75
2008-06-12,-0.7874
2008-06-13,2.6455
2008-06-16,-1.4175
2008-06-17,1.9607999999999999
2008-06-18,1.9231
2008-06-19,0.6289
2008-06-20,-0.625
2008-06-23,-3.7736
2008-06-24,-1.0458
2008-06-25,0.3963
2008-06-26,-3.1579
2008-06-27,-7.2011
2008-06-30,-2.6353999999999997
2008-07-01,-2.8571
2008-07-02,-0.1548
2008-07-03,-5.969
2008-07-07,3.38
2008-07-08,2.8708
2008-07-09,-7.4419
2008-07-10,-3.0151
2008-07-11,-3.4542
2008-07-14,-1.4311
2008-07-15,0.5445
2008-07-16,-6.3177
2008-07-17,4.817
2008-07-18,-4.4118
2008-07-21,3.4615
2008-07-22,-4.2751
2008-07-23,4.8544
2008-07-24,-2.963
2008-07-25,-1.9083999999999999
2008-07-28,-4.4747
2008-07-29,-6.9246
2008-07-30,0.0
2008-07-31,12.2538
2008-08-01,-3.1189
2008-08-04,0.2012
2008-08-05,0.0
2008-08-06,0.4016
2008-08-07,-0.4
2008-08-08,2.4096
2008-08-11,1.9607999999999999
2008-08-12,-0.7692
2008-08-13,1.3566
2008-08-14,1.912
2008-08-15,-2.439
2008-08-18,2.5
2008-08-19,-2.0638
2008-08-20,2.1073
2008-08-21,0.1876
2008-08-22,0.8427
2008-08-25,-2.1356
2008-08-26,-1.3283
2008-08-27,1.5385
2008-08-28,0.0
2008-08-29,0.3788
2008-09-02,-3.3962
2008-09-03,-2.5391
2008-09-04,-6.2124
2008-09-05,-5.1282
2008-09-08,-3.6036
2008-09-09,-6.0748
2008-09-10,0.2488
2008-09-11,-2.4814
2008-09-12,6.8702
2008-09-15,-4.2857
2008-09-16,1.4925
2008-09-17,-1.9607999999999999
2008-09-18,2.0
2008-09-19,0.4902
2008-09-22,-1.9512
2008-09-23,-0.4975
2008-09-24,-2.5
2008-09-25,1.7949000000000002
2008-09-26,-6.5491
2008-09-29,-8.3558
2008-09-30,6.7647
2008-10-01,-1.9284
2008-10-02,-5.8989
2008-10-03,-7.4627
2008-10-06,-2.2580999999999998
2008-10-07,-3.3003
2008-10-08,3.0717
2008-10-09,-7.2848
2008-10-10,3.2143
2008-10-13,22.1453
2008-10-14,-7.932
2008-10-15,-6.1538
2008-10-16,2.9508
2008-10-17,0.0
2008-10-20,6.051
2008-10-21,-4.2042
2008-10-22,-3.7618
2008-10-23,-5.5375
2008-10-24,-5.1724
2008-10-27,-6.5455
2008-10-28,-6.6148
2008-10-29,7.9167
2008-10-30,15.444
2008-10-31,4.0134
2008-11-03,-0.6431
2008-11-04,0.0
2008-11-05,-4.8544
2008-11-06,-10.2041
2008-11-07,0.3788
2008-11-10,-5.6604
2008-11-11,-5.2
2008-11-12,-8.0169
2008-11-13,7.3394
2008-11-14,-0.4274
2008-11-17,-3.0043
2008-11-18,-5.7522
2008-11-19,-0.939
2008-11-20,-6.1611
2008-11-21,6.0606
2008-11-24,-2.3810000000000002
2008-11-25,-2.439
2008-11-26,20.5
2008-11-28,8.2988
2008-12-01,-12.2605
2008-12-02,-3.9301
2008-12-03,6.8182
2008-12-04,-6.383
2008-12-05,6.8182
2008-12-08,-1.7021
2008-12-09,-1.2987
2008-12-10,7.4561
2008-12-11,-3.6734999999999998
2008-12-12,8.8983
2008-12-15,-5.8366
2008-12-16,-4.9587
2008-12-17,-4.7826
2008-12-18,-6.3927
2008-12-19,-1.9512
2008-12-22,-0.4975
2008-12-23,-2.5
2008-12-24,-0.5128
2008-12-26,-2.0619
2008-12-29,-3.6842
2008-12-30,7.6503
2008-12-31,-0.5076
2009-01-02,14.7959
2009-01-05,7.5556
2009-01-06,9.0909
2009-01-07,-6.0606
2009-01-08,5.6452
2009-01-09,-6.1068999999999996
2009-01-12,-6.5041
2009-01-13,-0.8696
2009-01-14,-7.8947
2009-01-15,2.3810000000000002
2009-01-16,1.3953
2009-01-20,-9.1743
2009-01-21,8.0871
2009-01-22,-5.6129999999999995
2009-01-23,5.9406
2009-01-26,8.411200000000001
2009-01-27,3.0172
2009-01-28,2.5105
2009-01-29,-2.449
2009-01-30,-3.7657
2009-02-02,4.3478
2009-02-03,2.0833
2009-02-04,0.4082
2009-02-05,8.5366
2009-02-06,12.3596
2009-02-09,1.0
2009-02-10,-8.5809
2009-02-11,-2.5271
2009-02-12,1.8519
2009-02-13,2.9091
2009-02-17,-2.4735
2009-02-18,-2.1739
2009-02-19,0.0
2009-02-20,-8.8889
2009-02-23,-15.4472
2009-02-24,15.3846
2009-02-25,-1.25
2009-02-26,2.5316
2009-02-27,-4.5267
2009-03-02,-0.8621
2009-03-03,1.3043
2009-03-04,8.1545
2009-03-05,-0.3968
2009-03-06,2.7888
2009-03-09,-8.5271
2009-03-10,4.661
2009-03-11,10.526299999999999
2009-03-12,1.8315000000000001
2009-03-13,6.8345
2009-03-16,-1.6835
2009-03-17,6.5068
2009-03-18,2.8939
2009-03-19,-1.875
2009-03-20,3.8217
2009-03-23,2.7607
2009-03-24,-2.9851
2009-03-25,0.6154
2009-03-26,6.1162
2009-03-27,-2.8818
2009-03-30,-3.5608
2009-03-31,5.2308
2009-04-01,-0.8772
2009-04-02,-1.1799
2009-04-03,6.2687
2009-04-06,0.5618
2009-04-07,-6.4246
2009-04-08,-2.9851
2009-04-09,3.6923
2009-04-13,0.5935
2009-04-14,-0.295
2009-04-15,-0.5917
2009-04-16,4.1667
2009-04-17,2.8571
2009-04-20,-0.5556
2009-04-21,4.4693
2009-04-22,-2.4064
2009-04-23,3.5616
2009-04-24,5.8201
2009-04-27,-4.25
2009-04-28,1.5666
2009-04-29,6.4267
2009-04-30,5.5556
2009-05-01,-2.746
2009-05-04,4.0
2009-05-05,-0.905
2009-05-06,-3.8813
2009-05-07,-1.4252
2009-05-08,6.506
2009-05-11,-7.0136
2009-05-12,-4.8662
2009-05-13,-8.9514
2009-05-14,6.1798
2009-05-15,-2.1164
2009-05-18,4.5946
2009-05-19,1.8088
2009-05-20,-1.2690000000000001
2009-05-21,-5.6555
2009-05-22,1.0899
2009-05-26,3.504
2009-05-27,1.0417
2009-05-28,0.5155
2009-05-29,0.0
2009-06-01,5.8974
2009-06-02,1.937
2009-06-03,-1.4252
2009-06-04,-2.6506
2009-06-05,0.2475
2009-06-08,1.4815
2009-06-09,7.5426
2009-06-10,-1.1312
2009-06-11,5.7208
2009-06-12,0.4329
2009-06-15,6.681
2009-06-16,1.0101
2009-06-17,6.0
2009-06-18,-1.5093999999999999
2009-06-19,-3.4483
2009-06-22,-2.1825
2009-06-23,-3.6511
2009-06-24,0.0
2009-06-25,1.8947
2009-06-26,2.0661
2009-06-29,1.6194
2009-06-30,-0.3984
2009-07-01,4.6
2009-07-02,-1.3384
2009-07-06,-2.907
2009-07-07,-4.5908
2009-07-08,0.4184
2009-07-09,0.2083
2009-07-10,-1.6632
2009-07-13,-0.8457
2009-07-14,3.4115
2009-07-15,5.3608
2009-07-16,1.9569
2009-07-17,-1.5354999999999999
2009-07-20,1.5594999999999999
2009-07-21,-1.9194
2009-07-22,-0.7828
2009-07-23,1.3807
2009-07-24,0.7782
2009-07-27,-1.7375
2009-07-28,6.0904
2009-07-29,-0.3704
2009-07-30,1.8587
2009-07-31,-5.4745
2009-08-03,-1.9304999999999999
2009-08-04,4.1339
2009-08-05,-0.9452
2009-08-06,-1.145
2009-08-07,3.0888
2009-08-10,-2.6217
2009-08-11,1.5385
2009-08-12,-1.1364
2009-08-13,-0.5747
2009-08-14,-1.5413999999999999
2009-08-17,-5.6751000000000005
2009-08-18,0.6224
2009-08-19,0.0
2009-08-20,1.6495
2009-08-21,2.4341
2009-08-24,0.0
2009-08-25,0.396
2009-08-26,1.3807
2009-08-27,0.5837
2009-08-28,1.5474
2009-08-31,-1.9048
2009-09-01,-3.1068
2009-09-02,0.8016
2009-09-03,2.1894
2009-09-04,0.7758
2009-09-08,0.3861
2009-09-09,1.3462
2009-09-10,-0.9488
2009-09-11,0.0
2009-09-14,1.5326
2009-09-15,-0.3774
2009-09-16,-1.5152
2009-09-17,-0.1923
2009-09-18,0.1927
2009-09-21,0.0
2009-09-22,0.1923
2009-09-23,-0.5758
2009-09-24,-1.1583
2009-09-25,1.3672
2009-09-28,1.9268
2009-09-29,-1.1342
2009-09-30,0.3824
2009-10-01,-4.0
2009-10-02,-3.5714
2009-10-05,2.6749
2009-10-06,1.2024
2009-10-07,-0.396
2009-10-08,-3.7773
2009-10-09,1.0331
2009-10-12,0.409
2009-10-13,1.4257
2009-10-14,0.2008
2009-10-15,0.0
2009-10-16,-1.2024
2009-10-19,1.6227
2009-10-20,-0.5988
2009-10-21,-1.2048
2009-10-22,-5.8943
2009-10-23,0.8639
2009-10-26,-2.7837
2009-10-27,-4.8458
2009-10-28,0.0
2009-10-29,2.3148
2009-10-30,-0.6816
2009-11-02,-0.9083
2009-11-03,-2.2989
2009-11-04,2.5882
2009-11-05,0.9174
2009-11-06,-0.6818
2009-11-09,-2.2883
2009-11-10,-3.7471
2009-11-11,-0.7299
2009-11-12,1.7157
2009-11-13,7.4699
2009-11-16,0.2242
2009-11-17,-0.4474
2009-11-18,1.1236
2009-11-19,-0.6667
2009-11-20,-2.0134
2009-11-23,-1.8265
2009-11-24,-1.1628
2009-11-25,2.1176
2009-11-27,-0.2304
2009-11-30,-0.9238
2009-12-01,0.4662
2009-12-02,-0.6961
2009-12-03,3.972
2009-12-04,0.3371
2009-12-07,4.1433
2009-12-08,0.4301
2009-12-09,-1.0707
2009-12-10,-2.3810000000000002
2009-12-11,0.8869
2009-12-14,4.3956
2009-12-15,1.0526
2009-12-16,-2.0833
2009-12-17,-2.5532
2009-12-18,0.4367
2009-12-21,3.6957
2009-12-22,0.4193
2009-12-23,0.2088
2009-12-24,-0.8333
2009-12-28,-2.3109
2009-12-29,6.4516
2009-12-30,-0.404
2009-12-31,6.0852
2010-01-04,-0.3824
2010-01-05,-0.1919
2010-01-06,-0.3846
2010-01-07,-1.7375
2010-01-08,0.7859
2010-01-11,-0.3899
2010-01-12,-1.1742
2010-01-13,2.5743
2010-01-14,0.1931
2010-01-15,1.1561
2010-01-19,-0.9524
2010-01-20,0.5769
2010-01-21,3.4417
2010-01-22,-6.2847
2010-01-25,1.7751000000000001
2010-01-26,1.5504
2010-01-27,-5.5344
2010-01-28,-3.4343
2010-01-29,-1.6736
2010-02-01,4.4681
2010-02-02,-3.2587
2010-02-03,6.1053
2010-02-04,-0.3968
2010-02-05,0.1992
2010-02-08,0.3976
2010-02-09,5.7426
2010-02-10,1.3109
2010-02-11,5.7301
2010-02-12,1.9231
2010-02-16,0.8576
2010-02-17,-1.8707
2010-02-18,-0.8666
2010-02-19,0.3497
2010-02-22,5.5748999999999995
2010-02-23,-1.9802
2010-02-24,2.6936
2010-02-25,-3.2787
2010-02-26,1.5253999999999999
2010-03-01,3.172
2010-03-02,4.0453
2010-03-03,-0.4666
2010-03-04,-0.3125
2010-03-05,0.3135
2010-03-08,0.9375
2010-03-09,0.3096
2010-03-10,0.3086
2010-03-11,-1.5385
2010-03-12,1.5625
2010-03-15,0.3077
2010-03-16,3.5276
2010-03-17,1.4815
2010-03-18,-0.8759
2010-03-19,-3.5346
2010-03-22,3.5115
2010-03-23,1.4748999999999999
2010-03-24,-1.8895
2010-03-25,0.0
2010-03-26,-0.8889
2010-03-29,-0.8969
2010-03-30,3.9215999999999998
2010-03-31,-0.5806
2010-04-01,-2.2628
2010-04-05,5.6012
2010-04-06,-0.8487
2010-04-07,-0.1427
2010-04-08,-2.8571
2010-04-09,0.0
2010-04-12,1.4706000000000001
2010-04-13,-2.029
2010-04-14,2.6627
2010-04-15,3.17
2010-04-16,2.6536
2010-04-19,0.6803
2010-04-20,-0.1351
2010-04-21,0.9472
2010-04-22,-0.4021
2010-04-23,-1.0767
2010-04-26,2.449
2010-04-27,-2.3904
2010-04-28,-1.0884
2010-04-29,0.4127
2010-04-30,-4.1096
2010-05-03,2.6429
2010-05-04,-1.7397
2010-05-05,-1.6997
2010-05-06,-6.0519
2010-05-07,-1.6871
2010-05-10,4.2122
2010-05-11,1.0479
2010-05-12,3.7037
2010-05-13,-1.7143000000000002
2010-05-14,-6.686
2010-05-17,0.7788
2010-05-18,-3.7094
2010-05-19,-0.8026
2010-05-20,-4.6926
2010-05-21,7.1307
2010-05-24,0.0
2010-05-25,-3.645
2010-05-26,-0.6579
2010-05-27,0.4967
2010-05-28,5.1071
2010-06-01,-5.4859
2010-06-02,3.9801
2010-06-03,1.1164
2010-06-04,-0.7886
2010-06-07,-7.1542
2010-06-08,-0.3425
2010-06-09,0.6873
2010-06-10,1.5358
2010-06-11,5.7143
2010-06-14,-1.7488000000000001
2010-06-15,4.3689
2010-06-16,0.155
2010-06-17,4.9536
2010-06-18,-1.3274
2010-06-21,-1.0463
2010-06-22,-3.4762
2010-06-23,-2.502
2010-06-24,-2.7287
2010-06-25,1.1551
2010-06-28,-0.4894
2010-06-29,-1.1475
2010-06-30,-1.4925
2010-07-01,2.862
2010-07-02,2.455
2010-07-06,-3.9936
2010-07-07,4.4925
2010-07-08,0.3185
2010-07-09,1.1111
2010-07-12,0.471
2010-07-13,8.125
2010-07-14,1.1561
2010-07-15,-1.0
2010-07-16,-3.1746
2010-07-19,0.4471
2010-07-20,2.2255
2010-07-21,-0.2903
2010-07-22,3.4934
2010-07-23,2.2504
2010-07-26,2.8886
2010-07-27,-1.738
2010-07-28,-0.8163
2010-07-29,-3.0178
2010-07-30,0.2829
2010-08-02,0.8463
2010-08-03,4.3357
2010-08-04,-5.496
2010-08-05,-0.9929
2010-08-06,2.149
2010-08-09,4.6283
2010-08-10,-3.6193
2010-08-11,-2.2253
2010-08-12,-1.4224999999999999
2010-08-13,-3.0303
2010-08-16,0.0
2010-08-17,-0.8929
2010-08-18,0.3003
2010-08-19,-1.3473
2010-08-20,-0.607
2010-08-23,-1.6794
2010-08-24,-2.6398
2010-08-25,0.4785
2010-08-26,-3.8095
2010-08-27,2.3102
2010-08-30,-2.5806
2010-08-31,-2.1523
2010-09-01,2.0305
2010-09-02,-0.1658
2010-09-03,3.9867
2010-09-07,-3.3546
2010-09-08,-0.6612
2010-09-09,-5.1581
2010-09-10,0.3509
2010-09-13,3.4965
2010-09-14,-0.8446
2010-09-15,-1.0221
2010-09-16,-3.6145
2010-09-17,0.3571
2010-09-20,3.3808
2010-09-21,-1.3769
2010-09-22,2.2688
2010-09-23,0.6826
2010-09-24,1.8643999999999998
2010-09-27,-4.4925
2010-09-28,3.6585
2010-09-29,4.2017
2010-09-30,-1.4516
2010-10-01,2.1277
2010-10-04,-0.8013
2010-10-05,0.4847
2010-10-06,-1.4469
2010-10-07,0.6525
2010-10-08,-0.9724
2010-10-11,-1.4729999999999999
2010-10-12,2.1595
2010-10-13,0.6504
2010-10-14,0.1616
2010-10-15,0.0
2010-10-18,-0.4839
2010-10-19,-3.2415
2010-10-20,1.34
2010-10-21,0.0
2010-10-22,-0.6612
2010-10-25,0.4992
2010-10-26,2.649
2010-10-27,0.9677
2010-10-28,-1.7572
2010-10-29,1.626
2010-11-01,-1.76
2010-11-02,-0.9772
2010-11-03,2.4671
2010-11-04,1.4445999999999999
2010-11-05,0.6329
2010-11-08,2.3585
2010-11-09,-1.9969000000000001
2010-11-10,-2.0376
2010-11-11,-1.76
2010-11-12,0.3257
2010-11-15,-0.487
2010-11-16,-2.447
2010-11-17,-1.8395000000000001
2010-11-18,1.0221
2010-11-19,2.5295
2010-11-22,1.9737
2010-11-23,-1.2903
2010-11-24,1.7974
2010-11-26,-0.1605
2010-11-29,-0.6431
2010-11-30,0.3236
2010-12-01,-0.8065
2010-12-02,1.7886
2010-12-03,-0.1597
2010-12-06,-0.96
2010-12-07,0.9693
2010-12-08,-0.32
2010-12-09,-1.2841
2010-12-10,0.4878
2010-12-13,-2.1036
2010-12-14,-3.4711
2010-12-15,-3.5959
2010-12-16,0.8881
2010-12-17,1.9365999999999999
2010-12-20,0.3454
2010-12-21,0.3442
2010-12-22,1.8868
2010-12-23,1.1785
2010-12-27,1.6639
2010-12-28,0.0
2010-12-29,0.491
2010-12-30,-1.3029
2010-12-31,1.9802
2011-01-03,-0.4854
2011-01-04,0.4878
2011-01-05,1.7799
2011-01-06,0.4769
2011-01-07,0.4747
2011-01-10,1.4173
2011-01-11,-0.7764
2011-01-12,0.0
2011-01-13,0.313
2011-01-14,0.624
2011-01-18,-0.7752
2011-01-19,-1.5625
2011-01-20,-1.5873
2011-01-21,-0.4839
2011-01-24,2.107
2011-01-25,6.8254
2011-01-26,0.1486
2011-01-27,2.0772
2011-01-28,-4.0698
2011-01-31,0.0
2011-02-01,2.4242
2011-02-02,2.3669000000000002
2011-02-03,-1.0116
2011-02-04,7.5912
2011-02-07,0.9498
2011-02-08,0.5376
2011-02-09,3.877
2011-02-10,-1.5444
2011-02-11,1.9607999999999999
2011-02-14,8.3333
2011-02-15,-1.4201
2011-02-16,1.8007
2011-02-17,3.184
2011-02-18,-0.2286
2011-02-22,-4.9254999999999995
2011-02-23,1.3253
2011-02-24,-2.9727
2011-02-25,0.4902
2011-02-28,-0.2439
2011-03-01,-1.5892
2011-03-02,0.3727
2011-03-03,2.104
2011-03-04,0.1212
2011-03-07,-1.0896
2011-03-08,0.2448
2011-03-09,-2.6862
2011-03-10,-4.0151
2011-03-11,-1.9624000000000001
2011-03-14,-1.1984
2011-03-15,-2.1592000000000002
2011-03-16,-1.931
2011-03-17,1.2658
2011-03-18,2.3611
2011-03-21,5.5631
2011-03-22,-2.0566
2011-03-23,1.9685000000000001
2011-03-24,-1.9304999999999999
2011-03-25,0.0
2011-03-28,1.5091999999999999
2011-03-29,-1.7452999999999999
2011-03-30,0.6579
2011-03-31,-0.6536
2011-04-01,-2.8947000000000003
2011-04-04,-2.439
2011-04-05,0.6944
2011-04-06,0.2759
2011-04-07,-1.7882
2011-04-08,-0.1401
2011-04-11,-1.1219999999999999
2011-04-12,-3.2624
2011-04-13,2.0528
2011-04-14,-1.5805
2011-04-15,0.5839
2011-04-18,-1.3062
2011-04-19,0.0
2011-04-20,5.5882
2011-04-21,0.6964
2011-04-25,-1.5213999999999999
2011-04-26,4.9157
2011-04-27,-0.2677
2011-04-28,-2.953
2011-04-29,1.1065
2011-05-02,-0.2736
2011-05-03,0.1372
2011-05-04,-4.1096
2011-05-05,0.5714
2011-05-06,-0.5682
2011-05-09,-0.4286
2011-05-10,1.2912
2011-05-11,-0.2833
2011-05-12,-0.7102
2011-05-13,-0.8584
2011-05-16,-1.8759000000000001
2011-05-17,-0.8824
2011-05-18,-0.4451
2011-05-19,0.5961
2011-05-20,0.1481
2011-05-23,-1.1834
2011-05-24,0.7485
2011-05-25,1.3373
2011-05-26,0.1466
2011-05-27,2.0498
2011-05-31,1.4346999999999999
2011-06-01,-1.9802
2011-06-02,-0.2886
2011-06-03,-3.6179
2011-06-06,-0.1502
2011-06-07,0.7519
2011-06-08,-1.0448
2011-06-09,1.3575
2011-06-10,0.4464
2011-06-13,-1.037
2011-06-14,1.4969999999999999
2011-06-15,0.1475
2011-06-16,-5.3019
2011-06-17,-5.2877
2011-06-20,-0.6568
2011-06-21,4.7934
2011-06-22,0.9464
2011-06-23,-0.7813
2011-06-24,-0.9449
2011-06-27,-1.9078
2011-06-28,0.4862
2011-06-29,4.3548
2011-06-30,0.4637
2011-07-01,-2.1538
2011-07-05,-0.9434
2011-07-06,0.1587
2011-07-07,1.2678
2011-07-08,-1.5649
2011-07-11,-2.0668
2011-07-12,-2.433
2011-07-13,-1.3332
2011-07-14,-2.5295
2011-07-15,0.173
2011-07-18,-3.1088
2011-07-19,2.4955
2011-07-20,2.6087
2011-07-21,-1.8643999999999998
2011-07-22,0.8636
2011-07-25,-1.1985999999999999
2011-07-26,0.0
2011-07-27,-5.1993
2011-07-28,-5.4845
2011-07-29,-1.7408000000000001
2011-08-01,-2.5591
2011-08-02,-0.404
2011-08-03,4.8682
2011-08-04,-9.2843
2011-08-05,3.7313
2011-08-08,-7.9137
2011-08-09,4.9107
2011-08-10,1.0638
2011-08-11,4.2105
2011-08-12,-0.202
2011-08-15,0.2024
2011-08-16,-1.0101
2011-08-17,-1.0204
2011-08-18,-5.9794
2011-08-19,-1.0965
2011-08-22,0.4435
2011-08-23,2.649
2011-08-24,0.2151
2011-08-25,-0.8584
2011-08-26,0.0
2011-08-29,1.5152
2011-08-30,0.4264
2011-08-31,-1.6985000000000001
2011-09-01,2.1598
2011-09-02,0.0
2011-09-06,-1.0571
2011-09-07,1.4957
2011-09-08,1.2631999999999999
2011-09-09,-1.4553
2011-09-12,-0.211
2011-09-13,1.4799
2011-09-14,1.4583
2011-09-15,-1.232
2011-09-16,-1.8711
2011-09-19,0.6356
2011-09-20,-2.1053
2011-09-21,-4.086
2011-09-22,-2.4664
2011-09-23,-0.4598
2011-09-26,-1.3857
2011-09-27,-0.7026
2011-09-28,-0.4717
2011-09-29,-0.7109
2011-09-30,-0.4773
2011-10-03,-2.8777
2011-10-04,-0.7407
2011-10-05,2.2388
2011-10-06,-1.2165
2011-10-07,-2.4631
2011-10-10,0.5051
2011-10-11,4.2714
2011-10-12,2.1687
2011-10-13,3.3019
2011-10-14,-0.4566
2011-10-17,-3.8991
2011-10-18,0.0
2011-10-19,-2.3866
2011-10-20,-1.467
2011-10-21,0.9926
2011-10-24,0.9828
2011-10-25,-1.4599
2011-10-26,0.4938
2011-10-27,0.7371
2011-10-28,0.0
2011-10-31,0.0
2011-11-01,-2.6829
2011-11-02,10.7769
2011-11-03,4.9774
2011-11-04,2.5862
2011-11-07,-1.2605
2011-11-08,-3.1915
2011-11-09,-1.0989
2011-11-10,-2.0
2011-11-11,7.0295
2011-11-14,-1.4830999999999999
2011-11-15,0.4301
2011-11-16,-1.4989
2011-11-17,-1.7391
2011-11-18,0.4425
2011-11-21,-4.8458
2011-11-22,2.0833
2011-11-23,-3.4013999999999998
2011-11-25,-2.5822000000000003
2011-11-28,6.2651
2011-11-29,0.2268
2011-11-30,1.1312
2011-12-01,0.6711
2011-12-02,-1.7778
2011-12-05,0.6787
2011-12-06,-0.6742
2011-12-07,-0.4525
2011-12-08,-2.2727
2011-12-09,1.3953
2011-12-12,-0.4587
2011-12-13,-3.4562
2011-12-14,-5.2506
2011-12-15,0.7557
2011-12-16,2.5
2011-12-19,-1.7073
2011-12-20,0.9926
2011-12-21,-1.9656
2011-12-22,0.0
2011-12-23,0.2506
2011-12-27,0.0
2011-12-28,-1.0
2011-12-29,0.5051
2011-12-30,0.2513
2012-01-03,0.8772
2012-01-04,6.8323
2012-01-05,3.4884
2012-01-06,0.8989
2012-01-09,-0.6682
2012-01-10,1.1211
2012-01-11,1.7738
2012-01-12,-2.3965
2012-01-13,-1.1161
2012-01-17,-0.9029
2012-01-18,6.3781
2012-01-19,0.6424
2012-01-20,1.2766
2012-01-23,-1.4706000000000001
2012-01-24,0.2132
2012-01-25,-1.7021
2012-01-26,-0.4329
2012-01-27,2.1739
2012-01-30,-0.4255
2012-01-31,1.2821
2012-02-01,1.8987
2012-02-02,3.3125999999999998
2012-02-03,3.006
2012-02-06,-0.5837
2012-02-07,-2.1526
2012-02-08,0.8
2012-02-09,1.1905000000000001
2012-02-10,0.0
2012-02-13,0.3922
2012-02-14,1.5625
2012-02-15,0.5769
2012-02-16,2.2945
2012-02-17,0.3738
2012-02-21,1.4898
2012-02-22,-5.6881
2012-02-23,-0.5837
2012-02-24,1.7612999999999999
2012-02-27,0.0
2012-02-28,0.9615
2012-02-29,-0.9524
2012-03-01,0.0
2012-03-02,2.6923
2012-03-05,-5.0562
2012-03-06,2.7613
2012-03-07,4.0307
2012-03-08,-0.1845
2012-03-09,-1.2939
2012-03-12,0.1873
2012-03-13,0.9346
2012-03-14,-0.9259
2012-03-15,0.5607
2012-03-16,-1.8587
2012-03-19,2.2727
2012-03-20,0.1852
2012-03-21,-0.9242
2012-03-22,1.306
2012-03-23,-1.8416000000000001
2012-03-26,5.8161000000000005
2012-03-27,-0.5319
2012-03-28,0.713
2012-03-29,-0.177
2012-03-30,-0.5319
2012-04-02,-1.9607999999999999
2012-04-03,-0.3636
2012-04-04,0.365
2012-04-05,-1.8182
2012-04-09,-0.3704
2012-04-10,0.8364
2012-04-11,-0.2765
2012-04-12,1.8484
2012-04-13,-0.9074
2012-04-16,-0.7326
2012-04-17,-0.369
2012-04-18,0.7407
2012-04-19,-1.2868
2012-04-20,-2.2346
2012-04-23,-2.4762
2012-04-24,-1.1719
2012-04-25,4.5455
2012-04-26,0.0
2012-04-27,0.0
2012-04-30,1.5123
2012-05-01,-0.1862
2012-05-02,-1.1194
2012-05-03,-1.6981000000000002
2012-05-04,-0.1919
2012-05-07,0.0
2012-05-08,0.7692
2012-05-09,-1.145
2012-05-10,0.3861
2012-05-11,-0.5769
2012-05-14,-0.7737
2012-05-15,-3.2164
2012-05-16,-1.5106000000000002
2012-05-17,-3.4765
2012-05-18,2.9661
2012-05-21,-1.0288
2012-05-22,0.2079
2012-05-23,-0.6224
2012-05-24,-3.3403
2012-05-25,-2.5918
2012-05-29,-0.4435
2012-05-30,-1.7816999999999998
2012-05-31,-1.1338
2012-06-01,0.9174
2012-06-04,-0.6818
2012-06-05,-0.4577
2012-06-06,1.8391
2012-06-07,-0.4515
2012-06-08,0.2268
2012-06-11,-2.2624
2012-06-12,0.6944
2012-06-13,-2.9885
2012-06-14,3.3175
2012-06-15,-0.2294
2012-06-18,-0.4598
2012-06-19,-1.6166
2012-06-20,1.6432
2012-06-21,0.9238
2012-06-22,0.2288
2012-06-25,-4.1096
2012-06-26,2.8571
2012-06-27,1.8519
2012-06-28,-1.1364
2012-06-29,1.3793
2012-07-02,-1.8141
2012-07-03,-1.3857
2012-07-05,3.0445
2012-07-06,-2.7273
2012-07-09,1.8692
2012-07-10,-3.211
2012-07-11,-1.1848
2012-07-12,-1.199
2012-07-13,-2.4272
2012-07-16,-0.4975
2012-07-17,-1.75
2012-07-18,0.2545
2012-07-19,-1.0152
2012-07-20,-0.7692
2012-07-23,-0.2584
2012-07-24,-0.5181
2012-07-25,0.0
2012-07-26,0.2604
2012-07-27,0.5195
2012-07-30,0.2584
2012-07-31,0.0
2012-08-01,-5.9277999999999995
2012-08-02,0.5479
2012-08-03,2.1798
2012-08-06,3.2
2012-08-07,1.0336
2012-08-08,2.5575
2012-08-09,-0.4988
2012-08-10,0.5013
2012-08-13,-1.7456
2012-08-14,-0.5076
2012-08-15,-2.2959
2012-08-16,-1.8277
2012-08-17,-1.3298
2012-08-20,-1.0782
2012-08-21,-1.9074
2012-08-22,-0.8333
2012-08-23,-0.5602
2012-08-24,0.2817
2012-08-27,-0.2809
2012-08-28,0.0
2012-08-29,0.8451
2012-08-30,-1.6760000000000002
2012-08-31,0.8523
2012-09-04,-0.8451
2012-09-05,0.8523
2012-09-06,1.9718
2012-09-07,2.2099
2012-09-10,-0.2703
2012-09-11,-0.542
2012-09-12,3.5422000000000002
2012-09-13,-0.5263
2012-09-14,3.9683
2012-09-17,-0.5089
2012-09-18,0.7673
2012-09-19,-1.0152
2012-09-20,-0.2564
2012-09-21,1.7995
2012-09-24,-0.2525
2012-09-25,-1.0127
2012-09-26,-3.8363
2012-09-27,-0.266
2012-09-28,-0.2667
2012-10-01,2.6738
2012-10-02,-0.2604
2012-10-03,-1.3054999999999999
2012-10-04,-6.3492
2012-10-05,-9.0395
2012-10-08,6.8323
2012-10-09,-4.0698
2012-10-10,-0.9091
2012-10-11,1.2232
2012-10-12,-1.2085
2012-10-15,-0.3058
2012-10-16,0.9202
2012-10-17,3.0395
2012-10-18,0.295
2012-10-19,-1.1764999999999999
2012-10-22,0.5952
2012-10-23,-1.1834
2012-10-24,0.5988
2012-10-25,-1.7856999999999998
2012-10-26,-1.8182
2012-10-31,-2.1605
2012-11-01,-1.2618
2012-11-02,1.5974
2012-11-05,1.5723
2012-11-06,-0.9288
2012-11-07,-0.625
2012-11-08,-0.3145
2012-11-09,0.3155
2012-11-12,-0.9434
2012-11-13,-0.3175
2012-11-14,0.0
2012-11-15,-1.2739
2012-11-16,2.5806
2012-11-19,0.3145
2012-11-20,-1.8809
2012-11-21,0.0
2012-11-23,0.9585
2012-11-26,-2.2152
2012-11-27,-3.5599
2012-11-28,-1.0067
2012-11-29,1.6949
2012-11-30,1.6667
2012-12-03,1.6393
2012-12-04,-0.9677
2012-12-05,-2.9316
2012-12-06,-1.0067
2012-12-07,3.3898
2012-12-10,-0.3279
2012-12-11,-0.6579
2012-12-12,-0.3311
2012-12-13,-1.9933999999999998
2012-12-14,-1.6949
2012-12-17,2.069
2012-12-18,0.6757
2012-12-19,2.0134
2012-12-20,-1.3158
2012-12-21,8.0
2012-12-24,-4.321
2012-12-26,-3.5484
2012-12-27,-2.3411
2012-12-28,1.7123
2012-12-31,1.0101
2013-01-02,8.3333
2013-01-03,-0.3077
2013-01-04,1.5432000000000001
2013-01-07,-3.6474
2013-01-08,-1.5773000000000001
2013-01-09,1.6026
2013-01-10,-3.1546
2013-01-11,-1.3029
2013-01-14,1.9802
2013-01-15,-0.9709
2013-01-16,-2.6144
2013-01-17,5.0336
2013-01-18,0.9585
2013-01-22,-1.8987
2013-01-23,-0.3226
2013-01-24,0.3236
2013-01-25,-0.3226
2013-01-28,-0.6472
2013-01-29,4.5603
2013-01-30,-0.9346
2013-01-31,-3.7736
2013-02-01,0.3268
2013-02-04,0.3257
2013-02-05,-2.2727
2013-02-06,0.3322
2013-02-07,1.9868000000000001
2013-02-08,0.3247
2013-02-11,0.9709
2013-02-12,0.9615
2013-02-13,0.9524
2013-02-14,1.8868
2013-02-15,-3.0864
2013-02-19,0.9554
2013-02-20,-3.7855
2013-02-21,-0.9836
2013-02-22,-0.3311
2013-02-25,0.6645
2013-02-26,3.3003
2013-02-27,1.5974
2013-02-28,0.9434
2013-03-01,0.0
2013-03-04,-0.3115
2013-03-05,-0.625
2013-03-06,0.0
2013-03-07,1.8868
2013-03-08,1.8519
2013-03-11,-1.8182
2013-03-12,-1.2346
2013-03-13,0.3125
2013-03-14,-1.5575999999999999
2013-03-15,-0.3165
2013-03-18,1.5873
2013-03-19,-1.875
2013-03-20,-1.5924
2013-03-21,1.6181
2013-03-22,0.3185
2013-03-25,-1.9048
2013-03-26,0.9709
2013-03-27,-0.9615
2013-03-28,0.3236
2013-04-01,1.9355
2013-04-02,0.0
2013-04-03,0.6329
2013-04-04,-0.3145
2013-04-05,-0.1577
2013-04-08,0.4739
2013-04-09,0.9434
2013-04-10,1.5575999999999999
2013-04-11,-1.227
2013-04-12,-0.3106
2013-04-15,0.0
2013-04-16,-0.3115
2013-04-17,0.0
2013-04-18,-1.5625
2013-04-19,0.3175
2013-04-22,0.3165
2013-04-23,-1.2618
2013-04-24,-0.3195
2013-04-25,3.2051
2013-04-26,0.6211
2013-04-29,1.5432000000000001
2013-04-30,3.9514
2013-05-01,-2.6316
2013-05-02,5.1051
2013-05-03,1.4285999999999999
2013-05-06,-0.8451
2013-05-07,2.2727
2013-05-08,-4.1667
2013-05-09,-0.5797
2013-05-10,-0.5831
2013-05-13,1.173
2013-05-14,-0.2899
2013-05-15,-0.2907
2013-05-16,-0.8746
2013-05-17,3.5294
2013-05-20,-0.8523
2013-05-21,-1.1461000000000001
2013-05-22,-2.029
2013-05-23,-0.5917
2013-05-24,3.8689999999999998
2013-05-28,0.0
2013-05-29,-1.1461000000000001
2013-05-30,1.7391
2013-05-31,-1.7094
2013-06-03,-1.4493
2013-06-04,0.0
2013-06-05,-2.6471
2013-06-06,0.0
2013-06-07,1.2085
2013-06-10,2.3881
2013-06-11,2.6239
2013-06-12,-2.8409
2013-06-13,0.5848
2013-06-14,-1.7442
2013-06-17,-0.8876
2013-06-18,-0.597
2013-06-19,-1.8018
2013-06-20,-0.9174
2013-06-21,-2.1605
2013-06-24,0.9464
2013-06-25,1.25
2013-06-26,-0.9259
2013-06-27,0.9346
2013-06-28,1.8519
2013-07-01,2.7273
2013-07-02,1.1799
2013-07-03,-5.2478
2013-07-05,3.3846
2013-07-08,-2.3810000000000002
2013-07-09,0.6098
2013-07-10,-0.6061
2013-07-11,1.5244
2013-07-12,-3.003
2013-07-15,-1.2384
2013-07-16,3.4483
2013-07-17,5.4545
2013-07-18,-3.7356
2013-07-19,2.6866
2013-07-22,-0.8721
2013-07-23,-2.6393
2013-07-24,1.8072
2013-07-25,0.5917
2013-07-26,0.8824
2013-07-29,-3.7901
2013-07-30,0.0
2013-07-31,-2.4242
2013-08-01,0.6211
2013-08-02,2.7778
2013-08-05,-2.4024
2013-08-06,-1.2308
2013-08-07,1.8692
2013-08-08,0.3058
2013-08-09,-2.1341
2013-08-12,1.5575999999999999
2013-08-13,-4.2945
2013-08-14,5.1282
2013-08-15,-3.3537
2013-08-16,-1.5773000000000001
2013-08-19,1.2821
2013-08-20,1.2658
2013-08-21,-1.25
2013-08-22,1.2658
2013-08-23,-0.3125
2013-08-26,-0.9404
2013-08-27,0.3165
2013-08-28,0.3155
2013-08-29,-0.9434
2013-08-30,-3.1746
2013-09-03,-1.9672
2013-09-04,0.6689
2013-09-05,1.3289
2013-09-06,-2.2951
2013-09-09,1.6779
2013-09-10,0.9901
2013-09-11,0.0
2013-09-12,0.3268
2013-09-13,0.9772
2013-09-16,0.0
2013-09-17,1.6129
2013-09-18,-0.3175
2013-09-19,-0.6369
2013-09-20,2.2436
2013-09-23,-2.8213
2013-09-24,-1.6129
2013-09-25,0.0
2013-09-26,-1.6393
2013-09-27,2.3333
2013-09-30,0.9772
2013-10-01,4.5161
2013-10-02,-3.0864
2013-10-03,-1.5924
2013-10-04,0.9709
2013-10-07,1.6026
2013-10-08,-0.6309
2013-10-09,-0.6349
2013-10-10,-0.9585
2013-10-11,0.3226
2013-10-14,-0.3215
2013-10-15,0.0
2013-10-16,1.9355
2013-10-17,-0.6329
2013-10-18,-0.9554
2013-10-21,0.9646
2013-10-22,-1.2739
2013-10-23,0.9677
2013-10-24,-1.5974
2013-10-25,0.974
2013-10-28,0.3215
2013-10-29,1.6026
2013-10-30,-9.4637
2013-10-31,3.4843
2013-11-01,1.0101
2013-11-04,-0.3333
2013-11-05,2.6756
2013-11-06,1.6287
2013-11-07,-4.1667
2013-11-08,-4.0134
2013-11-11,0.3484
2013-11-12,-1.7361
2013-11-13,0.7067
2013-11-14,0.0
2013-11-15,0.3509
2013-11-18,-1.3986
2013-11-19,-1.0638
2013-11-20,0.3584
2013-11-21,0.3571
2013-11-22,-0.7117
2013-11-25,1.7921
2013-11-26,-0.7042
2013-11-27,-1.0638
2013-11-29,-0.3584
2013-12-02,-0.7194
2013-12-03,0.7246
2013-12-04,-1.0791
2013-12-05,1.8182
2013-12-06,-1.7856999999999998
2013-12-09,-0.3636
2013-12-10,0.0
2013-12-11,-1.0949
2013-12-12,0.0
2013-12-13,1.476
2013-12-16,0.3636
2013-12-17,3.2609
2013-12-18,-1.0526
2013-12-19,-1.7730000000000001
2013-12-20,-0.361
2013-12-23,-0.3623
2013-12-24,1.0909
2013-12-26,-1.0791
2013-12-27,8.7273
2013-12-30,-2.3411
2013-12-31,-4.4521
2014-01-02,5.7348
2014-01-03,-3.0508
2014-01-06,3.1469
2014-01-07,-0.339
2014-01-08,2.0408
2014-01-09,1.0
2014-01-10,1.3201
2014-01-13,-0.6474
2014-01-14,1.3073000000000001
2014-01-15,4.0655
2014-01-16,-1.7298
2014-01-17,-1.2658
2014-01-21,0.3205
2014-01-22,0.0
2014-01-23,0.0
2014-01-24,0.0
2014-01-27,-4.1534
2014-01-28,0.0
2014-01-29,0.0
2014-01-30,8.0
2014-01-31,-1.2346
2014-02-03,-1.25
2014-02-04,2.2152
2014-02-05,1.2384
2014-02-06,2.1407
2014-02-07,-0.5988
2014-02-10,-1.8072
2014-02-11,3.3742
2014-02-12,-0.2967
2014-02-13,0.5952
2014-02-14,0.5917
2014-02-18,1.4706000000000001
2014-02-19,0.2899
2014-02-20,7.2254
2014-02-21,1.6173
2014-02-24,1.8568
2014-02-25,-0.2604
2014-02-26,-2.0888
2014-02-27,0.0
2014-02-28,0.0
2014-03-03,-1.6
2014-03-04,-0.271
2014-03-05,0.5435
2014-03-06,3.5135
2014-03-07,0.5222
2014-03-10,-0.5195
2014-03-11,-3.9164
2014-03-12,-2.1739
2014-03-13,-2.7778
2014-03-14,0.5714
2014-03-17,0.0
2014-03-18,0.0
2014-03-19,1.4205
2014-03-20,4.2017
2014-03-21,-1.6129
2014-03-24,-7.9235
2014-03-25,-2.0772
2014-03-26,-4.2424
2014-03-27,3.1646
2014-03-28,0.3067
2014-03-31,0.3058
2014-04-01,0.6098
2014-04-02,0.0
2014-04-03,-1.8182
2014-04-04,-0.6173
2014-04-07,0.0
2014-04-08,0.3106
2014-04-09,2.4768
2014-04-10,2.1148
2014-04-11,-0.5917
2014-04-14,-4.7619
2014-04-15,5.3125
2014-04-16,-0.8902
2014-04-17,-1.1976
2014-04-21,-0.303
2014-04-22,-0.9119
2014-04-23,4.908
2014-04-24,0.5885
2014-04-25,-1.1663999999999999
2014-04-28,0.5882
2014-04-29,1.7544
2014-04-30,3.4483
2014-05-01,8.0556
2014-05-02,-4.6272
2014-05-05,-0.5391
2014-05-06,-0.813
2014-05-07,-3.5519
2014-05-08,-3.1161
2014-05-09,-1.462
2014-05-12,2.819
2014-05-13,0.1443
2014-05-14,-2.0173
2014-05-15,0.8824
2014-05-16,-2.3324
2014-05-19,3.2836
2014-05-20,0.8671
2014-05-21,1.7191999999999998
2014-05-22,1.1268
2014-05-23,0.7103
2014-05-27,-0.7053
2014-05-28,0.8357
2014-05-29,-3.0387
2014-05-30,-0.5698
2014-06-02,-0.2865
2014-06-03,0.2874
2014-06-04,2.0057
2014-06-05,0.0
2014-06-06,-0.5618
2014-06-09,-1.6949
2014-06-10,-0.2874
2014-06-11,-2.0173
2014-06-12,-0.2941
2014-06-13,0.59
2014-06-16,-2.0528
2014-06-17,1.1976
2014-06-18,-0.8876
2014-06-19,-0.8955
2014-06-20,0.9036
2014-06-23,1.194
2014-06-24,0.0
2014-06-25,0.59
2014-06-26,0.5865
2014-06-27,-2.6239
2014-06-30,2.0958
2014-07-01,-2.0528
2014-07-02,-1.1976
2014-07-03,0.303
2014-07-07,-3.6254
2014-07-08,3.1348
2014-07-09,-0.304
2014-07-10,-1.2195
2014-07-11,0.9259
2014-07-14,-0.9174
2014-07-15,1.2346
2014-07-16,0.3049
2014-07-17,-2.4316
2014-07-18,0.6231
2014-07-21,1.2384
2014-07-22,3.0581
2014-07-23,-4.7478
2014-07-24,-2.1807
2014-07-25,-1.5924
2014-07-28,-2.9126
2014-07-29,-0.6667
2014-07-30,2.6846
2014-07-31,0.0
2014-08-01,1.3072
2014-08-04,-1.9395
2014-08-05,0.3331
2014-08-06,0.0
2014-08-07,0.6557
2014-08-08,0.9772
2014-08-11,0.6452
2014-08-12,-0.641
2014-08-13,0.9677
2014-08-14,0.639
2014-08-15,-0.3175
2014-08-18,0.6369
2014-08-19,1.2619
2014-08-20,-2.4962
2014-08-21,0.0
2014-08-22,1.2821
2014-08-25,-3.481
2014-08-26,1.3115
2014-08-27,-1.2945
2014-08-28,0.0
2014-08-29,0.9836
2014-09-02,-3.2468
2014-09-03,1.6779
2014-09-04,-1.3201
2014-09-05,-1.3378
2014-09-08,-1.0169
2014-09-09,-1.7123
2014-09-10,-0.6969
2014-09-11,1.7544
2014-09-12,-2.069
2014-09-15,2.4648
2014-09-16,-3.0928
2014-09-17,0.7092
2014-09-18,-2.4648
2014-09-19,0.361
2014-09-22,-1.8705
2014-09-23,-2.4927
2014-09-24,-0.3759
2014-09-25,-2.6414999999999997
2014-09-26,4.6512
2014-09-29,0.0
2014-09-30,-1.4815
2014-10-01,-0.3759
2014-10-02,1.5093999999999999
2014-10-03,-1.1152
2014-10-06,1.1278
2014-10-07,-0.7435
2014-10-08,-12.3596
2014-10-09,-1.7094
2014-10-10,-10.4348
2014-10-13,-2.9126
2014-10-14,-2.0
2014-10-15,-0.5102
2014-10-16,1.0256
2014-10-17,-0.5076
2014-10-20,1.5306
2014-10-21,0.5025
2014-10-22,-0.5
2014-10-23,0.5025
2014-10-24,-1.5
2014-10-27,-3.0457
2014-10-28,-0.5236
2014-10-29,6.1579
2014-10-30,-4.3133
2014-10-31,2.0725
2014-11-03,-1.0152
2014-11-04,0.0
2014-11-05,0.0
2014-11-06,0.0
2014-11-07,-1.0256
2014-11-10,-0.5181
2014-11-11,-0.5208
2014-11-12,1.0471
2014-11-13,1.5544
2014-11-14,0.5102
2014-11-17,2.5381
2014-11-18,-0.9901
2014-11-19,-1.5
2014-11-20,0.0
2014-11-21,2.5381
2014-11-24,0.0
2014-11-25,6.9307
2014-11-26,8.7963
2014-11-28,-0.8511
2014-12-01,-2.1459
2014-12-02,0.4441
2014-12-03,-0.0055
2014-12-04,-0.4367
2014-12-05,3.5088
2014-12-08,-0.4237
2014-12-09,-1.2766
2014-12-10,-1.3147
2014-12-11,-1.2885
2014-12-12,-5.3097
2014-12-15,2.8037
2014-12-16,-0.4545
2014-12-17,1.3699
2014-12-18,-1.8018
2014-12-19,-0.9174
2014-12-22,0.0
2014-12-23,0.463
2014-12-24,0.4608
2014-12-26,1.3761
2014-12-29,9.9548
2014-12-30,-3.2922000000000002
2014-12-31,2.1277
2015-01-02,0.4167
2015-01-05,2.4896
2015-01-06,0.4049
2015-01-07,-0.4032
2015-01-08,1.2146
2015-01-09,-2.0
2015-01-12,1.6327
2015-01-13,-0.8032
2015-01-14,-5.668
2015-01-15,-0.8584
2015-01-16,7.7922
2015-01-20,-0.8032
2015-01-21,-2.0243
2015-01-22,-0.8264
2015-01-23,0.0
2015-01-26,-1.6667
2015-01-27,0.4237
2015-01-28,-2.1097
2015-01-29,2.1552
2015-01-30,-0.4219
2015-02-02,2.5423999999999998
2015-02-03,1.2397
2015-02-04,-2.8571
2015-02-05,2.1008
2015-02-06,0.823
2015-02-09,-1.2245
2015-02-10,1.2397
2015-02-11,-0.4082
2015-02-12,0.4098
2015-02-13,0.4082
2015-02-17,0.813
2015-02-18,0.8065
2015-02-19,2.0
2015-02-20,-0.3922
2015-02-23,-0.3937
2015-02-24,-3.1621
2015-02-25,0.0
2015-02-26,0.0
2015-02-27,3.2653
2015-03-02,-0.7905
2015-03-03,0.3984
2015-03-04,-1.5873
2015-03-05,0.8065
2015-03-06,-2.4
2015-03-09,2.459
2015-03-10,-3.6
2015-03-11,3.7344
2015-03-12,0.0
2015-03-13,-1.2
2015-03-16,0.4049
2015-03-17,-1.6129
2015-03-18,0.0
2015-03-19,0.8197
2015-03-20,0.4065
2015-03-23,2.0243
2015-03-24,-0.6076
2015-03-25,2.2084
2015-03-26,1.1719
2015-03-27,-3.4749
2015-03-30,0.4
2015-03-31,4.3825
2015-04-01,0.0
2015-04-02,4.9618
2015-04-06,-3.6364
2015-04-07,2.2641999999999998
2015-04-08,-5.9041
2015-04-09,0.0
2015-04-10,0.7843
2015-04-13,0.0
2015-04-14,-4.2802
2015-04-15,0.0
2015-04-16,-0.4065
2015-04-17,0.0
2015-04-20,-2.449
2015-04-21,-2.9289
2015-04-22,2.5862
2015-04-23,0.4202
2015-04-24,-0.4184
2015-04-27,-0.4202
2015-04-28,2.5316
2015-04-29,-2.4691
2015-04-30,-2.9536
2015-05-01,3.0435
2015-05-04,-2.3207
2015-05-05,3.6717
2015-05-06,0.0
2015-05-07,-0.8333
2015-05-08,4.2017
2015-05-11,-3.629
2015-05-12,0.0
2015-05-13,-3.3473
2015-05-14,-1.7316
2015-05-15,0.0
2015-05-18,-0.4405
2015-05-19,-1.7699
2015-05-20,0.4505
2015-05-21,-0.8969
2015-05-22,0.905
2015-05-26,1.3453
2015-05-27,-0.7439
2015-05-28,-0.1421
2015-05-29,-0.4464
2015-06-01,-0.8969
2015-06-02,0.4525
2015-06-03,-0.9009
2015-06-04,0.4545
2015-06-05,0.526
2015-06-08,-0.5233
2015-06-09,0.0
2015-06-10,0.4525
2015-06-11,0.4505
2015-06-12,-0.4484
2015-06-15,0.0
2015-06-16,0.9009
2015-06-17,1.7856999999999998
2015-06-18,-0.6579
2015-06-19,0.6623
2015-06-22,7.4561
2015-06-23,1.6327
2015-06-24,-0.4016
2015-06-25,-2.0161
2015-06-26,2.8807
2015-06-29,-2.4
2015-06-30,6.5574
2015-07-01,0.0
2015-07-02,7.6923
2015-07-06,-1.7856999999999998
2015-07-07,-8.0
2015-07-08,-1.9763
2015-07-09,1.2097
2015-07-10,0.0
2015-07-13,3.5857
2015-07-14,-4.6154
2015-07-15,1.2097
2015-07-16,0.0
2015-07-17,0.0
2015-07-20,1.1952
2015-07-21,0.3937
2015-07-22,-0.3922
2015-07-23,-3.1496
2015-07-24,1.626
2015-07-27,-2.8
2015-07-28,2.8807
2015-07-29,-2.8
2015-07-30,2.4691
2015-07-31,-0.8032
2015-08-03,-8.502
2015-08-04,-2.2124
2015-08-05,4.0724
2015-08-06,3.0435
2015-08-07,1.6825
2015-08-10,-2.4846
2015-08-11,-0.4255
2015-08-12,2.1368
2015-08-13,0.8368
2015-08-14,-2.4896
2015-08-17,5.5319
2015-08-18,-3.8382
2015-08-19,0.6368
2015-08-20,-5.0
2015-08-21,-1.3158
2015-08-24,-3.5556
2015-08-25,0.0
2015-08-26,1.3825
2015-08-27,1.8182
2015-08-28,-1.3393
2015-08-31,1.3575
2015-09-01,1.7856999999999998
2015-09-02,0.0
2015-09-03,5.7018
2015-09-04,-2.0747
2015-09-08,0.0
2015-09-09,-0.4237
2015-09-10,-4.6809
2015-09-11,-0.2316
2015-09-14,0.2321
2015-09-15,0.0
2015-09-16,0.8929
2015-09-17,-0.2212
2015-09-18,-1.1086
2015-09-21,4.4787
2015-09-22,-1.7115
2015-09-23,-0.8734
2015-09-24,2.2026
2015-09-25,-0.431
2015-09-28,-1.7316
2015-09-29,1.3216
2015-09-30,-1.2255
2015-10-01,2.5613
2015-10-02,-0.8584
2015-10-05,-2.1645
2015-10-06,-13.7223
2015-10-07,-4.6093
2015-10-08,-3.2258
2015-10-09,-2.2222
2015-10-12,0.5682
2015-10-13,0.565
2015-10-14,-1.1236
2015-10-15,0.0
2015-10-16,-1.7045
2015-10-19,5.2023
2015-10-20,-1.6484
2015-10-21,2.7933
2015-10-22,1.087
2015-10-23,-2.6882
2015-10-26,-0.5525
2015-10-27,0.5556
2015-10-28,0.0
2015-10-29,-1.6575
2015-10-30,-1.6854
2015-11-02,-1.1429
2015-11-03,1.7341
2015-11-04,-5.1136
2015-11-05,1.7964
2015-11-06,0.0
2015-11-09,1.6985000000000001
2015-11-10,-0.5133
2015-11-11,1.1628
2015-11-12,-3.4483
2015-11-13,1.1905000000000001
2015-11-16,2.9412000000000003
2015-11-17,-5.1429
2015-11-18,-1.2048
2015-11-19,0.6098
2015-11-20,-3.0303
2015-11-23,6.25
2015-11-24,-0.5882
2015-11-25,-0.5917
2015-11-27,5.3571
2015-11-30,-1.1299
2015-12-01,0.0
2015-12-02,-0.5714
2015-12-03,0.0
2015-12-04,0.0
2015-12-07,-2.2989
2015-12-08,-2.3529
2015-12-09,-0.6024
2015-12-10,-3.0303
2015-12-11,-1.875
2015-12-14,-3.8217
2015-12-15,3.3113
2015-12-16,-3.8462
2015-12-17,-0.1083
2015-12-18,-1.3348
2015-12-21,0.7863
2015-12-22,2.0134
2015-12-23,-1.3158
2015-12-24,-0.6667
2015-12-28,-2.6846
2015-12-29,2.069
2015-12-30,-1.3514
2015-12-31,-3.4247
2016-01-04,9.2199
2016-01-05,1.4042
2016-01-06,-3.2978
2016-01-07,-2.6571
2016-01-08,-1.7134
2016-01-11,-1.7174
2016-01-12,1.4085
2016-01-13,-6.25
2016-01-14,6.6667
2016-01-15,-5.5556
2016-01-19,0.0
2016-01-20,-2.9412000000000003
2016-01-21,3.0303
2016-01-22,0.0
2016-01-25,0.7353
2016-01-26,0.7208
2016-01-27,-2.8898
2016-01-28,-2.3601
2016-01-29,4.71
2016-02-01,-6.5693
2016-02-02,2.3438
2016-02-03,-0.7634
2016-02-04,-1.5385
2016-02-05,0.0
2016-02-08,0.0
2016-02-09,-0.7813
2016-02-10,0.4478
2016-02-11,6.6091999999999995
2016-02-12,-2.2059
2016-02-16,1.5038
2016-02-17,2.2222
2016-02-18,1.4493
2016-02-19,0.0
2016-02-22,0.9554
2016-02-23,3.2988
2016-02-24,2.7397
2016-02-25,0.0
2016-02-26,-2.6667
2016-02-29,3.4247
2016-03-01,1.9868000000000001
2016-03-02,-3.3523
2016-03-03,0.7811
2016-03-04,-1.3333
2016-03-07,1.3514
2016-03-08,-2.0
2016-03-09,2.0408
2016-03-10,-1.3333
2016-03-11,0.6757
2016-03-14,2.0134
2016-03-15,-0.3289
2016-03-16,-1.6502
2016-03-17,1.3423
2016-03-18,-0.6623
2016-03-21,-1.9917
2016-03-22,-0.0085
2016-03-23,-0.6803
2016-03-24,-2.0548
2016-03-28,2.0979
2016-03-29,4.1096
2016-03-30,-1.3158
2016-03-31,4.6667
2016-04-01,0.0
2016-04-04,0.6369
2016-04-05,-0.6329
2016-04-06,-0.3941
2016-04-07,-0.2438
2016-04-08,-1.0256
2016-04-11,-1.5463
2016-04-12,0.6496
2016-04-13,0.0
2016-04-14,-1.3072
2016-04-15,-1.3245
2016-04-18,4.0268
2016-04-19,-5.8065
2016-04-20,0.6849
2016-04-21,-0.6803
2016-04-22,-0.3425
2016-04-25,-1.0309
2016-04-26,-2.7778
2016-04-27,0.0
2016-04-28,2.8571
2016-04-29,-2.0833
2016-05-02,-1.4184
2016-05-03,-1.4388
2016-05-04,4.3796
2016-05-05,-0.6993
2016-05-06,0.4137
2016-05-09,1.6919
2016-05-10,1.3793
2016-05-11,2.0408
2016-05-12,-2.0
2016-05-13,-0.6803
2016-05-16,1.3699
2016-05-17,-4.8057
2016-05-18,-0.6299
2016-05-19,0.7143
2016-05-20,0.0
2016-05-23,2.1277
2016-05-24,0.0
2016-05-25,-2.0833
2016-05-26,-0.7092
2016-05-27,2.8571
2016-05-31,0.0
2016-06-01,-2.7691
2016-06-02,1.4195
2016-06-03,2.1127
2016-06-06,-1.3793
2016-06-07,0.035
2016-06-08,4.8584
2016-06-09,4.0
2016-06-10,-3.8462
2016-06-13,0.0
2016-06-14,-5.3333
2016-06-15,5.6338
2016-06-16,-3.3333
2016-06-17,0.0
2016-06-20,4.8276
2016-06-21,0.0
2016-06-22,-0.6579
2016-06-23,0.0
2016-06-24,2.649
2016-06-27,-2.5806
2016-06-28,-1.3245
2016-06-29,1.3423
2016-06-30,1.8542999999999998
2016-07-01,7.2822
2016-07-05,-1.8182
2016-07-06,5.5556
2016-07-07,1.7544
2016-07-08,-4.5977
2016-07-11,-3.6069
2016-07-12,4.9918
2016-07-13,-5.9449
2016-07-14,-0.0079
2016-07-15,1.2658
2016-07-18,-3.75
2016-07-19,2.5974
2016-07-20,-3.1646
2016-07-21,0.0
2016-07-22,1.3072
2016-07-25,3.2258
2016-07-26,-1.25
2016-07-27,-0.6329
2016-07-28,-0.6369
2016-07-29,3.8462
2016-08-01,1.2346
2016-08-02,3.6585
2016-08-03,5.2941
2016-08-04,0.5587
2016-08-05,6.6667
2016-08-08,-2.6042
2016-08-09,-1.0695000000000001
2016-08-10,-0.5946
2016-08-11,-1.0332
2016-08-12,-1.0989
2016-08-15,2.2222
2016-08-16,-3.9504
2016-08-17,3.4551
2016-08-18,-1.5518999999999998
2016-08-19,2.2222
2016-08-22,-1.6303999999999998
2016-08-23,-3.3149
2016-08-24,1.7143000000000002
2016-08-25,0.0
2016-08-26,-1.1236
2016-08-29,-0.7386
2016-08-30,0.7155
2016-08-31,-3.3816
2016-09-01,1.1764999999999999
2016-09-02,1.7442
2016-09-06,-1.1429
2016-09-07,-2.8902
2016-09-08,0.0
2016-09-09,0.5952
2016-09-12,0.5917
2016-09-13,-2.3529
2016-09-14,-1.7997
2016-09-15,-1.2269
2016-09-16,-0.0078
2016-09-19,1.8634
2016-09-20,-1.8293
2016-09-21,-1.2422
2016-09-22,-0.3263
2016-09-23,1.5814
2016-09-26,-0.6134
2016-09-27,-0.625
2016-09-28,-1.2579
2016-09-29,8.9172
2016-09-30,-1.1696
2016-10-03,0.0
2016-10-04,0.0
2016-10-05,-0.5917
2016-10-06,-1.1905000000000001
2016-10-07,1.2048
2016-10-10,0.0
2016-10-11,0.5952
2016-10-12,0.5917
2016-10-13,4.1176
2016-10-14,0.565
2016-10-17,0.0
2016-10-18,1.1236
2016-10-19,2.7778
2016-10-20,1.0811
2016-10-21,-1.0695000000000001
2016-10-24,0.2703
2016-10-25,0.2695
2016-10-26,-0.5376
2016-10-27,0.0
2016-10-28,-4.3243
2016-10-31,0.0
2016-11-01,0.0
2016-11-02,16.3842
2016-11-03,-5.8101
2016-11-04,-1.0469
2016-11-07,-1.0417
2016-11-08,-2.1053
2016-11-09,-0.5376
2016-11-10,1.0811
2016-11-11,0.5348
2016-11-14,1.0638
2016-11-15,0.0
2016-11-16,8.4211
2016-11-17,0.4854
2016-11-18,-2.8986
2016-11-21,-1.99
2016-11-22,-5.5838
2016-11-23,-1.0753
2016-11-25,-0.5435
2016-11-28,1.6393
2016-11-29,-2.1505
2016-11-30,1.6484
2016-12-01,2.7027
2016-12-02,-2.1053
2016-12-05,2.4194
2016-12-06,-2.8806000000000003
2016-12-07,-0.0068
2016-12-08,0.0
2016-12-09,8.1081
2016-12-12,-1.0
2016-12-13,0.0
2016-12-14,2.5253
2016-12-15,-3.4483
2016-12-16,0.5102
2016-12-19,0.5076
2016-12-20,0.5051
2016-12-21,-1.005
2016-12-22,-4.5685
2016-12-23,2.1277
2016-12-27,3.125
2016-12-28,-2.0202
2016-12-29,-2.0619
2016-12-30,-5.2632
2017-01-03,5.0
2017-01-04,25.9259
2017-01-05,5.042
2017-01-06,-0.4
2017-01-09,-1.6064
2017-01-10,11.8367
2017-01-11,-4.0192
2017-01-12,-4.7483
2017-01-13,5.3892
2017-01-17,3.7879
2017-01-18,0.0
2017-01-19,-1.2774
2017-01-20,0.0
2017-01-23,0.9242
2017-01-24,-1.0989
2017-01-25,-7.4074
2017-01-26,0.0
2017-01-27,-4.4
2017-01-30,-1.2551999999999999
2017-01-31,-0.4237
2017-02-01,4.2553
2017-02-02,1.6327
2017-02-03,2.2741
2017-02-06,-2.2235
2017-02-07,0.8032
2017-02-08,-1.1952
2017-02-09,-3.2258
2017-02-10,2.9167
2017-02-13,-4.0486
2017-02-14,0.1424
2017-02-15,-3.0916
2017-02-16,2.1739
2017-02-17,-2.1277
2017-02-21,2.1739
2017-02-22,-5.5319
2017-02-23,-0.4505
2017-02-24,0.905
2017-02-27,3.1390000000000002
2017-02-28,-4.3478
2017-03-01,4.5455
2017-03-02,-2.1739
2017-03-03,0.0
2017-03-06,-4.0
2017-03-07,2.3148
2017-03-08,-1.3575
2017-03-09,0.4587
2017-03-10,-1.3699
2017-03-13,0.9259
2017-03-14,2.7523
2017-03-15,2.2321
2017-03-16,-3.4934
2017-03-17,5.8824
2017-03-20,-1.2821
2017-03-21,-1.7316
2017-03-22,1.7621
2017-03-23,1.2987
2017-03-24,1.7094
2017-03-27,-1.6806999999999999
2017-03-28,-1.2821
2017-03-29,1.7316
2017-03-30,-1.2766
2017-03-31,-1.2931
2017-04-03,1.7467000000000001
2017-04-04,0.8584
2017-04-05,-4.6809
2017-04-06,1.7856999999999998
2017-04-07,0.8772
2017-04-10,2.1739
2017-04-11,-3.4043
2017-04-12,-1.7621
2017-04-13,1.7936999999999999
2017-04-17,2.6432
2017-04-18,0.8584
2017-04-19,6.383
2017-04-20,0.0
2017-04-21,-0.4
2017-04-24,0.0
2017-04-25,-0.4016
2017-04-26,0.4032
2017-04-27,0.4016
2017-04-28,-0.8
2017-05-01,-2.8226
2017-05-02,-0.4149
2017-05-03,0.0
2017-05-04,0.4167
2017-05-05,1.6598000000000002
2017-05-08,1.6327
2017-05-09,0.4016
2017-05-10,-13.6
2017-05-11,3.7037
2017-05-12,-4.0179
2017-05-15,3.7209
2017-05-16,-2.2422
2017-05-17,-5.0459
2017-05-18,-0.4831
2017-05-19,0.4854
2017-05-22,-0.4831
2017-05-23,-1.9417
2017-05-24,3.4653
2017-05-25,-3.3493
2017-05-26,3.4653
2017-05-30,-2.8708
2017-05-31,0.0
2017-06-01,-4.9261
2017-06-02,-2.5907
2017-06-05,4.2553
2017-06-06,-1.5255
2017-06-07,0.5129
2017-06-08,1.0309
2017-06-09,-5.6122
2017-06-12,0.5405
2017-06-13,1.0753
2017-06-14,-0.5319
2017-06-15,0.0802
2017-06-16,-1.1488
2017-06-19,3.2378
2017-06-20,2.0996
2017-06-21,-3.0769
2017-06-22,0.5291
2017-06-23,0.0
2017-06-26,0.5263
2017-06-27,-0.5236
2017-06-28,2.6316
2017-06-29,-4.1026
2017-06-30,4.8128
2017-07-03,-5.102
2017-07-05,-1.0753
2017-07-06,-2.1739
2017-07-07,1.6667
2017-07-10,-0.5464
2017-07-11,2.7473
2017-07-12,0.0
2017-07-13,-0.5348
2017-07-14,-1.0753
2017-07-17,0.5489
2017-07-18,-0.5459
2017-07-19,0.75
2017-07-20,0.8739
2017-07-21,-1.0695000000000001
2017-07-24,0.0
2017-07-25,0.0
2017-07-26,0.0
2017-07-27,2.7027
2017-07-28,0.5211
2017-07-31,-1.0419
2017-08-01,1.0582
2017-08-02,2.6178
2017-08-03,-13.6735
2017-08-04,-1.3002
2017-08-07,-1.1976
2017-08-08,0.0
2017-08-09,2.4242
2017-08-10,-3.5444
2017-08-11,1.8342
2017-08-14,0.006
2017-08-15,-1.8131
2017-08-16,-0.6135
2017-08-17,-1.2346
2017-08-18,-0.625
2017-08-21,-4.4025
2017-08-22,-2.6316
2017-08-23,2.027
2017-08-24,0.6623
2017-08-25,3.9474
2017-08-28,-3.1646
2017-08-29,-0.6536
2017-08-30,-0.6579
2017-08-31,2.649
2017-09-01,0.0
2017-09-05,-2.5806
2017-09-06,-0.6623
2017-09-07,6.0
2017-09-08,-0.6289
2017-09-11,2.8670999999999998
2017-09-12,-0.2769
2017-09-13,1.1846
2017-09-14,-3.0488
2017-09-15,6.2893
2017-09-18,-3.5503
2017-09-19,-2.454
2017-09-20,1.2579
2017-09-21,1.2422
2017-09-22,-0.6135
2017-09-25,3.7284
2017-09-26,-3.16
2017-09-27,6.3111
2017-09-28,-0.3179
2017-09-29,2.6384
2017-10-02,-2.3672
2017-10-03,-0.2083
2017-10-04,-2.4877000000000002
2017-10-05,1.0942
2017-10-06,0.0
2017-10-09,7.6471
2017-10-10,0.8907
2017-10-11,1.8253
2017-10-12,0.0
2017-10-13,-0.5319
2017-10-16,0.5348
2017-10-17,-0.5319
2017-10-18,-1.0909
2017-10-19,-5.3849
2017-10-20,0.0
2017-10-23,0.44
2017-10-24,6.389
2017-10-25,0.0
2017-10-26,-2.6738
2017-10-27,6.5934
2017-10-30,3.6082
2017-10-31,-0.2736
2017-11-01,-9.2043
2017-11-02,-2.1923
2017-11-03,0.5561
2017-11-06,1.1173
2017-11-07,1.1105
2017-11-08,-0.0055
2017-11-09,-0.5464
2017-11-10,1.0989
2017-11-13,-2.7174
2017-11-14,3.9106
2017-11-15,-3.2204
2017-11-16,2.2165
2017-11-17,-2.7174
2017-11-20,2.2346
2017-11-21,1.0929
2017-11-22,0.5405
2017-11-24,1.5
2017-11-27,-0.9428
2017-11-28,-3.7485
2017-11-29,2.2222
2017-11-30,0.0
2017-12-01,-4.5272
2017-12-04,2.4079
2017-12-05,-3.5575
2017-12-06,-4.3228
2017-12-07,1.2048
2017-12-08,-1.7856999999999998
2017-12-11,1.8182
2017-12-12,-1.7856999999999998
2017-12-13,0.6061
2017-12-14,0.6024
2017-12-15,-0.5988
2017-12-18,0.0
2017-12-19,-3.006
2017-12-20,2.4781
2017-12-21,0.6
2017-12-22,-1.1989
2017-12-26,-0.6098
2017-12-27,-1.227
2017-12-28,1.236
2017-12-29,2.3928
2018-01-02,6.0579
2018-01-03,-1.1864
2018-01-04,-3.3734
2018-01-05,2.9527
2018-01-08,-3.4427
2018-01-09,-0.5952
2018-01-10,-0.5988
2018-01-11,0.0
2018-01-12,-3.012
2018-01-16,0.6211
2018-01-17,3.0864
2018-01-18,1.7964
2018-01-19,-2.3529
2018-01-22,0.5422
2018-01-23,-2.3367
2018-01-24,0.6135
2018-01-25,0.6098
2018-01-26,-0.6061
2018-01-29,0.0
2018-01-30,0.6098
2018-01-31,-8.4909
2018-02-01,0.6689
2018-02-02,-3.9408
2018-02-05,-1.3835
2018-02-06,-0.6875
2018-02-07,0.0
2018-02-08,-1.7483
2018-02-09,-2.4911
2018-02-12,1.4599
2018-02-13,2.1583
2018-02-14,0.0
2018-02-15,1.7606000000000002
2018-02-16,-1.7301
2018-02-20,0.0
2018-02-21,0.0
2018-02-22,-0.7042
2018-02-23,0.0
2018-02-26,2.8369
2018-02-27,-0.6897
2018-02-28,-0.6944
2018-03-01,2.0979
2018-03-02,1.3699
2018-03-05,0.6757
2018-03-06,-1.3423
2018-03-07,1.3605
2018-03-08,0.6711
2018-03-09,3.3333
2018-03-12,-1.2903
2018-03-13,-2.6144
2018-03-14,0.6711
2018-03-15,-6.0
2018-03-16,-2.8369
2018-03-19,1.4599
2018-03-20,1.7482
2018-03-21,-1.0111
2018-03-22,-2.1429
2018-03-23,2.1898
2018-03-26,-1.4285999999999999
2018-03-27,-0.7246
2018-03-28,2.1898
2018-03-29,-2.8571
2018-04-02,2.9412000000000003
2018-04-03,-0.7143
2018-04-04,-1.4388
2018-04-05,2.1898
2018-04-06,-2.1429
2018-04-09,-0.7299
2018-04-10,0.7353
2018-04-11,0.0
2018-04-12,0.0
2018-04-13,-0.7299
2018-04-16,0.1471
2018-04-17,0.8517
2018-04-18,0.4659
2018-04-19,-1.4493
2018-04-20,0.7353
2018-04-23,0.7299
2018-04-24,1.4493
2018-04-25,-2.1429
2018-04-26,-0.0073
2018-04-27,0.0073
2018-04-30,-1.4599
2018-05-01,-1.4815
2018-05-02,9.0226
2018-05-03,9.6483
2018-05-04,-6.2834
2018-05-07,0.0
2018-05-08,0.6711
2018-05-09,-1.3333
2018-05-10,1.3514
2018-05-11,-1.3333
2018-05-14,4.7297
2018-05-15,1.2903
2018-05-16,3.1847
2018-05-17,-1.8519
2018-05-18,1.2579
2018-05-21,0.6211
2018-05-22,-0.6173
2018-05-23,0.6211
2018-05-24,2.4691
2018-05-25,0.0
2018-05-29,-3.6145
2018-05-30,3.75
2018-05-31,-3.6145
2018-06-01,4.375
2018-06-04,0.5988
2018-06-05,-0.5952
2018-06-06,0.0
2018-06-07,-1.1976
2018-06-08,2.5758
2018-06-11,0.4431
2018-06-12,0.7059
2018-06-13,1.6355
2018-06-14,-1.7241
2018-06-15,-2.3392
2018-06-18,2.3952
2018-06-19,-0.5848
2018-06-20,2.3529
2018-06-21,-0.5747
2018-06-22,0.8671
2018-06-25,-3.7249
2018-06-26,5.3571
2018-06-27,0.0
2018-06-28,2.2599
2018-06-29,1.4641
2018-07-02,-3.0765
2018-07-03,-2.5281000000000002
2018-07-05,-0.8646
2018-07-06,-1.1686
2018-07-09,0.0059
2018-07-10,2.6471
2018-07-11,-0.2865
2018-07-12,-0.5747
2018-07-13,-0.578
2018-07-16,5.2326
2018-07-17,-4.4199
2018-07-18,2.8902
2018-07-19,1.1236
2018-07-20,-1.6667
2018-07-23,-1.1299
2018-07-24,2.8571
2018-07-25,-2.2222
2018-07-26,0.0
2018-07-27,-1.7045
2018-07-30,4.6243
2018-07-31,2.2099
2018-08-01,3.7838000000000003
2018-08-02,4.6875
2018-08-03,-0.4975
2018-08-06,-1.5
2018-08-07,4.0609
2018-08-08,3.9024
2018-08-09,-0.0469
2018-08-10,-6.0592
2018-08-13,-1.0
2018-08-14,-1.5657
2018-08-15,-1.4879
2018-08-16,1.5625
2018-08-17,-2.5641
2018-08-20,0.0
2018-08-21,0.0
2018-08-22,1.5789
2018-08-23,-1.0363
2018-08-24,1.5707
2018-08-27,5.6701
2018-08-28,-0.9756
2018-08-29,3.9409
2018-08-30,0.8294
2018-08-31,9.0482
2018-09-04,-3.0172
2018-09-05,-2.2222
2018-09-06,-3.6364
2018-09-07,-3.3019
2018-09-10,1.4634
2018-09-11,-2.8846
2018-09-12,0.9901
2018-09-13,2.9412000000000003
2018-09-14,1.9048
2018-09-17,-2.8037
2018-09-18,1.4423
2018-09-19,0.0
2018-09-20,2.8436
2018-09-21,1.8433000000000002
2018-09-24,1.7692
2018-09-25,0.9293
2018-09-26,0.0
2018-09-27,0.4405
2018-09-28,1.3158
2018-10-01,-2.1645
2018-10-02,4.8673
2018-10-03,-5.0633
2018-10-04,-1.7778
2018-10-05,0.4525
2018-10-08,-5.8559
2018-10-09,-6.6986
2018-10-10,-7.1795
2018-10-11,10.4972
2018-10-12,-4.5
2018-10-15,-5.7592
2018-10-16,4.4444
2018-10-17,-4.7872
2018-10-18,-3.9106
2018-10-19,0.5814
2018-10-22,-7.5145
2018-10-23,3.75
2018-10-24,2.4096
2018-10-25,-4.7059
2018-10-26,-0.6173
2018-10-29,0.0
2018-10-30,3.5217
2018-10-31,-1.6019999999999999
2018-11-01,1.2195
2018-11-02,4.8193
2018-11-05,3.4483
2018-11-06,-1.1111
2018-11-07,-3.3708
2018-11-08,0.0
2018-11-09,-1.1628
2018-11-12,0.0
2018-11-13,0.0
2018-11-14,0.0
2018-11-15,-1.1764999999999999
2018-11-16,1.7856999999999998
2018-11-19,-1.7544
2018-11-20,-2.9762
2018-11-21,-1.8405
2018-11-23,0.0
2018-11-26,-1.25
2018-11-27,1.2658
2018-11-28,0.0
2018-11-29,1.2563
2018-11-30,2.1542
2018-12-03,3.3233
2018-12-04,0.7602
2018-12-06,-4.2368
2018-12-07,-0.6
2018-12-10,-4.8838
2018-12-11,0.6731
2018-12-12,0.6049
2018-12-13,0.2025
2018-12-14,0.4232
2018-12-17,0.0063
2018-12-18,1.2579
2018-12-19,-1.2422
2018-12-20,-5.0314
2018-12-21,-1.9868000000000001
2018-12-24,-1.3514
2018-12-26,0.1918
2018-12-27,7.3284
2018-12-28,-8.2803
2018-12-31,4.8611
2019-01-02,2.649
2019-01-03,-2.9032
2019-01-04,2.3256
2019-01-07,3.2468
2019-01-08,1.2579
2019-01-09,0.6211
2019-01-10,-5.5556
2019-01-11,2.6144
2019-01-14,-1.9108
2019-01-15,4.5455
2019-01-16,-2.4845
2019-01-17,2.5478
2019-01-18,2.5342000000000002
2019-01-22,-3.0773
2019-01-23,-1.2125
2019-01-24,5.0234
2019-01-25,-0.6024
2019-01-28,-1.4303
2019-01-29,-0.9899
2019-01-30,-4.9866
2019-01-31,3.9215999999999998
2019-02-01,-2.5157
2019-02-04,3.2258
2019-02-05,-2.5
2019-02-06,2.5641
2019-02-07,0.0
2019-02-08,3.125
2019-02-11,-3.6364
2019-02-12,0.6289
2019-02-13,-2.5
2019-02-14,3.2051
2019-02-15,-3.1056
2019-02-19,0.0
2019-02-20,4.4808
2019-02-21,-2.448
2019-02-22,1.8868
2019-02-25,-0.6173
2019-02-26,11.8012
2019-02-27,-7.2222
2019-02-28,4.7904
2019-03-01,-4.0
2019-03-04,-1.1905000000000001
2019-03-05,0.0
2019-03-06,5.4217
2019-03-07,-4.0
2019-03-08,-2.9762
2019-03-11,3.0675
2019-03-12,-0.5952
2019-03-13,0.0
2019-03-14,0.5988
2019-03-15,-2.3810000000000002
2019-03-18,4.878
2019-03-19,-2.907
2019-03-20,1.1976
2019-03-21,1.7751000000000001
2019-03-22,-3.4884
2019-03-25,-0.6024
2019-03-26,-0.6061
2019-03-27,3.6585
2019-03-28,0.5882
2019-03-29,0.0
2019-04-01,-11.4211
2019-04-02,-0.3103
2019-04-03,2.649
2019-04-04,3.2194
2019-04-05,-0.6188
2019-04-08,0.6289
2019-04-09,-6.25
2019-04-10,4.88
2019-04-11,-0.3623
2019-04-12,1.4354
2019-04-15,-5.0314
2019-04-16,0.6689
2019-04-17,0.6513
2019-04-18,-1.3072
2019-04-22,-0.8543
2019-04-23,2.8655
2019-04-24,0.6494
2019-04-25,-5.8065
2019-04-26,0.0
2019-04-29,2.0548
2019-04-30,-2.0134
2019-05-01,-3.7671
2019-05-02,3.2028
2019-05-03,-1.6069
2019-05-06,-3.2733
2019-05-07,4.9203
2019-05-08,2.9077
2019-05-09,-6.0403
2019-05-10,-0.7143
2019-05-13,0.7194
2019-05-14,0.0
2019-05-15,0.0
2019-05-16,1.5857
2019-05-17,0.5484
2019-05-20,2.0979
2019-05-21,-2.0548
2019-05-22,2.0979
2019-05-23,-3.6849
2019-05-24,0.8605
2019-05-28,0.1199
2019-05-29,-2.1127
2019-05-30,-2.8777
2019-05-31,2.2222
2019-06-03,-0.7246
2019-06-04,1.4599
2019-06-05,-1.4388
2019-06-06,1.4599
2019-06-07,-2.8777
2019-06-10,2.4593
2019-06-11,0.4916
2019-06-12,0.0
2019-06-13,-1.8561
2019-06-14,-0.3079
2019-06-17,-2.9412000000000003
2019-06-18,2.2727
2019-06-19,-1.037
2019-06-20,4.0419
2019-06-21,0.0
2019-06-24,0.7194
2019-06-25,0.2286
2019-06-26,-2.366
2019-06-27,-2.9196999999999997
2019-06-28,4.2406
2019-07-01,-4.0681
2019-07-02,2.797
2019-07-05,0.9728
2019-07-08,-3.6291
2019-07-09,1.0147
2019-07-10,2.6862
2019-07-11,-0.5797
2019-07-12,-1.1078999999999999
2019-07-15,3.184
2019-07-16,-2.1429
2019-07-17,0.0
2019-07-18,0.0
2019-07-19,-0.7299
2019-07-22,1.0
2019-07-23,3.378
2019-07-24,-4.9296
2019-07-25,-0.1111
2019-07-26,0.8528
2019-07-29,0.0
2019-07-30,2.2059
2019-07-31,-2.1583
2019-08-01,1.2059
2019-08-02,2.4412
2019-08-05,1.4184
2019-08-06,-5.5944
2019-08-07,4.4519
2019-08-08,-9.9355
2019-08-09,4.7244
2019-08-12,3.7594
2019-08-13,-1.087
2019-08-14,-0.3663
2019-08-15,-4.4118
2019-08-16,6.1538
2019-08-19,-5.0725
2019-08-20,3.8167999999999997
2019-08-21,1.4706000000000001
2019-08-22,-2.1739
2019-08-23,-2.963
2019-08-26,3.0534
2019-08-27,-1.4815
2019-08-28,0.0752
2019-08-29,0.6687
2019-08-30,-0.9926
2019-09-03,1.0101
2019-09-04,-1.4925
2019-09-05,-1.5152
2019-09-06,0.0
2019-09-09,2.3077
2019-09-10,-2.2556
2019-09-11,2.8231
2019-09-12,-0.5012
2019-09-13,0.7519
2019-09-16,-2.2388
2019-09-17,6.1068999999999996
2019-09-18,0.7194
2019-09-19,2.1429
2019-09-20,-2.0979
2019-09-23,0.3643
2019-09-24,-2.0781
2019-09-25,-0.4288
2019-09-26,-0.3212
2019-09-27,-1.1424
2019-09-30,-0.7407
2019-10-01,-2.2388
2019-10-02,1.145
2019-10-03,2.6414999999999997
2019-10-04,-0.7353
2019-10-07,0.5333
2019-10-08,-0.5305
2019-10-09,1.3037
2019-10-10,-4.0143
2019-10-11,-2.491
2019-10-14,-2.3438
2019-10-15,-3.2
2019-10-16,0.8264
2019-10-17,0.0
2019-10-18,-0.8197
2019-10-21,-0.8264
2019-10-22,2.5
2019-10-23,-3.252
2019-10-24,1.6806999999999999
2019-10-25,2.4793
2019-10-28,0.8065
2019-10-29,3.2
2019-10-30,-2.3256
2019-10-31,-1.5873
2019-11-01,30.6452
2019-11-04,-1.8519
2019-11-05,2.5157
2019-11-06,-4.908
2019-11-07,-5.1613
2019-11-08,4.7619
2019-11-11,1.9481000000000002
2019-11-12,-1.2739
2019-11-13,1.9355
2019-11-14,-1.2658
2019-11-15,3.5256
2019-11-18,0.3096
2019-11-19,-0.6173
2019-11-20,0.6211
2019-11-21,-1.8519
2019-11-22,-0.3145
2019-11-25,1.2618
2019-11-26,3.5576
2019-11-27,-0.728
2019-11-29,-0.5636
2019-12-02,3.6143
2019-12-03,2.3529
2019-12-04,1.7241
2019-12-05,-0.565
2019-12-06,-1.3636
2019-12-09,-0.288
2019-12-10,-0.0578
2019-12-11,-0.578
2019-12-12,1.1628
2019-12-13,0.0
2019-12-16,-4.023
2019-12-17,-4.7904
2019-12-18,1.8868
2019-12-19,0.6173
2019-12-20,0.6135
2019-12-23,-0.6098
2019-12-24,0.0
2019-12-26,-1.8405
2019-12-27,5.0
2019-12-30,1.4881
2019-12-31,2.6393
2020-01-02,-1.1429
2020-01-03,-1.0347
2020-01-06,0.5374
2020-01-07,-1.8184
2020-01-08,-3.5503
2020-01-09,3.2945
2020-01-10,-0.1247
2020-01-13,-0.9872
2020-01-14,-1.3514
2020-01-15,-1.3699
2020-01-16,0.0
2020-01-17,1.2346
2020-01-21,-1.4695
2020-01-22,1.4914
2020-01-23,-0.6098
2020-01-24,3.0675
2020-01-27,-2.9762
2020-01-28,-0.6258
2020-01-29,0.6297
2020-01-30,-5.5215
2020-01-31,-0.6494
2020-02-03,-1.3072
2020-02-04,1.3245
2020-02-05,-0.6536
2020-02-06,13.1579
2020-02-07,-3.1395
2020-02-10,-2.1609
2020-02-11,1.227
2020-02-12,0.0
2020-02-13,-4.1152
2020-02-14,3.6597
2020-02-18,-3.6585
2020-02-19,-1.8987
2020-02-20,0.6452
2020-02-21,-3.2051
2020-02-24,1.9868000000000001
2020-02-25,-5.8442
2020-02-26,0.0
2020-02-27,-5.2897
2020-02-28,-0.2476
2020-03-02,-2.9199
2020-03-03,3.7672
2020-03-04,-4.8551
2020-03-05,-1.0129
2020-03-06,-4.5934
2020-03-09,-7.2581
2020-03-10,3.4783
2020-03-11,-1.6806999999999999
2020-03-12,-8.9744
2020-03-13,4.2254
2020-03-16,-4.0541
2020-03-17,1.3709
2020-03-18,-7.3731
2020-03-19,2.0
2020-03-20,4.4118
2020-03-23,2.3474
2020-03-24,4.0734
2020-03-25,2.2567
2020-03-26,2.5862
2020-03-27,-1.6806999999999999
2020-03-30,11.6325
2020-03-31,-1.6155
2020-04-01,-4.2802
2020-04-02,-0.813
2020-04-03,0.0
2020-04-06,1.2295
2020-04-07,4.4372
2020-04-08,1.0467
2020-04-09,0.5141
2020-04-13,-3.8167999999999997
2020-04-14,3.9683
2020-04-15,4.1985
2020-04-16,0.3663
2020-04-17,-4.3796
2020-04-20,1.5267
2020-04-21,-5.2481
2020-04-22,-0.0159
2020-04-23,3.9683
2020-04-24,-1.9083999999999999
2020-04-27,5.8366
2020-04-28,-5.0074
2020-04-29,4.4973
2020-04-30,-2.2222
2020-05-01,0.0
2020-05-04,-0.3788
2020-05-05,0.403
2020-05-06,-0.0227
2020-05-07,0.0
2020-05-08,15.1515
2020-05-11,3.2895
2020-05-12,-2.2293
2020-05-13,-3.5831
2020-05-14,-0.6757
2020-05-15,-2.7211
2020-05-18,4.8951
2020-05-19,0.0
2020-05-20,0.6667
2020-05-21,3.9735
2020-05-22,-2.5478
2020-05-26,0.6536
2020-05-27,2.0779
2020-05-28,0.5089
2020-05-29,-0.6519
2020-06-01,-1.5735000000000001
2020-06-02,-1.6181
2020-06-03,0.6579
2020-06-04,-1.9607999999999999
2020-06-05,1.3333
2020-06-08,1.9737
2020-06-09,0.0
2020-06-10,0.0
2020-06-11,-3.6968
2020-06-12,1.8289
2020-06-15,-0.6579
2020-06-16,12.5828
2020-06-17,-4.7059
2020-06-18,1.8519
2020-06-19,-2.4242
2020-06-22,4.9689
2020-06-23,-2.9586
2020-06-24,-2.7012
2020-06-25,4.0296
2020-06-26,0.1627
2020-06-29,1.6419000000000001
2020-06-30,0.5917
2020-07-01,-4.5529
2020-07-02,-0.1602
2020-07-06,3.7037
2020-07-07,0.0
2020-07-08,0.5952
2020-07-09,-2.3669000000000002
2020-07-10,2.4242
2020-07-13,-1.7751000000000001
2020-07-14,2.4096
2020-07-15,14.3176
2020-07-16,10.6309
2020-07-17,0.4651
2020-07-20,0.0
2020-07-21,11.5741
2020-07-22,-7.1369
2020-07-23,-4.3789
2020-07-24,0.0
2020-07-27,5.6075
2020-07-28,-6.6372
2020-07-29,4.2654
2020-07-30,2.2727
2020-07-31,48.0
