ticker,PATK US Equity
field,DAY_TO_DAY_TOT_RETURN_GROSS_DVDS
date,
2000-01-03,2.7027
2000-01-04,-1.3158
2000-01-05,-2.6667
2000-01-06,4.7945
2000-01-07,7.1895
2000-01-10,-3.0488
2000-01-11,-0.6289
2000-01-12,-1.2658
2000-01-13,6.4103
2000-01-14,10.8434
2000-01-18,-3.8043
2000-01-19,2.8249
2000-01-20,0.0
2000-01-21,1.0989
2000-01-24,0.5435
2000-01-25,0.5405
2000-01-26,-0.5376
2000-01-27,-0.5405
2000-01-28,1.6303999999999998
2000-01-31,0.5348
2000-02-01,0.0
2000-02-02,-2.1277
2000-02-03,-0.5435
2000-02-04,0.5464
2000-02-07,0.0
2000-02-08,-9.2391
2000-02-09,-2.3952
2000-02-10,-1.8405
2000-02-11,-5.625
2000-02-14,-1.9868000000000001
2000-02-15,1.3514
2000-02-16,2.0
2000-02-17,0.6536
2000-02-18,0.0
2000-02-22,-3.8961
2000-02-23,2.7027
2000-02-24,3.2895
2000-02-25,0.0
2000-02-28,-5.7325
2000-02-29,-1.3514
2000-03-01,-0.6849
2000-03-02,-4.8276
2000-03-03,4.3478
2000-03-06,-4.1667
2000-03-07,-5.0725
2000-03-08,0.7634
2000-03-09,8.818200000000001
2000-03-10,-7.6923
2000-03-14,0.0
2000-03-15,-0.7576
2000-03-16,0.7634
2000-03-17,-0.7576
2000-03-20,-0.7634
2000-03-21,0.0
2000-03-22,1.5385
2000-03-23,-3.0303
2000-03-24,-1.5625
2000-03-27,0.7937
2000-03-28,-18.8976
2000-03-29,22.3301
2000-03-30,-1.5873
2000-03-31,-0.8065
2000-04-03,1.626
2000-04-04,-2.4
2000-04-05,-1.6393
2000-04-06,-1.6667
2000-04-07,1.6949
2000-04-10,1.6667
2000-04-11,-1.6393
2000-04-12,1.6667
2000-04-13,0.0
2000-04-14,-4.918
2000-04-17,5.1724
2000-04-18,1.2295
2000-04-19,-1.2146
2000-04-20,-3.2787
2000-04-24,0.0
2000-04-25,-4.661
2000-04-26,0.4444
2000-04-27,0.0
2000-04-28,5.3097
2000-05-01,-2.521
2000-05-02,3.4483
2000-05-03,-5.0
2000-05-04,-0.8772
2000-05-05,0.0
2000-05-08,0.885
2000-05-09,-5.2632
2000-05-10,-5.5556
2000-05-11,5.8824
2000-05-12,1.8519
2000-05-15,-1.8182
2000-05-16,-3.7037
2000-05-17,-3.8462
2000-05-18,0.0
2000-05-19,14.0
2000-05-22,-5.2632
2000-05-23,-7.4074
2000-05-24,-4.0
2000-05-26,2.0833
2000-05-30,6.1224
2000-05-31,-3.8462
2000-06-01,4.0
2000-06-02,-7.6923
2000-06-05,2.0833
2000-06-06,0.0
2000-06-07,4.0816
2000-06-08,0.6275
2000-06-09,3.9215999999999998
2000-06-12,-3.7736
2000-06-13,0.0
2000-06-14,7.8431
2000-06-15,-9.0909
2000-06-16,12.0
2000-06-19,-7.1429
2000-06-20,8.6538
2000-06-21,-7.9646
2000-06-22,0.0
2000-06-23,-2.8846
2000-06-26,0.9901
2000-06-27,-1.9607999999999999
2000-06-28,0.0
2000-06-29,0.0
2000-06-30,0.0
2000-07-03,-2.0
2000-07-05,6.1224
2000-07-06,-0.9615
2000-07-07,1.9417
2000-07-10,0.0
2000-07-11,0.0
2000-07-12,0.0
2000-07-13,0.9524
2000-07-17,-0.9434
2000-07-18,1.9048
2000-07-19,0.0
2000-07-20,0.9346
2000-07-21,-0.9259
2000-07-24,0.0
2000-07-25,-0.9346
2000-07-26,3.7736
2000-07-27,-0.9091
2000-07-28,-0.9174
2000-07-31,1.3889
2000-08-01,-1.3699
2000-08-02,0.0
2000-08-03,0.9259
2000-08-04,0.0
2000-08-07,-0.9174
2000-08-08,1.8519
2000-08-09,-1.8182
2000-08-10,0.9259
2000-08-11,2.7523
2000-08-14,-0.8929
2000-08-15,-0.9009
2000-08-16,2.7273
2000-08-17,0.4425
2000-08-18,-1.3216
2000-08-21,-2.6786
2000-08-22,-3.211
2000-08-23,0.4739
2000-08-24,0.0
2000-08-25,0.0
2000-08-28,-0.4717
2000-08-29,0.4739
2000-08-30,-0.4717
2000-08-31,1.8957000000000002
2000-09-01,0.0
2000-09-05,-2.3256
2000-09-06,-0.9524
2000-09-07,0.0
2000-09-08,0.0
2000-09-11,0.0
2000-09-12,0.0
2000-09-14,3.5217
2000-09-15,-2.8037
2000-09-18,1.9231
2000-09-19,-3.7736
2000-09-20,0.0
2000-09-21,3.9215999999999998
2000-09-22,-5.6604
2000-09-25,3.0
2000-09-26,0.0
2000-09-27,-1.9417
2000-09-28,1.9802
2000-09-29,0.0
2000-10-02,-2.9126
2000-10-03,2.0
2000-10-04,-1.9607999999999999
2000-10-05,-2.0
2000-10-06,3.0612
2000-10-09,-2.9703
2000-10-10,0.0
2000-10-11,-2.0408
2000-10-12,2.0833
2000-10-13,1.0204
2000-10-17,1.0101
2000-10-18,-4.0
2000-10-19,0.0
2000-10-20,0.0
2000-10-23,-3.125
2000-10-24,-3.2258
2000-10-25,-2.2222
2000-10-26,-2.2727
2000-10-27,6.9767
2000-10-30,0.0
2000-10-31,2.1739
2000-11-01,-2.1277
2000-11-02,2.1739
2000-11-03,0.0
2000-11-06,0.0
2000-11-07,0.0
2000-11-08,0.0
2000-11-09,-2.1277
2000-11-10,-1.087
2000-11-13,-6.5934
2000-11-14,-1.1764999999999999
2000-11-15,0.0
2000-11-16,3.5714
2000-11-17,0.0
2000-11-20,-3.4483
2000-11-21,4.7619
2000-11-22,9.0909
2000-11-24,-9.375
2000-11-27,1.1494
2000-11-28,-2.2727
2000-11-29,-4.6512
2000-11-30,0.0
2000-12-01,0.0
2000-12-04,0.0
2000-12-05,-8.5366
2000-12-06,2.6667
2000-12-07,1.2987
2000-12-08,5.1282
2000-12-11,4.878
2000-12-12,-2.3256
2000-12-13,1.9524
2000-12-14,-1.1764999999999999
2000-12-15,9.5238
2000-12-18,-6.5217
2000-12-19,1.1628
2000-12-20,1.1494
2000-12-21,-0.8523
2000-12-22,0.8596
2000-12-26,0.0
2000-12-27,-1.1364
2000-12-28,1.1494
2000-12-29,4.5455
2001-01-03,4.3478
2001-01-04,0.0
2001-01-05,-2.0833
2001-01-08,0.0
2001-01-09,4.2553
2001-01-10,6.1224
2001-01-11,0.9615
2001-01-12,15.2381
2001-01-16,-5.7851
2001-01-17,-3.5088
2001-01-18,0.9091
2001-01-19,-2.7027
2001-01-22,0.0
2001-01-23,1.8519
2001-01-24,-0.9091
2001-01-25,0.0
2001-01-26,-0.9174
2001-01-29,0.0
2001-01-30,1.8519
2001-01-31,0.0
2001-02-01,7.2727
2001-02-02,-3.3898
2001-02-06,0.8772
2001-02-07,-0.8696
2001-02-08,-3.5088
2001-02-09,1.8182
2001-02-12,-3.5714
2001-02-13,-0.9259
2001-02-14,-4.6729
2001-02-15,1.9607999999999999
2001-02-22,0.0
2001-02-23,-1.9231
2001-02-26,1.9607999999999999
2001-02-27,0.0
2001-02-28,0.0
2001-03-01,0.0
2001-03-02,-1.9231
2001-03-05,1.9607999999999999
2001-03-06,2.8846
2001-03-08,0.9346
2001-03-09,0.0
2001-03-12,-1.8519
2001-03-13,1.8868
2001-03-16,-0.3353
2001-03-19,-2.8037
2001-03-21,0.0
2001-03-22,-1.9231
2001-03-23,-0.9804
2001-03-26,2.9703
2001-03-28,-0.2404
2001-03-29,-3.6145
2001-03-30,-1.0
2001-04-02,8.5859
2001-04-05,0.0
2001-04-06,0.4651
2001-04-09,-0.5926
2001-04-10,-3.8748
2001-04-17,3.1008
2001-04-18,4.5113
2001-04-19,-7.9137
2001-04-20,-1.4062999999999999
2001-04-23,0.0
2001-04-24,0.1585
2001-04-26,2.8481
2001-04-30,0.7692
2001-05-01,3.8167999999999997
2001-05-02,-3.6765
2001-05-03,3.2061
2001-05-04,0.5917
2001-05-07,0.0
2001-05-08,-0.7353
2001-05-10,1.4815
2001-05-11,2.1898
2001-05-14,1.4285999999999999
2001-05-15,0.1408
2001-05-16,12.5176
2001-05-17,14.75
2001-05-18,-2.2876
2001-05-21,0.223
2001-05-22,-10.2336
2001-05-23,0.0
2001-05-30,4.7088
2001-05-31,5.3254
2001-06-01,-3.3708
2001-06-04,3.4884
2001-06-05,-3.3708
2001-06-06,-0.5814
2001-06-07,-0.5848
2001-06-08,1.1764999999999999
2001-06-11,-0.2326
2001-06-12,-2.0979
2001-06-13,0.5952
2001-06-18,-1.308
2001-06-25,-0.8434
2001-06-26,-0.243
2001-06-27,-0.7308
2001-06-28,-4.1718
2001-06-29,3.7132
2001-07-02,-3.7037
2001-07-05,5.641
2001-07-06,0.7282
2001-07-09,0.0
2001-07-10,2.6506
2001-07-11,-0.2347
2001-07-12,0.0
2001-07-18,-3.5294
2001-07-19,-1.7073
2001-07-20,4.8387
2001-07-23,-4.6154
2001-07-25,0.4963
2001-07-26,-1.2346
2001-07-30,0.625
2001-08-01,0.7453
2001-08-03,2.2195
2001-08-06,-2.1713
2001-08-09,0.6165
2001-08-10,-1.8382
2001-08-13,1.2484
2001-08-14,0.0
2001-08-15,0.6165
2001-08-17,0.4902
2001-08-20,-1.0808
2001-08-21,0.9693
2001-08-22,1.3431
2001-08-24,0.1205
2001-08-27,-0.704
2001-08-28,-3.0479
2001-08-29,0.0
2001-08-31,-2.4773
2001-09-05,-1.2729
2001-09-06,-0.6816
2001-09-10,-0.6405
2001-09-17,-15.669
2001-09-18,0.0
2001-09-19,-4.6363
2001-09-20,-1.8455
2001-09-21,4.8333
2001-09-24,-3.9379999999999997
2001-09-25,0.7683
2001-09-26,2.6446
2001-10-02,-3.3816
2001-10-03,1.6667
2001-10-04,-3.2787
2001-10-05,-4.9153
2001-10-08,2.5401
2001-10-09,-0.8344
2001-10-10,10.4391
2001-10-11,-5.7143
2001-10-12,-0.6734
2001-10-15,1.6949
2001-10-16,-0.1667
2001-10-17,4.3406
2001-10-18,-2.4
2001-10-19,-0.8197
2001-10-22,3.3058
2001-10-23,0.16
2001-10-24,-2.5559
2001-10-25,-1.6393
2001-10-26,2.5
2001-10-29,1.1381999999999999
2001-10-30,6.9132
2001-10-31,-2.406
2001-11-01,-2.9276
2001-11-05,11.1111
2001-11-07,-3.5714
2001-11-12,-2.2222
2001-11-13,4.5455
2001-11-14,-7.2464
2001-11-15,0.0703
2001-11-16,0.242
2001-11-19,-3.4268
2001-11-20,3.2258
2001-11-21,-3.125
2001-11-26,3.2258
2001-11-27,0.0
2001-11-28,-3.9062
2001-11-29,11.3821
2001-11-30,-10.8029
2001-12-04,0.1637
2001-12-05,6.2092
2001-12-06,-4.6154
2001-12-07,8.0645
2001-12-10,-7.6119
2001-12-11,0.0
2001-12-12,4.6850000000000005
2001-12-13,-5.5556
2001-12-14,9.4771
2001-12-17,0.7463
2001-12-18,-5.1852
2001-12-19,9.0625
2001-12-20,-0.2882
2001-12-21,0.0
2001-12-24,-5.3468
2001-12-26,7.6336
2001-12-27,3.2624
2001-12-28,-3.022
2001-12-31,0.5666
2002-01-02,1.2676
2002-01-03,-0.5563
2002-01-04,13.2867
2002-01-07,-1.2346
2002-01-08,2.25
2002-01-09,-2.8117
2002-01-10,0.0
2002-01-11,-0.5031
2002-01-14,0.0
2002-01-15,0.5057
2002-01-16,7.4214
2002-01-17,-6.3232
2002-01-18,3.375
2002-01-22,2.5393
2002-01-23,3.184
2002-01-24,0.0
2002-01-25,-4.5714
2002-01-28,5.9879999999999995
2002-01-29,-2.5614
2002-01-30,1.4691
2002-01-31,-1.1886
2002-02-01,0.0
2002-02-05,0.0231
2002-02-06,-0.0405
2002-02-08,0.0636
2002-02-11,-0.6358
2002-02-12,-5.7475000000000005
2002-02-13,6.1597
2002-02-14,-2.907
2002-02-15,-4.1916
2002-02-19,2.375
2002-02-21,-1.7094
2002-02-25,6.8323
2002-02-26,-1.1628
2002-02-27,0.5882
2002-02-28,-0.5848
2002-03-01,0.0
2002-03-04,-0.5493
2002-03-05,-5.3625
2002-03-06,0.0547
2002-03-08,5.4423
2002-03-11,2.0653
2002-03-12,-0.0058
2002-03-14,0.029
2002-03-18,0.9713
2002-03-19,2.717
2002-03-22,11.7759
2002-03-25,-7.9847
2002-03-26,-4.2623
2002-03-28,-1.2557
2002-04-01,0.578
2002-04-02,2.2989
2002-04-03,9.5506
2002-04-04,-9.641
2002-04-05,6.067
2002-04-08,-3.6867
2002-04-09,-0.8889
2002-04-10,6.5022
2002-04-12,-0.5263
2002-04-15,0.0
2002-04-17,1.5873
2002-04-19,-0.5833
2002-04-23,-8.3194
2002-04-24,2.7214
2002-04-26,8.4765
2002-04-29,-2.6192
2002-04-30,-2.0498
2002-05-01,-3.1183
2002-05-03,6.465
2002-05-06,-0.9539
2002-05-07,-0.1158
2002-05-08,-0.4939
2002-05-09,-0.5043
2002-05-10,-1.2805
2002-05-13,-1.7075
2002-05-14,0.0055
2002-05-15,-1.2867
2002-05-16,-2.059
2002-05-17,4.5514
2002-05-20,0.0448
2002-05-21,0.2169
2002-05-22,-1.6234
2002-05-23,-0.9207
2002-05-24,5.195
2002-06-03,-6.2716
2002-06-04,-0.7883
2002-06-05,13.5074
2002-06-07,-7.5
2002-06-10,0.0
2002-06-11,-8.0
2002-06-12,15.0411
2002-06-13,-4.2051
2002-06-17,-6.3169
2002-06-18,0.5714
2002-06-19,-3.5114
2002-06-20,3.0503
2002-06-21,0.5471
2002-06-24,-3.2721
2002-06-25,1.9976
2002-06-26,1.3537
2002-06-27,0.0057
2002-06-28,-1.3980000000000001
2002-07-01,3.4733
2002-07-02,-0.8502
2002-07-03,1.1236
2002-07-08,-1.1111
2002-07-09,-0.6742
2002-07-10,-1.0499
2002-07-11,-3.1424
2002-07-12,0.4448
2002-07-15,-0.47
2002-07-19,-2.0071
2002-07-22,-0.9036
2002-07-23,-2.7356
2002-07-25,3.75
2002-07-26,-2.5663
2002-07-29,0.1608
2002-07-31,-4.8765
2002-08-01,5.1265
2002-08-02,0.0
2002-08-06,-7.4074
2002-08-07,6.5933
2002-08-12,0.0078
2002-08-20,-4.9421
2002-08-22,1.9737
2002-08-23,-1.9355
2002-08-27,0.0
2002-08-28,5.2632
2002-09-03,3.625
2002-09-04,-3.6188000000000002
2002-09-10,8.01
2002-09-11,0.0543
2002-09-12,0.0444
2002-09-13,-0.2304
2002-09-17,-0.0488
2002-09-18,0.0058
2002-09-19,-3.207
2002-09-20,3.3735
2002-09-23,-3.8462
2002-09-24,2.8583
2002-09-25,-0.0685
2002-09-26,-0.2196
2002-09-27,-0.1167
2002-10-01,-5.4606
2002-10-02,-1.1264
2002-10-03,0.6092
2002-10-04,-0.0039
2002-10-07,-0.6016
2002-10-08,0.0
2002-10-09,-1.6456
2002-10-10,-0.9009
2002-10-15,-1.2987
2002-10-16,1.9737
2002-10-17,-3.2258
2002-10-18,1.3333
2002-10-21,0.0132
2002-10-22,0.0
2002-10-23,1.0393
2002-10-24,0.2604
2002-10-25,-1.2987
2002-10-28,0.7895
2002-10-29,-0.1305
2002-10-31,0.1307
2002-11-01,-0.1305
2002-11-05,0.1307
2002-11-06,-0.1305
2002-11-07,0.0
2002-11-08,0.0
2002-11-11,-0.6536
2002-11-12,-5.9211
2002-11-13,0.0
2002-11-14,-1.5524
2002-11-15,-7.6573
2002-11-18,0.0
2002-11-19,0.0
2002-11-20,-1.6923
2002-11-22,7.1987
2002-11-25,0.146
2002-11-26,1.0204
2002-11-29,1.0101
2002-12-03,-0.7143
2002-12-04,0.4317
2002-12-06,-0.2865
2002-12-09,-1.1494
2002-12-10,4.6512
2002-12-11,-2.7778
2002-12-12,-2.8571
2002-12-13,-0.7353
2002-12-16,0.7407
2002-12-17,-0.1471
2002-12-18,0.0
2002-12-19,0.0741
2002-12-20,0.074
2002-12-23,0.2959
2002-12-26,-0.1475
2002-12-27,-0.1477
2002-12-30,-1.6124
2002-12-31,-2.12
2003-01-03,-0.3072
2003-01-06,2.0031
2003-01-07,-0.3172
2003-01-08,4.2582
2003-01-09,4.0698
2003-01-10,3.1425
2003-01-13,-4.13
2003-01-14,-1.1299
2003-01-15,0.0
2003-01-16,1.1429
2003-01-17,0.9887
2003-01-22,0.6993
2003-01-23,-2.7778
2003-01-24,1.5714000000000001
2003-01-27,1.8284
2003-01-28,-3.1768
2003-01-29,-5.2782
2003-01-30,5.1205
2003-01-31,-1.2894
2003-02-03,2.3222
2003-02-07,5.2482
2003-02-10,-2.6954000000000002
2003-02-11,-2.3546
2003-02-12,0.1418
2003-02-13,-0.1416
2003-02-14,5.1064
2003-02-18,-0.8097
2003-02-19,0.0
2003-02-20,-3.9455999999999998
2003-02-21,-0.1416
2003-02-24,1.4184
2003-02-25,0.4196
2003-02-26,0.2786
2003-02-27,-0.4167
2003-02-28,2.6499
2003-03-03,-0.8152
2003-03-04,0.6849
2003-03-05,0.0
2003-03-06,-2.1769
2003-03-07,0.8345
2003-03-10,-1.3793
2003-03-11,-0.4196
2003-03-12,-0.2809
2003-03-13,0.7042
2003-03-14,0.4196
2003-03-17,-3.8997
2003-03-18,0.7246
2003-03-20,-2.3155
2003-03-27,0.7407
2003-03-28,-0.7353
2003-04-02,-2.963
2003-04-03,-3.0534
2003-04-04,1.5748
2003-04-07,8.5271
2003-04-08,-1.4285999999999999
2003-04-10,0.1449
2003-04-14,2.7496
2003-04-16,-1.4085
2003-04-21,0.0
2003-04-22,0.0
2003-04-23,0.0
2003-04-24,0.0
2003-04-28,-3.3571
2003-04-29,-0.5174
2003-04-30,-1.9316
2003-05-01,-1.5152
2003-05-02,3.0769
2003-05-05,-0.2985
2003-05-06,1.0479
2003-05-07,0.0
2003-05-09,0.0
2003-05-12,-0.5926
2003-05-13,1.0432
2003-05-14,0.7375
2003-05-16,-4.0996
2003-05-19,0.0
2003-05-20,6.1068999999999996
2003-05-23,-0.7194
2003-05-27,-5.7971
2003-05-30,0.0
2003-06-03,-0.1538
2003-06-04,-0.1541
2003-06-05,-1.2346
2003-06-06,-0.3125
2003-06-10,0.3135
2003-06-11,0.7813
2003-06-12,-0.3101
2003-06-13,0.1555
2003-06-16,-0.9317
2003-06-17,1.5674000000000001
2003-06-18,0.0
2003-06-23,-0.9259
2003-06-25,0.9346
2003-06-26,3.2407
2003-06-30,-4.6338
2003-07-01,7.3668
2003-07-02,-3.9416
2003-07-03,1.0638
2003-07-07,-4.5113
2003-07-08,1.7323
2003-07-11,12.2291
2003-07-14,-6.8966
2003-07-16,-0.5926
2003-07-18,2.0864
2003-07-22,-2.1752
2003-07-23,4.3128
2003-07-24,-3.7481999999999998
2003-07-25,0.327
2003-07-28,-0.7407
2003-07-29,-1.4925
2003-07-30,1.5152
2003-07-31,1.4925
2003-08-01,-0.7353
2003-08-04,-5.3333
2003-08-05,-0.939
2003-08-08,2.8436
2003-08-11,-1.9969000000000001
2003-08-12,7.3668
2003-08-13,-4.2336
2003-08-14,2.1341
2003-08-15,-1.0448
2003-08-18,-1.9607999999999999
2003-08-19,-0.6154
2003-08-20,6.3467
2003-08-21,0.8734
2003-08-22,-4.9062
2003-08-25,-2.5797
2003-08-26,2.648
2003-08-27,0.3035
2003-08-28,-1.6641
2003-09-04,0.9231
2003-09-05,1.2195
2003-09-09,0.753
2003-09-10,-0.5979
2003-09-11,1.5038
2003-09-12,0.8889
2003-09-16,-0.4405
2003-09-17,0.0147
2003-09-19,1.0175
2003-09-22,-0.7299
2003-09-23,0.5735
2003-09-24,0.1608
2003-09-25,0.146
2003-09-26,-0.4373
2003-09-29,0.2928
2003-10-02,-0.146
2003-10-03,5.9942
2003-10-06,0.6897
2003-10-08,3.4247
2003-10-10,0.7947
2003-10-14,-1.4455
2003-10-15,0.0
2003-10-16,1.3333
2003-10-17,-1.3158
2003-10-20,0.0
2003-10-21,-0.8
2003-10-22,0.1344
2003-10-23,-0.8054
2003-10-27,2.977
2003-10-28,0.1314
2003-10-30,-0.2493
2003-10-31,0.5131
2003-11-03,2.7487
2003-11-04,-1.2739
2003-11-05,2.1935000000000002
2003-11-06,-0.0505
2003-11-12,1.4401
2003-11-13,1.1208
2003-11-14,0.7389
2003-11-17,2.0782
2003-11-18,0.2395
2003-11-19,1.4337
2003-11-20,0.1178
2003-11-21,3.5294
2003-11-24,-1.1364
2003-11-25,-1.5057
2003-11-26,0.3618
2003-11-28,-1.3953
2003-12-01,1.4151
2003-12-02,1.7442
2003-12-03,-4.0
2003-12-04,0.0119
2003-12-05,2.3688000000000002
2003-12-08,1.1628
2003-12-09,0.5747
2003-12-10,-0.8
2003-12-11,-1.0369
2003-12-12,0.1164
2003-12-15,-0.3488
2003-12-16,-6.4177
2003-12-17,5.7357
2003-12-18,-1.7570999999999999
2003-12-19,1.6085
2003-12-22,-2.5399000000000003
2003-12-23,0.7273
2003-12-24,-0.722
2003-12-26,2.6667
2003-12-29,-2.2432
2003-12-30,-0.2415
2003-12-31,0.0
2004-01-02,1.9249
2004-01-06,2.1499
2004-01-07,0.3488
2004-01-08,2.2016
2004-01-09,-1.7006999999999999
2004-01-12,1.1534
2004-01-13,-0.4561
2004-01-16,-0.9164
2004-01-20,1.0405
2004-01-21,-1.2586
2004-01-22,-1.5064
2004-01-23,2.8235
2004-01-26,0.2288
2004-01-29,-2.8539
2004-02-02,2.4559
2004-02-05,-6.7554
2004-02-09,0.246
2004-02-10,18.2822
2004-02-11,-0.6224
2004-02-12,-0.6263
2004-02-13,-0.105
2004-02-17,-2.2082
2004-02-18,-0.9677
2004-02-19,2.9316
2004-02-20,-1.4768
2004-02-24,-3.6403
2004-02-25,3.7778
2004-02-26,2.0343
2004-02-27,-3.4627
2004-03-01,4.3478
2004-03-02,-1.0417
2004-03-03,0.8947
2004-03-04,1.7214
2004-03-05,0.0
2004-03-08,-1.7436
2004-03-09,0.0
2004-03-10,-0.7307
2004-03-11,-0.1052
2004-03-12,-0.5263
2004-03-15,0.6349
2004-03-16,0.4206
2004-03-17,-2.199
2004-03-18,1.2848
2004-03-19,0.74
2004-03-22,-0.2099
2004-03-23,-2.734
2004-03-24,0.0
2004-03-25,0.0
2004-03-26,3.1351
2004-03-29,3.1447
2004-03-30,-2.439
2004-04-01,4.1667
2004-04-02,5.5
2004-04-05,9.9526
2004-04-06,3.3621
2004-04-07,-3.1693
2004-04-08,-1.2059
2004-04-12,4.1848
2004-04-13,-1.6736
2004-04-14,0.0
2004-04-15,3.8298
2004-04-16,-0.082
2004-04-19,-1.6407
2004-04-20,-2.0017
2004-04-21,0.0
2004-04-22,0.0
2004-04-26,-3.8298
2004-04-27,-0.4425
2004-04-28,-0.5333
2004-04-29,-2.2341
2004-04-30,-1.2797
2004-05-03,0.8333
2004-05-05,-3.5813
2004-05-06,0.0
2004-05-07,0.4762
2004-05-14,-5.109
2004-05-18,-3.0966
2004-05-19,-0.0103
2004-05-20,4.3299
2004-05-21,2.668
2004-05-26,-1.3474
2004-05-27,-0.6829
2004-05-28,0.6876
2004-06-02,-4.878
2004-06-03,0.0
2004-06-04,4.8205
2004-06-07,-4.1096
2004-06-08,0.0
2004-06-09,2.0408
2004-06-10,0.0
2004-06-14,-2.0
2004-06-15,2.0408
2004-06-17,0.1
2004-06-24,-0.0999
2004-06-28,-2.0
2004-07-01,2.0408
2004-07-06,6.0
2004-07-07,0.0
2004-07-08,-6.6038
2004-07-09,1.1111
2004-07-12,0.2997
2004-07-20,-0.3984
2004-07-22,0.01
2004-07-23,16.9883
2004-07-26,-4.6154
2004-07-27,-1.3441
2004-07-28,-4.6322
2004-07-29,-4.7619
2004-07-30,1.1
2004-08-02,1.4837
2004-08-03,0.3996
2004-08-04,-0.0097
2004-08-06,4.466
2004-08-09,-1.8587
2004-08-10,0.2841
2004-08-11,1.5109
2004-08-12,-6.7907
2004-08-13,0.0
2004-08-16,7.2854
2004-08-17,0.1767
2004-08-19,2.5164999999999997
2004-08-20,0.9964
2004-08-23,-2.5112
2004-08-24,0.368
2004-08-25,3.8497
2004-08-26,-4.2365
2004-08-27,1.9355
2004-08-30,-0.6329
2004-08-31,-0.364
2004-09-01,2.8311
2004-09-02,0.3552
2004-09-07,-1.5044
2004-09-08,1.0782
2004-09-10,-1.9556
2004-09-13,-0.272
2004-09-14,0.0
2004-09-16,0.0
2004-09-17,-1.1727
2004-09-20,0.1748
2004-09-21,0.0
2004-09-22,0.1837
2004-09-23,-0.0825
2004-09-28,1.0916
2004-09-29,6.3521
2004-09-30,1.9625
2004-10-01,-2.5105
2004-10-04,-6.0
2004-10-05,2.1824
2004-10-13,-0.8043
2004-10-14,-1.4414
2004-10-19,0.0
2004-10-20,-2.2852
2004-10-21,1.9645000000000001
2004-10-25,-0.7339
2004-10-26,-0.647
2004-10-27,0.0
2004-10-28,-3.1628
2004-11-01,1.9212
2004-11-02,-0.2828
2004-11-03,-2.3629
2004-11-04,-8.0348
2004-11-05,-0.1053
2004-11-08,0.6322
2004-11-09,1.8848
2004-11-10,0.0
2004-11-11,-8.1192
2004-11-12,-1.0067
2004-11-15,7.2203
2004-11-16,-3.0456
2004-11-17,4.3478
2004-11-18,2.0833
2004-11-19,-1.0204
2004-11-22,1.9588
2004-11-23,0.1011
2004-11-24,0.303
2004-11-26,12.5881
2004-11-29,-0.805
2004-11-30,-0.4509
2004-12-01,-5.0634
2004-12-02,-2.1086
2004-12-06,-4.4834
2004-12-07,-0.9184
2004-12-09,8.0844
2004-12-13,-4.7165
2004-12-14,-1.7
2004-12-15,-1.0173
2004-12-16,1.7471999999999999
2004-12-20,2.5253
2004-12-23,2.0788
2004-12-27,-2.133
2004-12-28,1.6764999999999999
2004-12-29,-1.0669
2004-12-30,-0.5882
2005-01-03,-1.6764999999999999
2005-01-04,2.4072
2005-01-06,-2.5465
2005-01-07,4.5226
2005-01-10,-2.7885
2005-01-11,-0.5935
2005-01-12,-0.9851
2005-01-13,-0.01
2005-01-18,0.3015
2005-01-20,0.0
2005-01-21,-0.3006
2005-01-24,0.0
2005-01-25,10.5528
2005-01-26,-3.5455
2005-01-27,-1.508
2005-01-28,-1.0526
2005-01-31,-2.8045999999999998
2005-02-01,-0.8955
2005-02-03,0.8032
2005-02-04,0.996
2005-02-07,-0.2959
2005-02-08,1.2859
2005-02-09,-2.3437
2005-02-10,0.0
2005-02-11,-7.8
2005-02-14,11.8221
2005-02-15,-2.0369
2005-02-16,0.099
2005-02-17,1.2859
2005-02-18,-0.3906
2005-02-22,0.9804
2005-02-23,0.0
2005-02-24,-0.6796
2005-02-25,-0.2933
2005-02-28,-0.1961
2005-03-01,0.4912
2005-03-02,0.8798
2005-03-03,0.2907
2005-03-04,0.4831
2005-03-07,-0.5769
2005-03-08,0.5803
2005-03-09,0.0
2005-03-10,-0.5769
2005-03-11,0.1934
2005-03-14,0.8687
2005-03-15,-0.6699
2005-03-16,-0.7707
2005-03-17,0.7767
2005-03-18,-1.2524
2005-03-21,0.0488
2005-03-22,-1.0239
2005-03-23,0.5911
2005-03-24,-0.5877
2005-03-28,0.9852
2005-03-29,-2.439
2005-03-30,2.3
2005-04-01,-2.2483
2005-04-04,0.1
2005-04-05,-0.0999
2005-04-06,-1.5899999999999999
2005-04-07,0.2947
2005-04-08,-0.7194
2005-04-12,-0.2449
2005-04-13,-3.1202
2005-04-14,0.0
2005-04-15,-1.2671999999999999
2005-04-18,-0.5348
2005-04-19,0.5376
2005-04-20,0.4278
2005-04-21,-0.7455
2005-04-22,-2.2532
2005-04-25,0.9879
2005-04-26,-1.6303999999999998
2005-04-27,1.6575
2005-04-28,0.0
2005-04-29,0.0
2005-05-02,0.9783
2005-05-03,-2.3574
2005-05-04,-0.7827
2005-05-05,2.1
2005-05-09,1.208
2005-05-10,-2.1505
2005-05-12,1.3187
2005-05-13,-4.4685
2005-05-16,0.7266
2005-05-17,-0.6988
2005-05-18,1.0216
2005-05-19,-3.3708
2005-05-24,1.7442
2005-05-25,-0.5714
2005-05-26,0.5747
2005-05-27,0.3429
2005-05-31,2.0046
2005-06-01,-2.8584
2005-06-02,-0.9195
2005-06-03,1.5081
2005-06-06,-0.1143
2005-06-07,2.9748
2005-06-09,0.0
2005-06-10,2.7778
2005-06-14,0.1081
2005-06-15,-0.8639
2005-06-16,-1.9607999999999999
2005-06-17,3.4444
2005-06-21,9.8818
2005-06-22,-1.2708
2005-06-23,-3.2673
2005-06-24,-1.8424
2005-06-27,-0.9385
2005-06-28,3.0526
2005-06-29,-2.8601
2005-06-30,2.9443
2005-07-01,-0.9193
2005-07-05,0.0
2005-07-06,0.0206
2005-07-11,-3.0097
2005-07-12,0.9564
2005-07-13,0.1053
2005-07-18,-0.1052
2005-07-19,0.0
2005-07-20,1.6842000000000001
2005-07-25,-2.4845
2005-07-26,2.1231
2005-07-27,-1.2474
2005-07-28,2.6316
2005-07-29,-2.5641
2005-08-01,1.0526
2005-08-02,-1.0417
2005-08-03,-2.0
2005-08-04,-2.1482
2005-08-05,-3.1833
2005-08-08,-0.1134
2005-08-12,1.4756
2005-08-16,-5.9284
2005-08-17,1.6646999999999998
2005-08-18,-1.6374
2005-08-19,0.0
2005-08-23,-1.308
2005-08-25,3.2771
2005-08-26,0.21
2005-08-29,0.1164
2005-08-30,-0.2326
2005-08-31,5.0117
2005-09-01,12.2087
2005-09-02,-1.7804
2005-09-06,7.9557
2005-09-07,-4.1045
2005-09-08,-0.2918
2005-09-09,3.0244
2005-09-12,-10.0367
2005-09-13,-0.2539
2005-09-14,12.3892
2005-09-15,1.4085
2005-09-16,2.6852
2005-09-19,-0.328
2005-09-20,-2.7106
2005-09-21,1.9527999999999999
2005-09-22,5.7096
2005-09-23,-1.0354
2005-09-26,-5.4926
2005-09-27,-0.3413
2005-09-28,-0.5832
2005-09-29,0.3724
2005-09-30,-0.7421
2005-10-04,-0.0935
2005-10-05,1.5762
2005-10-06,-1.6427
2005-10-07,6.2722
2005-10-10,-1.3216
2005-10-11,-1.6964000000000001
2005-10-12,-0.1817
2005-10-13,-2.2748
2005-10-18,1.2104
2005-10-19,-1.104
2005-10-20,-1.4884
2005-10-21,0.5666
2005-10-24,-0.3756
2005-10-25,-2.1678
2005-10-26,-3.9114
2005-10-27,-0.2406
2005-10-28,0.0
2005-11-01,0.5025
2005-11-02,1.95
2005-11-04,4.463
2005-11-07,3.0047
2005-11-08,-3.8286
2005-11-09,3.128
2005-11-10,-1.6221999999999999
2005-11-11,-1.2473
2005-11-14,3.122
2005-11-16,0.4587
2005-11-17,-2.7397
2005-11-18,-0.5634
2005-11-21,0.3777
2005-11-22,0.1881
2005-11-23,-3.0047
2005-11-28,1.6457000000000002
2005-11-30,2.3810000000000002
2005-12-01,4.6512
2005-12-02,-5.68
2005-12-05,4.6084
2005-12-06,-2.7027
2005-12-07,4.1667
2005-12-08,-2.1333
2005-12-09,-3.8147
2005-12-12,0.3777
2005-12-13,-2.1637
2005-12-14,0.0
2005-12-16,3.3654
2005-12-19,-2.7907
2005-12-20,2.1053
2005-12-22,1.7807
2005-12-27,-3.5911999999999997
2005-12-28,-0.5731
2005-12-30,1.7279
2006-01-03,1.7008999999999999
2006-01-04,0.7428
2006-01-05,-0.9217
2006-01-06,1.8977
2006-01-09,-1.4059
2006-01-10,-1.1111
2006-01-11,-2.4345
2006-01-12,6.2379999999999995
2006-01-13,-0.1445
2006-01-17,-0.0362
2006-01-18,-1.7195
2006-01-19,-1.105
2006-01-20,1.9553
2006-01-23,0.4566
2006-01-24,-2.1818
2006-01-26,0.0929
2006-01-27,1.2071
2006-01-30,-0.9174
2006-01-31,0.463
2006-02-01,0.0922
2006-02-02,-1.0129
2006-02-03,1.1163
2006-02-06,0.092
2006-02-07,4.136
2006-02-08,2.2948
2006-02-09,-1.6393
2006-02-10,-0.1404
2006-02-13,-0.2108
2006-02-14,0.2465
2006-02-15,-2.7923999999999998
2006-02-16,-0.813
2006-02-17,0.2732
2006-02-21,-0.4541
2006-02-22,1.8248
2006-02-23,-1.7025000000000001
2006-02-24,-0.0912
2006-02-27,-2.4635
2006-03-01,4.0225
2006-03-02,-1.0791
2006-03-03,0.0
2006-03-06,4.5455
2006-03-07,-3.2
2006-03-08,-1.1858
2006-03-09,-1.8182
2006-03-10,1.4815
2006-03-13,2.0985
2006-03-14,-0.9149
2006-03-15,2.5468
2006-03-16,0.3518
2006-03-20,-2.2787
2006-03-21,0.0
2006-03-22,3.0482
2006-03-23,-2.0877
2006-03-24,-0.4444
2006-03-27,-0.3571
2006-03-29,2.1505
2006-03-30,3.1579
2006-03-31,0.9354
2006-04-03,2.3589
2006-04-04,-2.716
2006-04-05,0.6768
2006-04-06,0.4202
2006-04-07,0.4184
2006-04-10,1.9167
2006-04-11,-1.8806
2006-04-12,-1.5
2006-04-17,2.1997
2006-04-18,0.745
2006-04-19,-1.8077
2006-04-21,1.0042
2006-04-24,-0.9942
2006-04-25,1.7572999999999999
2006-04-26,-0.9046
2006-04-27,2.8216
2006-04-28,-0.8555
2006-05-01,1.0257
2006-05-02,0.6446
2006-05-03,0.0
2006-05-04,-0.7206
2006-05-05,4.0323
2006-05-08,3.876
2006-05-09,-4.7761
2006-05-10,-0.4702
2006-05-11,0.4724
2006-05-12,-0.0784
2006-05-15,-1.8824
2006-05-16,1.8319999999999999
2006-05-17,-1.7206000000000001
2006-05-18,0.3195
2006-05-19,0.1577
2006-05-22,-2.7807
2006-05-23,-1.5535999999999999
2006-05-24,0.5814
2006-05-25,-1.7341
2006-05-26,2.0168
2006-05-31,2.0593
2006-06-01,0.3228
2006-06-02,-0.4827
2006-06-05,-0.6937
2006-06-08,-0.7667
2006-06-12,1.5587
2006-06-13,-3.8772
2006-06-14,-3.3613
2006-06-15,0.8696
2006-06-16,-0.8621
2006-06-19,-0.8696
2006-06-20,-0.3509
2006-06-21,1.4965
2006-06-23,-0.5204
2006-06-26,-3.1386
2006-06-29,1.4401
2006-07-05,-1.1979
2006-07-10,-0.1347
2006-07-11,0.6295
2006-07-12,2.3235
2006-07-13,-6.0262
2006-07-14,-2.6022
2006-07-17,-11.7366
2006-07-18,2.8108
2006-07-19,13.3544
2006-07-20,-1.6698
2006-07-21,0.6604
2006-07-25,7.3102
2006-07-26,1.3974
2006-07-27,0.0861
2006-07-28,-0.8606
2006-07-31,7.2049
2006-08-01,-1.7804
2006-08-02,0.1638
2006-08-03,-3.2099
2006-08-04,2.0408
2006-08-07,1.6667
2006-08-08,1.6393
2006-08-09,-2.8226
2006-08-10,0.0
2006-08-11,0.083
2006-08-14,1.1609
2006-08-15,-1.3115
2006-08-16,0.0
2006-08-17,0.0831
2006-08-18,2.0747
2006-08-21,-0.813
2006-08-22,0.8197
2006-08-23,-0.813
2006-08-24,0.082
2006-08-28,0.0
2006-08-29,0.6552
2006-08-30,1.7086999999999999
2006-08-31,2.0
2006-09-01,0.0
2006-09-05,-0.1569
2006-09-06,0.5499
2006-09-07,-0.7813
2006-09-08,1.1811
2006-09-11,-1.5564
2006-09-12,-1.1858
2006-09-13,1.6800000000000002
2006-09-14,-2.1243
2006-09-15,1.2862
2006-09-18,-1.2698
2006-09-19,0.4823
2006-09-21,-2.32
2006-09-22,-0.9009
2006-09-25,1.0744
2006-09-26,0.1635
2006-09-27,-0.1633
2006-09-28,2.1259
2006-09-29,-0.4003
2006-10-02,-0.3215
2006-10-03,8.2258
2006-10-04,-2.3845
2006-10-06,0.0
2006-10-09,-1.6794
2006-10-10,-2.4845
2006-10-11,-2.0701
2006-10-12,0.4472
2006-10-13,0.7689
2006-10-16,0.0
2006-10-17,0.241
2006-10-18,0.1603
2006-10-20,-1.52
2006-10-23,-3.4931
2006-10-24,2.3569
2006-10-25,-2.6347
2006-10-26,-0.3347
2006-10-27,3.5593
2006-10-30,1.1457
2006-10-31,7.767
2006-11-01,-2.8529
2006-11-02,-1.0819
2006-11-06,-2.2656
2006-11-07,-2.0783
2006-11-13,0.5714
2006-11-14,-0.5682
2006-11-15,0.0
2006-11-16,0.0
2006-11-17,0.5224
2006-11-20,1.5105
2006-11-21,0.24
2006-11-27,-2.2346
2006-11-29,-1.1429
2006-12-05,0.3303
2006-12-06,0.4938
2006-12-08,1.5561
2006-12-11,4.0323
2006-12-13,-0.9302
2006-12-14,-7.0423
2006-12-15,-0.0842
2006-12-18,0.1685
2006-12-20,0.164
2006-12-21,-0.3317
2006-12-22,1.6848999999999998
2006-12-28,2.1541
2006-12-29,1.3777
2007-01-03,-5.1991
2007-01-04,-1.1403
2007-01-05,3.7143
2007-01-08,2.8807
2007-01-09,-2.0
2007-01-10,-1.2245
2007-01-12,-3.2231
2007-01-19,2.6473
2007-01-22,-0.7488
2007-01-29,-1.5088
2007-01-31,-0.1702
2007-02-01,1.4493
2007-02-06,0.8403
2007-02-07,0.0
2007-02-08,-2.2115
2007-02-09,-0.1246
2007-02-13,-0.4266
2007-02-14,1.114
2007-02-15,-1.5253999999999999
2007-02-16,1.6351
2007-02-20,0.4234
2007-02-22,-2.1079
2007-02-23,0.2584
2007-02-27,-0.3436
2007-03-01,-5.8621
2007-03-02,0.7326
2007-03-05,0.4545
2007-03-06,1.3575
2007-03-08,1.5535999999999999
2007-03-09,0.0528
2007-03-12,-3.3392
2007-03-13,5.4227
2007-03-14,1.7548
2007-03-15,-9.7458
2007-03-20,3.4742
2007-03-22,4.265
2007-03-23,0.1741
2007-03-26,3.0408
2007-03-27,0.0843
2007-03-28,-0.1685
2007-03-29,0.8439
2007-03-30,0.3347
2007-04-02,-4.0033
2007-04-03,4.1703
2007-04-04,-0.3336
2007-04-09,-0.8368
2007-04-10,-2.7342
2007-04-11,10.6195
2007-04-12,-6.7451
2007-04-13,4.3734
2007-04-16,2.498
2007-04-18,1.022
2007-04-19,-0.1556
2007-04-23,-3.3515
2007-04-24,2.9032
2007-04-25,-7.7586
2007-04-26,1.1045
2007-04-27,0.5882
2007-04-30,-1.7544
2007-05-01,-0.6803
2007-05-02,1.0274
2007-05-03,4.2373
2007-05-04,2.439
2007-05-07,-1.1905000000000001
2007-05-08,-0.4819
2007-05-10,-1.6949
2007-05-11,2.7094
2007-05-14,-0.9592
2007-05-15,0.565
2007-05-16,1.8458999999999999
2007-05-17,1.7336
2007-05-18,-4.1053
2007-05-21,4.8465
2007-05-22,2.0801
2007-05-23,0.7547
2007-05-24,-0.1498
2007-05-25,0.15
2007-05-29,0.7491
2007-05-30,3.6431
2007-05-31,-2.5108
2007-06-01,0.3679
2007-06-04,2.8592
2007-06-05,1.9243999999999999
2007-06-06,4.5455
2007-06-07,7.6923
2007-06-08,-8.6957
2007-06-11,-0.6803
2007-06-12,0.0
2007-06-13,-2.2603
2007-06-14,-1.4015
2007-06-15,3.0561
2007-06-18,-2.4138
2007-06-19,1.6784
2007-06-20,3.7706
2007-06-21,3.6169000000000002
2007-06-22,3.2967
2007-06-25,-0.1252
2007-06-26,-3.2580999999999998
2007-06-27,-0.7124
2007-06-28,2.4788
2007-06-29,0.3183
2007-07-02,-1.0787
2007-07-03,0.5773
2007-07-05,-4.2092
2007-07-09,5.7257
2007-07-10,7.1788
2007-07-11,-1.4094
2007-07-12,2.2042
2007-07-13,3.5568999999999997
2007-07-16,0.9572
2007-07-17,-3.3463
2007-07-18,-5.1933
2007-07-19,1.6433
2007-07-20,7.6048
2007-07-23,-5.8431
2007-07-24,0.1182
2007-07-25,-3.66
2007-07-26,0.7966
2007-07-27,1.459
2007-07-30,-1.3182
2007-07-31,0.85
2007-08-01,-0.1204
2007-08-02,-2.4714
2007-08-03,-4.6972000000000005
2007-08-06,6.3554
2007-08-07,2.561
2007-08-08,-8.0262
2007-08-09,4.8481
2007-08-10,6.8434
2007-08-13,-4.7894
2007-08-14,-2.6667
2007-08-15,-3.7858
2007-08-16,-4.802
2007-08-17,-10.1971
2007-08-20,0.2271
2007-08-21,-0.7553
2007-08-22,2.6635999999999997
2007-08-23,10.1557
2007-08-24,-5.1809
2007-08-27,2.838
2007-08-28,-3.2436
2007-08-29,-2.2824999999999998
2007-08-30,2.1898
2007-09-04,5.6429
2007-09-05,-2.6369
2007-09-07,-2.5
2007-09-10,-3.1339
2007-09-11,-0.6618
2007-09-12,-3.701
2007-09-13,-1.9975
2007-09-14,-3.5304
2007-09-17,-3.6585
2007-09-18,-3.7975
2007-09-19,3.2456
2007-09-20,-1.0195
2007-09-21,6.4378
2007-09-24,-3.2258
2007-09-25,0.0
2007-09-26,-2.9167
2007-09-28,1.4592
2007-10-01,-1.0152
2007-10-02,0.0
2007-10-03,0.0
2007-10-04,-0.8547
2007-10-05,0.8621
2007-10-08,0.0
2007-10-09,6.7521
2007-10-10,0.4804
2007-10-15,-4.3825
2007-10-17,-1.9167
2007-10-18,0.7647
2007-10-19,-0.4216
2007-10-22,-4.3184000000000005
2007-10-23,8.3186
2007-10-24,-4.085
2007-10-25,-1.9836
2007-10-26,1.6761
2007-10-29,-0.3419
2007-10-30,-1.0292
2007-10-31,1.2132
2007-11-01,-1.5411000000000001
2007-11-05,0.4174
2007-11-06,-3.1001
2007-11-07,-8.2216
2007-11-08,1.3632
2007-11-09,-0.4803
2007-11-12,-3.668
2007-11-13,-2.7054
2007-11-14,4.4284
2007-11-15,0.1183
2007-11-16,3.4279
2007-11-19,0.0
2007-11-20,-7.1429
2007-11-21,2.0513
2007-11-23,-2.4121
2007-11-26,0.5149
2007-11-27,-0.5123
2007-11-28,4.0165
2007-11-29,-3.0693
2007-11-30,21.144
2007-12-03,-19.3929
2007-12-04,4.6025
2007-12-06,-1.7
2007-12-07,0.8138
2007-12-10,1.9173
2007-12-11,1.2871000000000001
2007-12-12,0.6959
2007-12-13,-0.8852
2007-12-14,0.3918
2007-12-17,0.0
2007-12-18,-2.439
2007-12-19,0.0
2007-12-20,-2.1
2007-12-21,-5.5158000000000005
2007-12-27,-0.5405
2007-12-28,8.6957
2007-12-31,-0.4
2008-01-02,-8.3333
2008-01-03,4.0526
2008-01-04,-5.6842
2008-01-07,5.2455
2008-01-08,-2.2269
2008-01-09,-2.82
2008-01-10,-2.6786
2008-01-14,0.5734
2008-01-15,1.9384000000000001
2008-01-16,0.4474
2008-01-17,-1.392
2008-01-18,1.5246
2008-01-22,6.2291
2008-01-23,3.3508
2008-01-24,-2.0263
2008-01-25,-9.7725
2008-01-28,-6.7049
2008-01-29,-3.5627
2008-01-30,6.4968
2008-01-31,5.8612
2008-02-01,-4.2938
2008-02-04,-0.9445
2008-02-05,4.0048
2008-02-06,-1.1002
2008-02-07,2.0857
2008-02-08,4.6538
2008-02-11,2.1692
2008-02-12,-2.5478
2008-02-13,-15.0327
2008-02-14,0.3846
2008-02-15,-2.682
2008-02-19,1.706
2008-02-20,5.2903
2008-02-21,-5.3922
2008-02-22,-1.6839
2008-02-25,-6.3241
2008-02-26,4.9226
2008-02-27,5.496
2008-02-28,-0.5083
2008-03-03,12.3883
2008-03-04,-1.5909
2008-03-05,2.5404
2008-03-06,-0.5631
2008-03-07,0.0
2008-03-10,-6.795
2008-03-11,-2.7946999999999997
2008-03-12,3.625
2008-03-14,-10.8565
2008-03-18,1.4885
2008-03-19,-5.7333
2008-03-20,7.9208
2008-03-24,-8.7811
2008-03-25,1.1494
2008-03-26,0.142
2008-03-28,5.1064
2008-03-31,-5.5331
2008-04-01,6.7143
2008-04-02,-6.9612
2008-04-03,-5.7554
2008-04-04,5.4198
2008-04-07,-1.5206
2008-04-08,-1.3235000000000001
2008-04-09,-0.149
2008-04-10,2.0896
2008-04-14,-3.9474
2008-04-15,0.4547
2008-04-16,-1.3618000000000001
2008-04-18,0.0
2008-04-21,-3.6866
2008-04-22,11.4833
2008-04-23,-10.3004
2008-04-24,-0.319
2008-04-25,4.0
2008-04-28,0.0
2008-04-29,-1.3846
2008-04-30,1.4041000000000001
2008-05-01,3.8462
2008-05-02,15.1111
2008-05-05,0.6435
2008-05-06,-13.0435
2008-05-07,-4.4118
2008-05-08,0.0
2008-05-09,0.0
2008-05-13,0.0
2008-05-14,0.0
2008-05-15,1.6923
2008-05-16,-1.6641
2008-05-19,-1.6923
2008-05-20,4.3818
2008-05-21,-1.0645
2008-05-22,0.7728
2008-05-23,-0.7519
2008-05-27,12.7254
2008-05-30,-2.4177
2008-06-02,0.1377
2008-06-03,-3.5763
2008-06-04,-4.8502
2008-06-06,5.5472
2008-06-09,0.142
2008-06-10,3.2624
2008-06-11,-3.1593
2008-06-13,0.7092
2008-06-16,-6.0563
2008-06-17,2.099
2008-06-18,0.7636
2008-06-19,-0.7578
2008-06-20,-0.8811
2008-06-23,0.1481
2008-06-24,3.1953
2008-06-25,-0.086
2008-06-26,-6.7432
2008-06-27,0.0
2008-06-30,15.2308
2008-07-01,-2.4015
2008-07-02,3.9654
2008-07-03,-1.25
2008-07-07,-2.7315
2008-07-08,-0.5479
2008-07-09,5.2324
2008-07-10,-7.0665
2008-07-11,7.8873
2008-07-14,-3.3943
2008-07-15,-4.4595
2008-07-16,-1.1315
2008-07-17,0.7153
2008-07-18,0.7102
2008-07-21,0.2821
2008-07-22,-0.1406
2008-07-23,2.8169
2008-07-24,-0.4658
2008-07-25,-3.7984999999999998
2008-07-28,1.5737
2008-07-29,-6.7606
2008-07-30,0.9668
2008-07-31,4.2789
2008-08-01,0.2869
2008-08-04,-2.0029
2008-08-05,2.0438
2008-08-07,-5.7225
2008-08-08,5.4628
2008-08-11,3.5971
2008-08-12,-7.3056
2008-08-14,-0.3596
2008-08-15,4.812
2008-08-18,0.5739
2008-08-19,6.99
2008-08-20,11.2
2008-08-25,-3.6691000000000003
2008-08-26,-11.0032
2008-08-27,-1.958
2008-08-28,-0.1427
2008-08-29,-2.1429
2008-09-02,-2.0438
2008-09-03,3.7258
2008-09-04,-4.1667
2008-09-05,2.2489
2008-09-08,13.9296
2008-09-09,-9.7812
2008-09-10,-0.2853
2008-09-11,-2.432
2008-09-15,6.4516
2008-09-16,-8.2645
2008-09-17,2.8529
2008-09-18,-8.7591
2008-09-19,9.6
2008-09-23,-7.4453
2008-09-24,-1.1278
2008-09-25,-0.2951
2008-09-26,0.64
2008-09-30,-13.5135
2008-10-01,0.3676
2008-10-02,2.7495000000000003
2008-10-03,-2.8542
2008-10-06,-31.7431
2008-10-07,-10.2151
2008-10-08,-17.6684
2008-10-09,-23.6329
2008-10-10,-19.0476
2008-10-13,17.0588
2008-10-14,3.0151
2008-10-15,26.3415
2008-10-16,-3.4749
2008-10-17,-8.4
2008-10-20,13.5371
2008-10-21,-16.9231
2008-10-22,-16.6667
2008-10-23,5.5556
2008-10-24,30.5263
2008-10-27,3.2258
2008-10-28,-17.9687
2008-10-29,-7.1429
2008-10-30,-2.5641
2008-10-31,1.0526
2008-11-03,1.0417
2008-11-04,-7.2165
2008-11-05,19.7778
2008-11-07,-18.8312
2008-11-11,0.0
2008-11-12,-11.2
2008-11-13,-14.4225
2008-11-14,-3.9759
2008-11-17,-21.6915
2008-11-18,-10.0
2008-11-19,-17.7778
2008-11-20,-27.027
2008-11-21,17.7199
2008-11-24,33.7135
2008-11-25,-4.7059
2008-11-28,-17.284
2008-12-01,11.9403
2008-12-02,5.3167
2008-12-03,-29.1027
2008-12-04,1.7856999999999998
2008-12-05,-1.7544
2008-12-08,48.5714
2008-12-09,-20.0721
2008-12-10,-15.4887
2008-12-11,15.6584
2008-12-12,-6.1538
2008-12-15,3.2787
2008-12-16,6.3492
2008-12-17,4.4776
2008-12-18,-20.0
2008-12-19,10.7143
2008-12-22,-16.129
2008-12-23,5.7692
2008-12-24,-3.6364
2008-12-26,4.9056999999999995
2008-12-29,-15.467600000000001
2008-12-30,17.0213
2008-12-31,16.3636
2009-01-02,-3.125
2009-01-05,3.2258
2009-01-06,6.25
2009-01-08,-4.4118
2009-01-09,19.9808
2009-01-12,-3.8307
2009-01-13,0.0
2009-01-14,-6.6667
2009-01-15,0.0
2009-01-20,-18.5714
2009-01-21,-15.7895
2009-01-22,8.3333
2009-01-23,-7.6923
2009-01-26,8.3333
2009-01-27,11.538499999999999
2009-01-28,-20.6897
2009-01-29,23.913
2009-02-03,-1.7544
2009-02-04,-17.8348
2009-02-05,6.4928
2009-02-06,-5.9184
2009-02-09,8.4599
2009-02-11,0.0
2009-02-12,-8.0
2009-02-13,42.6087
2009-02-17,-3.9634
2009-02-18,0.0
2009-02-19,-17.4405
2009-02-20,0.0
2009-02-23,-20.9805
2009-02-24,-0.2433
2009-02-26,19.5122
2009-02-27,-14.2602
2009-03-02,0.0
2009-03-03,-2.41
2009-03-04,-19.5122
2009-03-05,0.0
2009-03-06,3.6364
2009-03-09,2.3392
2009-03-10,-11.4286
2009-03-11,0.0
2009-03-12,-16.129
2009-03-13,11.538499999999999
2009-03-16,-10.3448
2009-03-17,46.1538
2009-03-18,-28.947400000000002
2009-03-19,-7.4074
2009-03-20,39.925
2009-03-23,5.5208
2009-03-24,11.0735
2009-03-25,-21.2195
2009-03-26,5.2632
2009-03-27,17.647100000000002
2009-03-30,17.5
2009-03-31,4.2553
2009-04-01,-10.2041
2009-04-02,0.0
2009-04-03,-9.0909
2009-04-06,0.0
2009-04-07,-10.0
2009-04-08,11.1111
2009-04-09,-12.5
2009-04-13,-2.8571
2009-04-14,17.6103
2009-04-15,-2.4695
2009-04-16,-10.2564
2009-04-17,14.2857
2009-04-20,15.0
2009-04-21,39.1304
2009-04-22,3.125
2009-04-23,-1.5152
2009-04-24,3.0769
2009-04-27,-13.4328
2009-04-28,0.0
2009-04-29,-3.4483
2009-04-30,-8.9286
2009-05-01,43.1373
2009-05-04,-17.8082
2009-05-05,-6.6667
2009-05-06,3.5714
2009-05-07,3.4483
2009-05-08,25.0
2009-05-11,-2.6667
2009-05-12,-12.3288
2009-05-13,-6.875
2009-05-14,-1.0067
2009-05-15,17.6907
2009-05-18,-6.3906
2009-05-19,-7.6923
2009-05-21,14.9792
2009-05-22,-5.78
2009-05-26,7.6923
2009-05-27,0.0
2009-05-28,-21.4286
2009-05-29,1.7955
2009-06-01,-8.6738
2009-06-02,3.6548
2009-06-03,-1.6392
2009-06-04,7.4212
2009-06-05,12.5223
2009-06-09,-6.3678
2009-06-10,-6.7797
2009-06-11,6.7841000000000005
2009-06-12,7.247
2009-06-15,-12.6811
2009-06-16,10.0
2009-06-17,22.314
2009-06-18,21.6216
2009-06-19,-15.5556
2009-06-22,-3.273
2009-06-23,36.0483
2009-06-24,-20.01
2009-06-25,12.5
2009-06-26,72.2222
2009-06-29,3.2258
2009-06-30,-7.5
2009-07-01,-28.3784
2009-07-02,45.283
2009-07-06,37.6623
2009-07-07,-10.3774
2009-07-08,-12.1053
2009-07-09,-2.9939999999999998
2009-07-10,6.4506
2009-07-13,-7.2195
2009-07-14,1.25
2009-07-15,-5.2469
2009-07-16,14.5928
2009-07-17,2.3309
2009-07-20,-7.7778
2009-07-21,-10.241
2009-07-22,3.3557
2009-07-23,8.4416
2009-07-24,2.3952
2009-07-27,2.193
2009-07-28,-5.5794
2009-07-29,-3.0303
2009-07-30,-6.25
2009-07-31,-3.3333
2009-08-03,47.1724
2009-08-04,-0.656
2009-08-05,9.9057
2009-08-06,3.0043
2009-08-07,-7.9167
2009-08-10,10.8597
2009-08-11,-8.0969
2009-08-12,-0.0722
2009-08-13,-28.4444
2009-08-14,49.0683
2009-08-17,-2.0833
2009-08-18,2.1277
2009-08-19,-9.1667
2009-08-20,1.8406
2009-08-21,-2.2578
2009-08-24,8.7558
2009-08-25,-5.9322
2009-08-26,16.6667
2009-08-27,0.0
2009-08-28,7.1236
2009-08-31,-4.1269
2009-09-01,4.516
2009-09-02,7.1894
2009-09-03,6.3758
2009-09-04,4.1009
2009-09-08,16.6667
2009-09-09,9.9643
2009-09-10,6.2889
2009-09-11,-5.9974
2009-09-14,-4.4917
2009-09-15,-5.9375
2009-09-16,-3.4242
2009-09-17,-9.8093
2009-09-18,0.3021
2009-09-21,-3.4638999999999998
2009-09-22,1.7161
2009-09-23,4.7546
2009-09-24,5.4173
2009-09-25,-0.8333
2009-09-28,3.3613
2009-09-29,-9.4851
2009-09-30,5.0898
2009-10-01,0.0
2009-10-02,-9.6866
2009-10-05,1.8927
2009-10-06,-5.5728
2009-10-07,-4.5902
2009-10-08,2.7491
2009-10-09,-0.3303
2009-10-12,10.7336
2009-10-13,-10.9091
2009-10-14,5.4145
2009-10-15,-5.4591
2009-10-16,-1.0644
2009-10-19,-2.7188
2009-10-20,0.0
2009-10-21,-3.9007
2009-10-22,3.321
2009-10-23,-0.7143
2009-10-26,-5.7554
2009-10-27,-13.7405
2009-10-28,-9.7345
2009-10-29,-2.451
2009-10-30,0.5025
2009-11-02,-4.5
2009-11-03,-9.4241
2009-11-04,12.8613
2009-11-05,1.9205999999999999
2009-11-06,0.5025
2009-11-09,-0.25
2009-11-10,-1.1779
2009-11-11,3.9817
2009-11-12,19.5122
2009-11-13,-17.1429
2009-11-16,3.4483
2009-11-17,-0.9524
2009-11-18,2.5962
2009-11-19,9.1846
2009-11-20,0.8584
2009-11-23,2.9787
2009-11-24,-2.8926
2009-11-25,-0.8511
2009-11-27,-4.721
2009-11-30,-4.0541
2009-12-01,0.4695
2009-12-02,0.9901
2009-12-03,-6.5329
2009-12-04,5.4455
2009-12-07,-1.4085
2009-12-08,9.5238
2009-12-09,-7.8261
2009-12-10,7.0755
2009-12-11,-8.8106
2009-12-14,9.1787
2009-12-15,1.7699
2009-12-16,6.9565
2009-12-17,-6.5041
2009-12-18,-3.9130000000000003
2009-12-21,-3.1673999999999998
2009-12-22,1.4019
2009-12-23,-1.7511999999999999
2009-12-24,0.8443
2009-12-28,-1.3953
2009-12-29,-1.8868
2009-12-30,0.4808
2009-12-31,16.2679
2010-01-04,22.5669
2010-01-05,2.7406
2010-01-06,-2.9412000000000003
2010-01-07,-4.0404
2010-01-08,-9.473700000000001
2010-01-11,4.6463
2010-01-12,0.0046
2010-01-13,2.5926
2010-01-14,0.0
2010-01-15,-2.1661
2010-01-19,-2.583
2010-01-20,-1.0298
2010-01-21,-4.3177
2010-01-22,4.4
2010-01-25,-1.1446
2010-01-26,5.2275
2010-01-28,-2.0258
2010-01-29,-3.3835
2010-02-01,0.7782
2010-02-02,2.3166
2010-02-03,8.3019
2010-02-04,-6.2718
2010-02-05,-3.3457
2010-02-08,-2.3077
2010-02-09,4.3258
2010-02-11,1.8916
2010-02-16,-1.4815
2010-02-17,-4.1353
2010-02-19,-4.3137
2010-02-22,3.0738
2010-02-23,-2.9821
2010-02-24,6.1475
2010-02-25,1.5444
2010-02-26,0.7605
2010-03-01,-6.4151
2010-03-02,4.0323
2010-03-03,0.7752
2010-03-04,0.0
2010-03-05,5.7692
2010-03-08,-4.3636
2010-03-09,0.7605
2010-03-10,7.5472
2010-03-11,10.526299999999999
2010-03-12,-10.7937
2010-03-15,1.4235
2010-03-16,3.5088
2010-03-17,-0.678
2010-03-18,2.0478
2010-03-19,-6.3545
2010-03-22,8.2143
2010-03-23,-2.6403
2010-03-24,1.6949
2010-03-25,3.3333
2010-03-26,-1.7742
2010-03-29,-3.7767
2010-03-30,-3.413
2010-03-31,2.4735
2010-04-01,1.7241
2010-04-05,0.0
2010-04-06,3.7288
2010-04-07,-5.8824
2010-04-08,-0.8333
2010-04-12,2.7661
2010-04-13,2.2147
2010-04-14,0.0
2010-04-15,1.6063
2010-04-16,3.3401
2010-04-19,-1.9048
2010-04-21,5.5016
2010-04-22,5.5215
2010-04-23,1.7442
2010-04-26,3.1429
2010-04-27,-3.7812
2010-04-28,-2.4039
2010-04-29,-5.3097
2010-04-30,1.5575999999999999
2010-05-03,-6.7485
2010-05-04,-2.3026
2010-05-05,-0.3367
2010-05-06,4.3919
2010-05-07,-5.8252
2010-05-10,-2.4055
2010-05-11,1.0563
2010-05-12,4.5296
2010-05-13,1.6667
2010-05-14,-4.8852
2010-05-17,6.8597
2010-05-18,0.0
2010-05-19,-1.9355
2010-05-20,-9.5395
2010-05-21,-7.2727
2010-05-24,6.8627
2010-05-25,-6.7936
2010-05-26,-0.3888
2010-05-27,-1.1858
2010-05-28,0.0
2010-06-01,14.0
2010-06-02,-2.4561
2010-06-03,2.8777
2010-06-04,-7.3427
2010-06-07,1.5093999999999999
2010-06-08,-10.0372
2010-06-09,3.3058
2010-06-10,-4.005
2010-06-11,-2.9116
2010-06-14,1.2929
2010-06-15,-2.5475
2010-06-16,-2.1739
2010-06-17,11.1111
2010-06-18,0.0
2010-06-21,2.0
2010-06-22,-1.1764999999999999
2010-06-23,-0.7937
2010-06-24,-0.4
2010-06-25,-6.8273
2010-06-28,-5.1724
2010-06-29,-9.0909
2010-06-30,-7.5
2010-07-01,6.9459
2010-07-02,-1.4405000000000001
2010-07-06,-5.1282
2010-07-07,2.1622
2010-07-08,0.5291
2010-07-12,2.6316
2010-07-13,-3.5897
2010-07-14,5.8511
2010-07-15,-4.6231
2010-07-16,-2.529
2010-07-19,2.7027
2010-07-20,-2.1053
2010-07-21,1.0753
2010-07-22,0.5319
2010-07-23,-2.3810000000000002
2010-07-26,0.271
2010-07-27,7.027
2010-07-28,-2.0202
2010-07-29,0.0
2010-07-30,3.0928
2010-08-02,33.0
2010-08-03,1.8797000000000001
2010-08-04,-5.5351
2010-08-05,0.5273
2010-08-06,3.3612
2010-08-09,-3.3835
2010-08-10,-7.0039
2010-08-11,-10.0418
2010-08-12,2.3256
2010-08-13,-3.6364
2010-08-16,-0.4717
2010-08-17,-1.4218
2010-08-18,13.461500000000001
2010-08-19,-14.4068
2010-08-20,6.1572
2010-08-23,-2.0694
2010-08-24,-4.7619
2010-08-25,5.0
2010-08-30,-5.7083
2010-08-31,6.0539
2010-09-01,1.9048
2010-09-02,0.2336
2010-09-03,-4.4289
2010-09-07,-3.4146
2010-09-08,0.5051
2010-09-09,3.0151
2010-09-10,2.9268
2010-09-13,16.1078
2010-09-14,-9.3831
2010-09-15,1.3514
2010-09-16,-5.7778
2010-09-17,9.9057
2010-09-20,4.721
2010-09-21,-4.918
2010-09-22,-4.7414
2010-09-23,-1.81
2010-09-24,-5.53
2010-09-27,4.878
2010-09-28,-2.1628
2010-09-29,2.2106
2010-09-30,-0.9302
2010-10-01,2.3474
2010-10-04,-6.1927
2010-10-05,4.6455
2010-10-07,-1.8692
2010-10-08,4.7619
2010-10-11,-3.642
2010-10-12,0.4776
2010-10-13,-1.4085
2010-10-14,0.0
2010-10-15,-0.4762
2010-10-18,3.8278
2010-10-19,-0.9217
2010-10-20,0.0
2010-10-21,-3.7151
2010-10-22,10.1383
2010-10-25,-3.9474
2010-10-26,0.4566
2010-10-27,-5.9091000000000005
2010-10-28,-2.8986
2010-10-29,-1.4925
2010-11-01,-4.0404
2010-11-02,-4.2105
2010-11-03,2.7473
2010-11-04,-2.1390000000000002
2010-11-05,2.1858
2010-11-08,-1.0695000000000001
2010-11-09,-2.1622
2010-11-10,7.1823
2010-11-11,-5.1546
2010-11-12,-0.5435
2010-11-15,2.7254
2010-11-16,0.5386
2010-11-17,-2.6455
2010-11-18,2.1739
2010-11-19,0.0
2010-11-22,-3.7234
2010-11-23,-1.105
2010-11-24,-4.4693
2010-11-26,4.0936
2010-11-29,3.1074
2010-11-30,-3.5587
2010-12-01,0.565
2010-12-02,-0.5548
2010-12-03,7.3371
2010-12-06,5.2632
2010-12-07,-5.0
2010-12-08,7.3684
2010-12-09,-3.9215999999999998
2010-12-10,1.5242
2010-12-13,-4.5166
2010-12-14,0.5263
2010-12-15,-8.1152
2010-12-16,-3.1339
2010-12-17,0.8235
2010-12-20,3.2672
2010-12-21,4.5127
2010-12-22,-0.1554
2010-12-23,-1.631
2010-12-27,-0.9288
2010-12-28,0.0
2010-12-29,1.6667
2010-12-30,0.5464
2010-12-31,2.9891
2011-01-03,8.1794
2011-01-04,-2.439
2011-01-05,-3.0
2011-01-06,-3.0928
2011-01-07,5.3191
2011-01-10,-0.5051
2011-01-11,0.5076
2011-01-12,3.0303
2011-01-13,-3.3915
2011-01-14,2.4958
2011-01-18,0.9499
2011-01-19,-0.4505
2011-01-20,-7.8818
2011-01-21,4.2781
2011-01-24,4.1026
2011-01-25,-1.9704000000000002
2011-01-26,0.5025
2011-01-27,2.0
2011-01-28,0.4902
2011-01-31,4.878
2011-02-01,0.0
2011-02-02,6.0465
2011-02-03,0.0
2011-02-04,-0.0055
2011-02-07,-2.6262
2011-02-08,-7.2072
2011-02-09,6.2621
2011-02-10,-4.9794
2011-02-11,0.0
2011-02-14,0.9615
2011-02-15,-1.4285999999999999
2011-02-16,-0.4831
2011-02-17,1.4563
2011-02-22,-1.4354
2011-02-23,-0.4854
2011-02-24,0.0
2011-02-25,1.4634
2011-02-28,0.0
2011-03-01,-2.4038
2011-03-02,0.9852
2011-03-03,3.1707
2011-03-04,3.552
2011-03-07,1.5924
2011-03-08,-1.1236
2011-03-09,1.8182
2011-03-10,3.5714
2011-03-11,-1.2931
2011-03-14,-10.4803
2011-03-15,7.3171
2011-03-16,-4.0909
2011-03-17,3.7915
2011-03-18,4.1039
2011-03-22,1.3159
2011-03-23,3.4634
2011-03-24,4.1189
2011-03-25,0.4697
2011-03-28,-4.0
2011-03-29,0.0
2011-03-30,4.5833
2011-03-31,8.6853
2011-04-01,-4.6325
2011-04-04,1.8546
2011-04-05,5.6654
2011-04-06,-1.7856999999999998
2011-04-07,0.0045
2011-04-08,-3.6452999999999998
2011-04-11,3.0237
2011-04-12,2.5641
2011-04-13,0.0
2011-04-15,-1.7856999999999998
2011-04-18,-12.3636
2011-04-19,1.6598000000000002
2011-04-20,1.6327
2011-04-21,4.0161
2011-04-25,1.5444
2011-04-26,-7.6046
2011-04-27,-1.2346
2011-04-28,0.0
2011-04-29,-0.8333
2011-05-02,11.7647
2011-05-03,-9.0226
2011-05-04,0.0
2011-05-05,-0.0052
2011-05-06,-7.4332
2011-05-09,0.8873
2011-05-10,-0.437
2011-05-11,2.2222
2011-05-12,-1.3043
2011-05-13,-1.3216
2011-05-17,-5.3571
2011-05-18,1.4151
2011-05-19,3.2558
2011-05-20,6.8018
2011-05-23,-6.7904
2011-05-24,-1.3575
2011-05-25,2.2936
2011-05-26,0.8969
2011-05-27,-0.8889
2011-05-31,0.0
2011-06-02,-4.4843
2011-06-03,4.6948
2011-06-06,-1.7936999999999999
2011-06-07,-1.9092
2011-06-08,-0.8466
2011-06-09,-1.6432
2011-06-10,2.6253
2011-06-13,-15.3488
2011-06-14,14.2857
2011-06-15,1.4423
2011-06-16,-8.5308
2011-06-17,1.5544
2011-06-20,3.5714
2011-06-21,-0.9852
2011-06-22,0.0
2011-06-23,6.4677
2011-06-24,-5.1402
2011-06-27,0.9852
2011-06-28,1.4634
2011-06-29,0.0
2011-06-30,0.4808
2011-07-01,0.0
2011-07-06,1.9139
2011-07-07,6.5728
2011-07-11,-3.9648
2011-07-13,0.5132
2011-07-14,-2.2077
2011-07-15,-0.1313
2011-07-18,-5.6075
2011-07-19,0.0
2011-07-20,-1.2871000000000001
2011-07-22,4.3286
2011-07-25,-3.3799
2011-07-26,4.0609
2011-07-27,-2.9463
2011-07-28,-1.4778
2011-07-29,0.0
2011-08-01,12.5
2011-08-02,0.0
2011-08-03,0.0
2011-08-04,-1.7778
2011-08-05,-6.7873
2011-08-08,-4.8544
2011-08-09,19.898
2011-08-10,-17.0213
2011-08-11,2.5641
2011-08-12,0.0
2011-08-15,2.5063
2011-08-16,-5.3716
2011-08-17,4.1237
2011-08-18,0.9901
2011-08-19,1.4645000000000001
2011-08-22,-1.4433
2011-08-23,-4.4118
2011-08-24,-0.5192
2011-08-25,3.6085000000000003
2011-08-29,-0.9236
2011-08-31,0.9385
2011-09-01,-4.4776
2011-09-02,8.3333
2011-09-06,-3.3984
2011-09-07,0.0342
2011-09-08,-0.4975
2011-09-09,-4.9937000000000005
2011-09-12,5.2497
2011-09-13,0.0063
2011-09-14,1.0
2011-09-15,0.0062
2011-09-16,0.9839
2011-09-19,-7.8431
2011-09-20,3.7234
2011-09-21,-2.5994
2011-09-22,2.1422
2011-09-23,-2.0619
2011-09-26,-1.5789
2011-09-27,1.0628
2011-09-28,-2.1099
2011-09-29,1.2635
2011-09-30,-0.714
2011-10-03,-2.1505
2011-10-04,0.0
2011-10-06,0.0
2011-10-07,-2.1978
2011-10-10,1.1236
2011-10-11,2.7222
2011-10-12,-1.5684
2011-10-13,-3.2418
2011-10-14,-1.1925
2011-10-17,0.5675
2011-10-18,-2.8502
2011-10-19,-2.9412000000000003
2011-10-20,-1.2121
2011-10-21,6.1426
2011-10-24,-1.7412
2011-10-25,5.8824
2011-10-26,1.6667
2011-10-27,24.0437
2011-10-28,-9.6916
2011-10-31,-1.9512
2011-11-01,0.4975
2011-11-03,7.9208
2011-11-04,11.4679
2011-11-07,-3.2922000000000002
2011-11-08,10.6383
2011-11-09,-0.3846
2011-11-10,-0.7722
2011-11-11,-0.7782
2011-11-14,-8.6275
2011-11-15,-0.8584
2011-11-16,3.4632
2011-11-17,9.6234
2011-11-18,1.145
2011-11-21,-9.434
2011-11-22,11.25
2011-11-23,-6.7416
2011-11-25,4.4177
2011-11-28,0.0
2011-11-29,-3.8462
2011-11-30,10.4
2011-12-01,-1.4493
2011-12-02,21.3235
2011-12-05,2.5758
2011-12-06,3.3973
2011-12-07,-2.8571
2011-12-08,-1.4706000000000001
2011-12-09,18.5075
2011-12-12,-2.267
2011-12-13,-10.8247
2011-12-14,2.6012
2011-12-15,2.7852
2011-12-16,-8.1909
2011-12-19,5.6716
2011-12-20,3.1073
2011-12-21,-7.6712
2011-12-22,6.8248999999999995
2011-12-23,1.3889
2011-12-27,9.589
2011-12-28,9.7906
2011-12-29,3.6063
2011-12-30,-9.8901
2012-01-03,4.878
2012-01-04,1.1628
2012-01-05,2.2989
2012-01-06,0.2247
2012-01-09,5.3812
2012-01-10,-2.125
2012-01-11,6.5188
2012-01-12,0.0
2012-01-13,10.2041
2012-01-17,3.7037
2012-01-18,9.642900000000001
2012-01-19,5.0489
2012-01-20,-6.9767
2012-01-23,14.1667
2012-01-24,-1.4599
2012-01-25,-6.5184999999999995
2012-01-26,-5.6894
2012-01-27,-9.427
2012-01-30,-1.6698
2012-01-31,7.9245
2012-02-01,5.7692
2012-02-02,-1.157
2012-02-03,3.6789
2012-02-06,-3.871
2012-02-07,-0.1678
2012-02-08,-10.5882
2012-02-09,6.9549
2012-02-10,2.3199
2012-02-13,0.6527
2012-02-14,-4.2661999999999995
2012-02-15,1.7825
2012-02-16,0.0
2012-02-17,9.1068
2012-02-21,0.8026
2012-02-22,1.2739
2012-02-23,-0.9434
2012-02-24,3.4920999999999998
2012-02-27,-1.0735999999999999
2012-02-28,-4.1734
2012-02-29,-0.1749
2012-03-01,0.3241
2012-03-02,3.7157
2012-03-05,1.2461
2012-03-06,-1.0769
2012-03-07,2.4883
2012-03-08,8.9511
2012-03-09,11.2833
2012-03-12,5.632
2012-03-13,10.782
2012-03-14,-6.9519
2012-03-15,7.2414
2012-03-16,2.8939
2012-03-19,6.6667
2012-03-20,0.4883
2012-03-21,3.9808
2012-03-22,-0.5573
2012-03-23,0.282
2012-03-26,4.3112
2012-03-27,5.2111
2012-03-28,1.4518
2012-03-29,-4.798
2012-03-30,7.4271
2012-04-02,6.9136
2012-04-03,-6.8514
2012-04-04,-17.1074
2012-04-05,0.5982
2012-04-09,-9.8117
2012-04-10,-5.9341
2012-04-11,-1.4019
2012-04-12,8.6493
2012-04-13,-1.6358000000000001
2012-04-16,-5.8758
2012-04-17,7.7739
2012-04-18,0.3279
2012-04-19,-0.3268
2012-04-20,-0.4372
2012-04-23,-2.854
2012-04-24,1.8079
2012-04-25,-0.7769
2012-04-26,27.964199999999998
2012-04-27,13.6364
2012-04-30,-0.4615
2012-05-01,-0.1546
2012-05-02,4.7988
2012-05-03,-8.4934
2012-05-04,4.1969
2012-05-07,-2.1689
2012-05-08,0.5542
2012-05-09,2.126
2012-05-10,4.4719
2012-05-11,-3.0258
2012-05-14,-2.7397
2012-05-15,6.964
2012-05-16,1.3168
2012-05-17,-10.3249
2012-05-18,-2.1739
2012-05-21,-2.8807
2012-05-22,9.7458
2012-05-23,3.0888
2012-05-24,2.5468
2012-05-25,1.4609
2012-05-29,-1.2239
2012-05-30,-4.6647
2012-05-31,0.4587
2012-06-01,-8.5997
2012-06-04,-7.3272
2012-06-05,1.8868
2012-06-06,5.9083
2012-06-07,5.0791
2012-06-08,5.1506
2012-06-11,-1.7332
2012-06-12,-1.227
2012-06-13,-1.9798
2012-06-14,3.0495
2012-06-15,-0.8455
2012-06-18,9.612400000000001
2012-06-19,-3.6068
2012-06-20,-1.4674
2012-06-21,-11.169
2012-06-22,0.5868
2012-06-25,-3.1667
2012-06-26,1.5491000000000001
2012-06-27,1.5253999999999999
2012-06-28,-1.1686
2012-06-29,7.6858
2012-07-02,4.8627
2012-07-03,2.917
2012-07-05,3.0523
2012-07-06,0.4231
2012-07-09,4.986
2012-07-10,-8.1605
2012-07-11,5.1712
2012-07-12,2.8393
2012-07-13,-1.4141
2012-07-16,-2.9372
2012-07-17,0.7741
2012-07-18,-5.7263
2012-07-19,-5.7036999999999995
2012-07-20,-1.8068
2012-07-23,-0.4
2012-07-24,-1.7671000000000001
2012-07-25,0.8177
2012-07-26,8.2725
2012-07-27,-2.6966
2012-07-30,-7.3903
2012-07-31,-3.2419000000000002
2012-08-01,-5.0687
2012-08-02,1.3575
2012-08-03,11.25
2012-08-06,-2.5682
2012-08-07,-0.4942
2012-08-08,-1.5728
2012-08-09,3.7006
2012-08-10,-4.704
2012-08-13,-0.1702
2012-08-14,5.2856
2012-08-15,-1.1336
2012-08-16,2.457
2012-08-17,3.9169
2012-08-20,-0.5385
2012-08-21,-1.9335
2012-08-22,0.0789
2012-08-23,1.1032
2012-08-24,-0.8574
2012-08-27,0.7075
2012-08-28,5.0742
2012-08-29,2.8232
2012-08-30,-7.7312
2012-08-31,1.8011
2012-09-04,-0.4615
2012-09-05,3.2457
2012-09-06,2.0958
2012-09-07,0.5132
2012-09-10,1.0212
2012-09-11,-1.6606
2012-09-12,0.2937
2012-09-13,-0.5124
2012-09-14,7.5055
2012-09-17,-0.4107
2012-09-18,3.0241
2012-09-19,-1.0007
2012-09-20,-1.752
2012-09-21,-0.2743
2012-09-24,1.3755
2012-09-25,-1.2212
2012-09-26,-3.7088
2012-09-27,6.8474
2012-09-28,3.271
2012-10-01,19.5217
2012-10-02,-8.1125
2012-10-03,3.6492
2012-10-04,-1.6468
2012-10-05,0.7506
2012-10-08,-1.3754
2012-10-09,-3.8931
2012-10-10,-5.0786
2012-10-11,9.1083
2012-10-12,5.6042
2012-10-15,-0.0553
2012-10-16,4.2035
2012-10-17,3.0786
2012-10-18,2.9866
2012-10-19,-0.75
2012-10-22,-6.9018
2012-10-23,-2.0563
2012-10-24,7.6796
2012-10-25,-3.8481
2012-10-26,-4.8559
2012-10-31,-0.8974
2012-11-01,0.7357
2012-11-02,-4.4944
2012-11-05,6.4118
2012-11-06,6.9099
2012-11-07,-0.9307
2012-11-08,0.8351
2012-11-09,-2.3810000000000002
2012-11-12,-2.333
2012-11-13,-0.8686
2012-11-14,-6.0241
2012-11-15,-3.6713
2012-11-16,4.2952
2012-11-19,5.9745
2012-11-20,0.1095
2012-11-21,1.0388
2012-11-23,-0.1623
2012-11-26,-3.7398
2012-11-27,-3.8851
2012-11-28,-0.2929
2012-11-29,0.235
2012-11-30,1.8757000000000001
2012-12-03,-2.2439999999999998
2012-12-04,-4.6498
2012-12-05,-4.2593
2012-12-06,-2.7724
2012-12-07,2.9177999999999997
2012-12-10,-1.0309
2012-12-11,-0.0651
2012-12-12,-1.6287
2012-12-13,-0.596
2012-12-14,-2.9314
2012-12-17,3.569
2012-12-18,3.2472
2012-12-19,-1.027
2012-12-20,-1.2322
2012-12-21,-1.1819
2012-12-24,-0.1329
2012-12-26,-2.3287
2012-12-27,1.7711000000000001
2012-12-28,-0.4016
2012-12-31,4.5699
2013-01-02,8.9974
2013-01-03,-2.5943
2013-01-04,0.4843
2013-01-07,-1.5663
2013-01-08,0.9792
2013-01-09,1.0909
2013-01-10,0.4197
2013-01-11,-0.6567
2013-01-14,-0.3606
2013-01-15,-0.3016
2013-01-16,-1.1494
2013-01-17,-2.0808
2013-01-18,0.0625
2013-01-22,-3.6852
2013-01-23,-2.9831
2013-01-24,4.4118
2013-01-25,8.7708
2013-01-28,-0.412
2013-01-29,-2.7778
2013-01-30,-3.617
2013-01-31,3.8158
2013-02-01,4.7995
2013-02-04,-6.3187999999999995
2013-02-05,2.0421
2013-02-06,-2.8502
2013-02-07,-3.9326
2013-02-08,-0.2599
2013-02-11,-1.1726
2013-02-12,1.9776
2013-02-13,-1.0989
2013-02-14,2.8758
2013-02-15,-3.8754999999999997
2013-02-19,0.2644
2013-02-20,-8.8332
2013-02-21,-16.7028
2013-02-22,4.8611
2013-02-25,-1.1589
2013-02-26,2.5126
2013-02-27,6.3725
2013-02-28,1.8433000000000002
2013-03-01,5.5807
2013-03-04,0.7857
2013-03-05,0.2126
2013-03-06,-0.2829
2013-03-07,-0.2128
2013-03-08,2.2033
2013-03-11,-1.1127
2013-03-12,-0.2813
2013-03-13,0.7052
2013-03-14,-0.2101
2013-03-15,-0.0702
2013-03-18,-0.2107
2013-03-19,-0.8445
2013-03-20,0.7097
2013-03-21,2.3256
2013-03-22,0.8264
2013-03-25,0.2049
2013-03-26,-0.6135
2013-03-27,8.9163
2013-03-28,-0.7557
2013-04-01,-1.5863
2013-04-02,-4.3843
2013-04-03,-1.8881000000000001
2013-04-04,0.3436
2013-04-05,1.8493
2013-04-08,-1.7485
2013-04-09,-1.9849
2013-04-10,4.3296
2013-04-11,0.6024
2013-04-12,-0.5988
2013-04-15,-4.083
2013-04-16,0.977
2013-04-17,-3.2481
2013-04-18,0.1429
2013-04-19,0.4993
2013-04-22,1.7743
2013-04-23,5.9972
2013-04-24,5.5921
2013-04-25,18.1931
2013-04-26,-3.5319000000000003
2013-04-29,9.235
2013-04-30,1.3507
2013-05-01,-2.0237
2013-05-02,1.0076
2013-05-03,3.99
2013-05-06,0.4317
2013-05-07,0.6208
2013-05-08,0.6645
2013-05-09,-1.7915999999999999
2013-05-10,2.2564
2013-05-13,0.0939
2013-05-14,2.5797
2013-05-15,-0.6859
2013-05-16,-1.0129
2013-05-17,1.6279
2013-05-20,0.0
2013-05-21,-0.4119
2013-05-22,-1.3327
2013-05-23,-4.3316
2013-05-24,1.6066
2013-05-28,-0.4792
2013-05-29,-5.1998
2013-05-30,0.1016
2013-05-31,-1.1162
2013-06-03,0.2052
2013-06-04,-1.4849
2013-06-05,-4.7817
2013-06-06,4.0939
2013-06-07,1.311
2013-06-10,0.6211
2013-06-11,-2.0062
2013-06-12,0.4724
2013-06-13,4.8589
2013-06-14,5.2815
2013-06-17,4.5433
2013-06-18,1.2675
2013-06-19,-1.1176
2013-06-20,-5.2893
2013-06-21,1.9569999999999999
2013-06-24,-4.588
2013-06-25,1.5702
2013-06-26,-1.401
2013-06-27,2.5478
2013-06-28,-0.6689
2013-07-01,2.9341
2013-07-02,-0.5607
2013-07-03,-0.6109
2013-07-05,2.8842
2013-07-08,0.1379
2013-07-09,0.413
2013-07-10,1.0055
2013-07-11,6.5158000000000005
2013-07-12,-1.5718
2013-07-15,1.5106000000000002
2013-07-16,-1.5731000000000002
2013-07-17,1.1663000000000001
2013-07-18,0.8967
2013-07-19,0.5925
2013-07-22,-0.0841
2013-07-23,0.1263
2013-07-24,-1.9344000000000001
2013-07-25,6.9897
2013-07-26,-0.3206
2013-07-29,-0.5629
2013-07-30,-2.3858
2013-07-31,3.1897
2013-08-01,-1.6058
2013-08-02,1.2648
2013-08-05,3.3441
2013-08-06,-4.7953
2013-08-07,-3.8084
2013-08-08,3.0651
2013-08-09,-3.2218
2013-08-12,-4.5241
2013-08-13,2.1457
2013-08-14,2.0569
2013-08-15,3.6449
2013-08-16,2.1101
2013-08-19,-0.3647
2013-08-20,1.5859999999999999
2013-08-21,0.5604
2013-08-22,2.8662
2013-08-23,2.1672
2013-08-26,0.7576
2013-08-27,0.0
2013-08-28,0.6391
2013-08-29,-0.0747
2013-08-30,1.2336
2013-09-03,-0.3693
2013-09-04,1.0007
2013-09-05,0.6972
2013-09-06,-1.8586
2013-09-09,5.6443
2013-09-10,1.2302
2013-09-11,0.4167
2013-09-12,-3.1466
2013-09-13,3.4988
2013-09-16,1.0693
2013-09-17,0.3754
2013-09-18,0.646
2013-09-19,1.3851
2013-09-20,1.2328999999999999
2013-09-23,-1.4483
2013-09-24,-0.5678
2013-09-25,1.6124
2013-09-26,-0.8264
2013-09-27,0.8333
2013-09-30,-0.6612
2013-10-01,1.7304
2013-10-02,-2.1917
2013-10-03,-2.1739
2013-10-04,-0.2393
2013-10-07,0.1371
2013-10-08,-3.9013999999999998
2013-10-09,1.3176999999999999
2013-10-10,2.2144
2013-10-11,3.0949
2013-10-14,-4.6698
2013-10-15,-0.07
2013-10-16,0.3501
2013-10-17,0.5932
2013-10-18,2.2199
2013-10-21,0.1018
2013-10-22,2.5763
2013-10-23,0.3966
2013-10-24,6.9124
2013-10-25,-1.3239
2013-10-28,4.5242
2013-10-29,-3.2836
2013-10-30,-1.0493999999999999
2013-10-31,-2.4329
2013-11-01,0.1279
2013-11-04,-0.3831
2013-11-05,-0.7372
2013-11-06,-2.3247999999999998
2013-11-07,-3.4711
2013-11-08,0.5822
2013-11-11,0.1021
2013-11-12,0.6122
2013-11-13,0.9804
2013-11-14,2.1761
2013-11-15,1.3106
2013-11-18,-0.1617
2013-11-19,-1.5225
2013-11-20,-2.5987
2013-11-21,0.6079
2013-11-22,0.2014
2013-11-25,1.5074999999999998
2013-11-26,0.099
2013-11-27,2.5387
2013-11-29,0.4823
2013-12-02,-2.816
2013-12-03,-0.6585
2013-12-04,-0.0994
2013-12-05,0.365
2013-12-06,-2.6776999999999997
2013-12-09,-1.5625
2013-12-10,-0.069
2013-12-11,-1.0359
2013-12-12,0.314
2013-12-13,0.1043
2013-12-16,-1.0424
2013-12-17,-2.6334
2013-12-18,-0.2164
2013-12-19,3.1442
2013-12-20,2.1724
2013-12-23,-0.3429
2013-12-24,1.1012
2013-12-26,3.6079
2013-12-27,-4.435
2013-12-30,-0.3438
2013-12-31,-0.207
2014-01-02,-0.0346
2014-01-03,1.1411
2014-01-06,-0.5128
2014-01-07,1.512
2014-01-08,-0.914
2014-01-09,0.41
2014-01-10,-0.5444
2014-01-13,-2.1895
2014-01-14,1.8538000000000001
2014-01-15,-0.6868
2014-01-16,3.0083
2014-01-17,3.3904
2014-01-21,1.9481000000000002
2014-01-22,9.1242
2014-01-23,2.7579000000000002
2014-01-24,-2.3005
2014-01-27,-0.6977
2014-01-28,3.0445
2014-01-29,-0.4545
2014-01-30,2.0833
2014-01-31,0.643
2014-02-03,-4.8889
2014-02-04,2.2196
2014-02-05,-1.1429
2014-02-06,1.7919
2014-02-07,-0.3407
2014-02-10,5.4131
2014-02-11,-0.4865
2014-02-12,-1.2765
2014-02-13,1.403
2014-02-14,-0.7868
2014-02-18,1.7774
2014-02-19,0.9672
2014-02-20,17.5093
2014-02-21,-0.7699
2014-02-24,-3.1949
2014-02-25,-1.108
2014-02-26,1.2634
2014-02-27,-0.6356
2014-02-28,-0.0474
2014-03-03,-0.4977
2014-03-04,-0.5955
2014-03-05,-0.6231
2014-03-06,1.061
2014-03-07,2.0043
2014-03-10,-0.1871
2014-03-11,0.3047
2014-03-12,-0.3037
2014-03-13,-0.6562
2014-03-14,3.3734
2014-03-17,0.6846
2014-03-18,0.4533
2014-03-19,-2.2789
2014-03-20,-3.9945
2014-03-21,-2.1645
2014-03-24,-4.2773
2014-03-25,3.8007
2014-03-26,2.6719
2014-03-27,1.8313000000000001
2014-03-28,1.9404
2014-03-31,2.9016
2014-04-01,0.0677
2014-04-02,-2.4121
2014-04-03,-3.6498
2014-04-04,-1.7742
2014-04-07,-2.6849
2014-04-08,0.8277
2014-04-09,6.2687
2014-04-10,-4.2135
2014-04-11,-0.5865
2014-04-14,-0.6637
2014-04-15,1.658
2014-04-16,1.5823
2014-04-17,1.6775
2014-04-21,-0.5421
2014-04-22,2.9621
2014-04-23,-1.7952
2014-04-24,1.2655
2014-04-25,-2.8466
2014-04-28,-1.4531
2014-04-29,-2.4172000000000002
2014-04-30,-0.7431
2014-05-01,5.9646
2014-05-02,-1.9548
2014-05-05,-0.6726
2014-05-06,-3.1439
2014-05-07,0.8739
2014-05-08,-3.2921
2014-05-09,0.5631
2014-05-12,1.3998
2014-05-13,-0.0753
2014-05-14,-3.5167
2014-05-15,-0.1041
2014-05-16,1.2770000000000001
2014-05-19,0.2573
2014-05-20,-0.924
2014-05-21,-0.1813
2014-05-22,-1.661
2014-05-23,0.8973
2014-05-27,-0.0523
2014-05-28,-0.4449
2014-05-29,0.3943
2014-05-30,-1.0212
2014-06-02,-0.1058
2014-06-03,0.4767
2014-06-04,0.738
2014-06-05,-0.4448
2014-06-06,1.1301
2014-06-09,3.9241
2014-06-10,-0.0375
2014-06-11,-0.4878
2014-06-12,-1.0055
2014-06-13,-1.0919
2014-06-16,2.285
2014-06-17,0.5522
2014-06-18,4.3185
2014-06-19,0.9093
2014-06-20,3.059
2014-06-23,-3.2214
2014-06-24,0.2615
2014-06-25,-0.3083
2014-06-26,1.8316
2014-06-27,3.2235
2014-06-30,5.4311
2014-07-01,-0.2361
2014-07-02,2.5602
2014-07-03,-0.2098
2014-07-07,-1.4715
2014-07-08,-0.5974
2014-07-09,-0.0429
2014-07-10,-2.1473
2014-07-11,0.1097
2014-07-14,1.1618
2014-07-15,-1.4950999999999999
2014-07-16,-1.3638
2014-07-17,-3.8136
2014-07-18,2.0867
2014-07-21,0.6586
2014-07-22,2.0758
2014-07-23,1.7905
2014-07-24,-0.4126
2014-07-25,-1.3301
2014-07-28,-0.5746
2014-07-29,-1.0891
2014-07-30,-1.9550999999999998
2014-07-31,-4.5382
2014-08-01,-2.617
2014-08-04,1.2327
2014-08-05,-1.2664
2014-08-06,0.962
2014-08-07,-0.9773
2014-08-08,0.5181
2014-08-11,0.0
2014-08-12,-1.6937
2014-08-13,3.6205
2014-08-14,1.6385999999999998
2014-08-15,-1.7781
2014-08-18,3.7171
2014-08-19,0.3724
2014-08-20,-2.62
2014-08-21,0.2143
2014-08-22,-0.2138
2014-08-25,-4.4762
2014-08-26,-0.2742
2014-08-27,1.1997
2014-08-28,1.6794
2014-08-29,1.2631000000000001
2014-09-02,0.3358
2014-09-03,-0.0717
2014-09-04,0.5502
2014-09-05,2.1651
2014-09-08,0.1863
2014-09-09,-2.1618
2014-09-10,1.283
2014-09-11,1.5013
2014-09-12,-0.7164
2014-09-15,-2.095
2014-09-16,-0.3804
2014-09-17,0.0955
2014-09-18,0.453
2014-09-19,-0.0237
2014-09-22,-0.736
2014-09-23,-0.3109
2014-09-24,-1.3436
2014-09-25,-0.7053
2014-09-26,1.8859
2014-09-29,1.3221
2014-09-30,0.4982
2014-10-01,-0.9679
2014-10-02,1.6686999999999999
2014-10-03,1.6413
2014-10-06,-0.2537
2014-10-07,-4.6485
2014-10-08,-0.2183
2014-10-09,-2.2606
2014-10-10,-0.5471
2014-10-13,-1.0003
2014-10-14,-6.5673
2014-10-15,5.1365
2014-10-16,-0.0514
2014-10-17,0.1672
2014-10-20,2.2987
2014-10-21,0.9792
2014-10-22,-1.641
2014-10-23,2.3509
2014-10-24,1.2349
2014-10-27,-0.8051
2014-10-28,-1.1067
2014-10-29,1.4176
2014-10-30,0.4169
2014-10-31,4.3223
2014-11-03,2.5281000000000002
2014-11-04,-0.5023
2014-11-05,0.4819
2014-11-06,2.7632
2014-11-07,-0.7778
2014-11-10,-0.6495
2014-11-11,1.8936
2014-11-12,1.3938
2014-11-13,1.571
2014-11-14,0.3222
2014-11-17,-1.97
2014-11-18,0.1966
2014-11-19,-3.7933
2014-11-20,0.4985
2014-11-21,-1.4882
2014-11-24,2.1973
2014-11-25,0.3583
2014-11-26,1.8969
2014-11-28,-2.3434
2014-12-01,-1.839
2014-12-02,1.2109
2014-12-03,-1.7156
2014-12-04,0.8957
2014-12-05,-0.8878
2014-12-08,-1.7915
2014-12-09,0.0468
2014-12-10,-5.8672
2014-12-11,3.3027
2014-12-12,0.0721
2014-12-15,2.234
2014-12-16,-1.2923
2014-12-17,1.6425
2014-12-18,1.4754
2014-12-19,0.8308
2014-12-22,-1.854
2014-12-23,1.0961
2014-12-24,2.4913
2014-12-26,0.2026
2014-12-29,-1.6173
2014-12-30,-0.4338
2014-12-31,0.8484
2015-01-02,-0.432
2015-01-05,-0.0685
2015-01-06,-0.5941
2015-01-07,0.7586
2015-01-08,0.0456
2015-01-09,-1.8016
2015-01-12,0.0232
2015-01-13,-1.4163000000000001
2015-01-14,-1.5779999999999998
2015-01-15,-1.4118
2015-01-16,1.6989999999999998
2015-01-20,-1.9332
2015-01-21,-0.9248
2015-01-22,1.6703999999999999
2015-01-23,0.8939
2015-01-26,0.2634
2015-01-27,0.9315
2015-01-28,-0.0237
2015-01-29,2.3195
2015-01-30,-0.532
2015-02-02,1.3256000000000001
2015-02-03,1.423
2015-02-04,0.1584
2015-02-05,1.7397
2015-02-06,-0.4886
2015-02-09,2.7449
2015-02-10,1.4118
2015-02-11,-1.2637
2015-02-12,0.8894
2015-02-13,0.9675
2015-02-17,4.0247
2015-02-18,0.3071
2015-02-19,16.6735
2015-02-20,3.3759
2015-02-23,-1.7936
2015-02-24,-0.9476
2015-02-25,-0.1739
2015-02-26,-2.422
2015-02-27,-1.3393
2015-03-02,0.362
2015-03-03,2.5699
2015-03-04,-0.1143
2015-03-05,0.0528
2015-03-06,-1.1963
2015-03-09,-0.0712
2015-03-10,1.1404
2015-03-11,0.1057
2015-03-12,1.1264
2015-03-13,2.4191
2015-03-16,1.1895
2015-03-17,1.8472
2015-03-18,0.5936
2015-03-19,1.0326
2015-03-20,1.5412
2015-03-23,0.016
2015-03-24,-0.5272
2015-03-25,-0.546
2015-03-26,0.8074
2015-03-27,0.2723
2015-03-30,0.0
2015-03-31,-0.5272
2015-04-01,1.0599
2015-04-02,1.6526
2015-04-06,-1.2819
2015-04-07,-2.3753
2015-04-08,-0.9895
2015-04-09,-2.1953
2015-04-10,2.0101
2015-04-13,0.6076
2015-04-14,-0.0816
2015-04-15,-0.9801
2015-04-16,-1.9136
2015-04-17,-2.3209
2015-04-20,3.9428
2015-04-21,0.2153
2015-04-22,-1.5372
2015-04-23,2.0984
2015-04-24,0.0658
2015-04-27,-0.1314
2015-04-28,2.7805
2015-04-29,-1.8569
2015-04-30,-2.0388
2015-05-01,-0.7326
2015-05-04,0.9393
2015-05-05,-1.9442
2015-05-06,0.2372
2015-05-07,0.7946
2015-05-08,-1.2076
2015-05-11,-0.8489
2015-05-12,-0.2055
2015-05-13,-0.978
2015-05-14,2.8938
2015-05-15,-1.3304
2015-05-18,2.014
2015-05-19,1.9575
2015-05-20,-2.2481
2015-05-21,0.8897
2015-05-22,-1.4809
2015-05-26,-1.3173
2015-05-27,1.198
2015-05-28,0.3044
2015-05-29,0.8262
2015-06-01,0.0334
2015-06-02,-0.6018
2015-06-03,0.782
2015-06-04,-2.4781
2015-06-05,-1.1294
2015-06-08,-3.297
2015-06-09,0.698
2015-06-10,0.0
2015-06-11,-2.1861
2015-06-12,0.5996
2015-06-15,0.1897
2015-06-16,0.0
2015-06-17,-0.2163
2015-06-18,1.626
2015-06-19,-0.1867
2015-06-22,-0.3206
2015-06-23,0.2412
2015-06-24,-0.0802
2015-06-25,1.3112
2015-06-26,1.6112
2015-06-29,-2.4435000000000002
2015-06-30,1.3856
2015-07-01,1.4192
2015-07-02,-1.1402
2015-07-06,0.1311
2015-07-07,0.4712
2015-07-08,-0.964
2015-07-09,0.1052
2015-07-10,2.3653
2015-07-13,3.8768000000000002
2015-07-14,0.9145
2015-07-15,-3.1349
2015-07-16,-1.4412
2015-07-17,-0.1539
2015-07-20,0.3083
2015-07-21,-0.2305
2015-07-22,-0.8472
2015-07-23,-1.3723
2015-07-24,-2.8879
2015-07-27,-1.4328
2015-07-28,2.0296
2015-07-29,-2.3387000000000002
2015-07-30,-1.569
2015-07-31,0.783
2015-08-03,0.0277
2015-08-04,0.8322
2015-08-05,2.8886
2015-08-06,-1.8984
2015-08-07,1.9896
2015-08-10,0.0534
2015-08-11,1.0951
2015-08-12,0.0
2015-08-13,3.5139
2015-08-14,0.1531
2015-08-17,0.5097
2015-08-18,-1.4706000000000001
2015-08-19,1.2352
2015-08-20,-4.6518
2015-08-21,-2.4793
2015-08-24,-3.0071
2015-08-25,0.7046
2015-08-26,1.1195
2015-08-27,4.7329
2015-08-28,-0.8721
2015-08-31,0.7465
2015-09-01,12.543
2015-09-02,2.2102
2015-09-03,2.0014
2015-09-04,-0.203
2015-09-08,1.4463
2015-09-09,-0.8465
2015-09-10,-0.2471
2015-09-11,-0.1577
2015-09-14,6.6321
2015-09-15,-2.9829
2015-09-16,-0.1962
2015-09-17,0.0
2015-09-18,1.6168
2015-09-21,-7.7618
2015-09-22,-2.5874
2015-09-23,0.0718
2015-09-24,-2.7499000000000002
2015-09-25,-2.2867
2015-09-28,-1.2079
2015-09-29,0.917
2015-09-30,-0.3281
2015-10-01,1.1395
2015-10-02,-0.5008
2015-10-05,3.1454
2015-10-06,-0.1708
2015-10-07,4.1789
2015-10-08,1.8062
2015-10-09,1.1982
2015-10-12,-1.6166
2015-10-13,1.1803
2015-10-14,-1.2123
2015-10-15,3.6814
2015-10-16,0.5136
2015-10-19,-0.0222
2015-10-20,-0.6
2015-10-21,0.8272
2015-10-22,0.4656
2015-10-23,0.8166
2015-10-26,0.6786
2015-10-27,-1.2829
2015-10-28,4.6256
2015-10-29,-9.4947
2015-10-30,-5.606
2015-11-02,0.9364
2015-11-03,0.4883
2015-11-04,-1.0447
2015-11-05,-1.8168
2015-11-06,-0.9002
2015-11-09,-3.5074
2015-11-10,1.3598
2015-11-11,0.0516
2015-11-12,-2.1919
2015-11-13,1.4764
2015-11-16,-0.1819
2015-11-17,6.5591
2015-11-18,-2.2472
2015-11-19,-0.1249
2015-11-20,0.4754
2015-11-23,1.5687
2015-11-24,-1.1032
2015-11-25,2.5285
2015-11-27,-1.2572999999999999
2015-11-30,1.4447
2015-12-01,1.4241
2015-12-02,3.3793
2015-12-03,-2.0488
2015-12-04,-1.3866
2015-12-07,-2.2641
2015-12-08,-0.7071
2015-12-09,-1.3016
2015-12-10,0.7713
2015-12-11,-1.1111
2015-12-14,0.4744
2015-12-15,-0.3728
2015-12-16,1.3719000000000001
2015-12-17,-0.4675
2015-12-18,-3.115
2015-12-21,-0.3828
2015-12-22,5.123
2015-12-23,1.925
2015-12-24,0.6694
2015-12-28,1.1161
2015-12-29,1.2212
2015-12-30,-0.0232
2015-12-31,0.9515
2016-01-04,-4.2529
2016-01-05,-4.0336
2016-01-06,0.8256
2016-01-07,0.5707
2016-01-08,-7.3773
2016-01-11,-3.0634
2016-01-12,2.1434
2016-01-13,-9.8197
2016-01-14,2.8938
2016-01-15,-5.5378
2016-01-19,1.504
2016-01-20,2.4191
2016-01-21,-2.5096
2016-01-22,5.8147
2016-01-25,-6.1248
2016-01-26,2.5915
2016-01-27,-0.5052
2016-01-28,0.5974
2016-01-29,3.7708
2016-02-01,-0.1431
2016-02-02,-0.0287
2016-02-03,-3.0381
2016-02-04,-0.0887
2016-02-05,-3.5207
2016-02-08,-1.1653
2016-02-09,-9.0909
2016-02-10,2.6962
2016-02-11,6.0818
2016-02-12,1.5977000000000001
2016-02-16,5.3962
2016-02-17,5.8806
2016-02-18,13.2633
2016-02-19,0.2928
2016-02-22,1.5081
2016-02-23,-0.4793
2016-02-24,3.7804
2016-02-25,-0.8817
2016-02-26,1.9195
2016-02-29,1.4929000000000001
2016-03-01,-0.8147
2016-03-02,-0.0228
2016-03-03,-1.6431
2016-03-04,1.1601
2016-03-07,-0.6193
2016-03-08,-0.3231
2016-03-09,1.8291
2016-03-10,-0.8413
2016-03-11,-1.8344
2016-03-14,4.5083
2016-03-15,-5.2973
2016-03-16,2.9974
2016-03-17,3.1622
2016-03-18,1.5327
2016-03-21,-2.4065
2016-03-22,1.1208
2016-03-23,-2.2833
2016-03-24,2.3367
2016-03-28,2.9927
2016-03-29,2.0448
2016-03-30,2.3835
2016-03-31,-6.4895
2016-04-01,1.1677
2016-04-04,-1.1977
2016-04-05,1.4988000000000001
2016-04-06,1.2812000000000001
2016-04-07,-2.2298
2016-04-08,0.2851
2016-04-11,0.4155
2016-04-12,0.9146
2016-04-13,3.5175
2016-04-14,-1.355
2016-04-15,0.8664
2016-04-18,-0.3143
2016-04-19,-0.6515
2016-04-20,0.3808
2016-04-21,2.7187
2016-04-22,1.5798
2016-04-25,-3.3125
2016-04-26,-0.6058
2016-04-27,2.9844
2016-04-28,-4.551
2016-04-29,-1.9670999999999998
2016-05-02,0.0872
2016-05-03,-0.7409
2016-05-04,-2.3491
2016-05-05,1.866
2016-05-06,1.1035
2016-05-09,2.0083
2016-05-10,0.107
2016-05-11,0.0214
2016-05-12,1.3464
2016-05-13,2.5305999999999997
2016-05-16,2.2007
2016-05-17,-2.5558
2016-05-18,2.6022
2016-05-19,-2.0129
2016-05-20,4.6426
2016-05-23,-0.8049
2016-05-24,4.7892
2016-05-25,-0.5855
2016-05-26,0.076
2016-05-27,1.3288
2016-05-31,0.0937
2016-06-01,0.7861
2016-06-02,-0.5385
2016-06-03,0.1867
2016-06-06,-0.7641
2016-06-07,-0.2817
2016-06-08,0.5461
2016-06-09,-1.1425
2016-06-10,-2.2357
2016-06-13,-0.0388
2016-06-14,-0.1939
2016-06-15,3.6519
2016-06-16,1.7241
2016-06-17,-0.5895
2016-06-20,3.0208
2016-06-21,0.2159
2016-06-22,0.7719
2016-06-23,3.5269
2016-06-24,-2.6841
2016-06-27,-0.3006
2016-06-28,2.199
2016-06-29,1.5443
2016-06-30,3.0246
2016-07-01,2.007
2016-07-05,-1.5285
2016-07-06,3.0383
2016-07-07,2.1635
2016-07-08,1.8353000000000002
2016-07-11,1.5096
2016-07-12,0.9256
2016-07-13,-2.3605
2016-07-14,0.1386
2016-07-15,-0.0461
2016-07-18,0.7231
2016-07-19,-1.115
2016-07-20,-0.3553
2016-07-21,-0.9921
2016-07-22,0.5167
2016-07-25,-0.4984
2016-07-26,0.0313
2016-07-27,1.8936
2016-07-28,1.9813
2016-07-29,-2.7711
2016-08-01,2.8965
2016-08-02,-4.2451
2016-08-03,-0.676
2016-08-04,0.4274
2016-08-05,0.2837
2016-08-08,-1.9331
2016-08-09,-0.6571
2016-08-10,-0.5969
2016-08-11,0.2434
2016-08-12,-0.6799
2016-08-15,-0.0815
2016-08-16,-2.8874
2016-08-17,5.9802
2016-08-18,3.1542
2016-08-19,0.0768
2016-08-22,-0.476
2016-08-23,0.216
2016-08-24,-0.7697
2016-08-25,-0.1551
2016-08-26,-1.7247
2016-08-29,1.8972
2016-08-30,-0.0776
2016-08-31,-0.5745
2016-09-01,0.8277
2016-09-02,2.4009
2016-09-06,0.9378
2016-09-07,-1.7084000000000001
2016-09-08,-1.2959
2016-09-09,-2.4714
2016-09-12,-0.8869
2016-09-13,-4.0109
2016-09-14,0.8157
2016-09-15,0.0
2016-09-16,-1.6181999999999999
2016-09-19,-0.2014
2016-09-20,-0.1682
2016-09-21,1.1623999999999999
2016-09-22,2.6478
2016-09-23,0.0487
2016-09-26,-0.3892
2016-09-27,4.3139
2016-09-28,1.2016
2016-09-29,-2.3901
2016-09-30,-2.1801
2016-10-03,1.615
2016-10-04,-0.0159
2016-10-05,-0.6358
2016-10-06,2.8955
2016-10-07,-3.0317
2016-10-10,3.9602
2016-10-11,-2.8532
2016-10-12,1.0637
2016-10-13,-1.7279
2016-10-14,-0.6873
2016-10-17,0.9174
2016-10-18,-0.3987
2016-10-19,-0.4003
2016-10-20,-1.5272999999999999
2016-10-21,-0.1633
2016-10-24,1.8806
2016-10-25,-4.0931
2016-10-26,-2.0921
2016-10-27,-3.5897
2016-10-28,0.3546
2016-10-31,1.3251
2016-11-01,-3.4874
2016-11-02,0.0
2016-11-03,-0.9033
2016-11-04,1.1851
2016-11-07,2.5225
2016-11-08,1.4060000000000001
2016-11-09,1.2132
2016-11-10,2.7397
2016-11-11,2.0
2016-11-14,1.0621
2016-11-15,1.0509
2016-11-16,3.76
2016-11-17,4.1635
2016-11-18,-0.8882
2016-11-21,1.3443
2016-11-22,1.7686
2016-11-23,0.3621
2016-11-25,0.8658
2016-11-28,-2.5036
2016-11-29,5.5026
2016-11-30,-0.765
2016-12-01,-2.1724
2016-12-02,-0.6447
2016-12-05,2.0187
2016-12-06,1.9788000000000001
2016-12-07,1.9404
2016-12-08,1.4956
2016-12-09,0.067
2016-12-12,-0.6693
2016-12-13,-1.4151
2016-12-14,-0.9569
2016-12-15,1.2422
2016-12-16,0.8862
2016-12-19,0.5405
2016-12-20,3.1586
2016-12-21,1.6938
2016-12-22,-1.2172
2016-12-23,0.5837
2016-12-27,0.5158
2016-12-28,-1.2187000000000001
2016-12-29,0.2597
2016-12-30,-1.1658
2017-01-03,1.5072
2017-01-04,3.357
2017-01-05,-0.4997
2017-01-06,0.7533
2017-01-09,-0.1246
2017-01-10,0.1871
2017-01-11,0.1868
2017-01-12,-0.0622
2017-01-13,1.1816
2017-01-17,-0.7376
2017-01-18,0.5573
2017-01-19,-3.4483
2017-01-20,-0.2551
2017-01-23,0.0639
2017-01-24,3.2588
2017-01-25,2.599
2017-01-26,0.4222
2017-01-27,0.1802
2017-01-30,-2.2182
2017-01-31,0.2452
2017-02-01,0.367
2017-02-02,-1.036
2017-02-03,0.0
2017-02-06,-0.2463
2017-02-07,0.2469
2017-02-08,0.9852
2017-02-09,4.2073
2017-02-10,-1.9895
2017-02-13,-1.1343
2017-02-14,0.5435
2017-02-15,1.2012
2017-02-16,-3.8576
2017-02-17,-3.2716
2017-02-21,0.8934
2017-02-22,1.012
2017-02-23,-1.8159
2017-02-24,1.0842
2017-02-27,3.2177
2017-02-28,-2.3839
2017-03-01,3.1935000000000002
2017-03-02,-1.6989999999999998
2017-03-03,0.3704
2017-03-06,-0.4305
2017-03-07,-5.3737
2017-03-08,-1.8277
2017-03-09,-2.5930999999999997
2017-03-10,-2.0478
2017-03-13,-0.9059
2017-03-14,-2.1097
2017-03-15,1.5805
2017-03-16,-1.1315
2017-03-17,0.1431
2017-03-20,1.2143
2017-03-21,-2.964
2017-03-22,-0.0727
2017-03-23,1.0917
2017-03-24,0.144
2017-03-27,-1.7254
2017-03-28,-0.2195
2017-03-29,1.173
2017-03-30,0.0725
2017-03-31,2.6792
2017-04-03,-5.8533
2017-04-04,-2.1723
2017-04-05,-3.0628
2017-04-06,-0.6319
2017-04-07,1.1924
2017-04-10,-2.1995
2017-04-11,0.9639
2017-04-12,-2.7843999999999998
2017-04-13,-1.4729999999999999
2017-04-17,5.3156
2017-04-18,-1.2618
2017-04-19,1.4377
2017-04-20,1.3386
2017-04-21,0.4662
2017-04-24,2.3975
2017-04-25,2.1903
2017-04-26,3.0303
2017-04-27,3.8737
2017-04-28,-1.8646
2017-05-01,4.7854
2017-05-02,0.4701
2017-05-03,-0.0668
2017-05-04,-5.2843
2017-05-05,1.9068
2017-05-08,-2.8413
2017-05-09,0.4993
2017-05-10,-1.2775
2017-05-11,0.8627
2017-05-12,-0.784
2017-05-15,1.5086
2017-05-16,0.7431
2017-05-17,-5.3038
2017-05-18,-1.0386
2017-05-19,0.075
2017-05-22,2.6217
2017-05-23,-0.365
2017-05-24,-0.2198
2017-05-25,-0.6608
2017-05-26,-3.9911
2017-05-30,0.8468
2017-05-31,1.0687
2017-06-01,2.1903
2017-06-02,3.7694
2017-06-05,-0.0712
2017-06-06,5.4882
2017-06-07,0.9459
2017-06-08,-0.0669
2017-06-09,1.1386
2017-06-12,-0.3974
2017-06-13,5.0532
2017-06-14,-2.0886
2017-06-15,0.3878
2017-06-16,-2.1893
2017-06-19,1.5142
2017-06-20,-1.8807
2017-06-21,1.2558
2017-06-22,0.9138
2017-06-23,0.5175
2017-06-26,-0.1287
2017-06-27,-4.3814
2017-06-28,2.0216
2017-06-29,-2.3778
2017-06-30,-1.4208
2017-07-03,1.8531
2017-07-05,-3.0997
2017-07-06,-2.7121
2017-07-07,4.2888
2017-07-10,0.6169
2017-07-11,-0.6131
2017-07-12,1.4393
2017-07-13,-0.2703
2017-07-14,-0.3049
2017-07-17,0.5097
2017-07-18,-1.7579
2017-07-19,2.4088
2017-07-20,-2.2177
2017-07-21,-0.6873
2017-07-24,0.2076
2017-07-25,1.3812
2017-07-26,4.2916
2017-07-27,-2.482
2017-07-28,0.2009
2017-07-31,1.738
2017-08-01,0.1971
2017-08-02,-2.8852
2017-08-03,-2.1607
2017-08-04,1.2422
2017-08-07,1.5678
2017-08-08,-0.3356
2017-08-09,-1.9529
2017-08-10,-1.4423
2017-08-11,0.9756
2017-08-14,2.0704
2017-08-15,-1.1494
2017-08-16,-2.1204
2017-08-17,-3.2843999999999998
2017-08-18,-0.7225
2017-08-21,0.3639
2017-08-22,2.6106
2017-08-23,-2.1201
2017-08-24,0.0722
2017-08-25,0.1443
2017-08-28,5.5476
2017-08-29,0.0683
2017-08-30,1.4325
2017-08-31,-0.4707
2017-09-01,-1.7568000000000001
2017-09-05,-0.5502
2017-09-06,0.899
2017-09-07,-0.891
2017-09-08,1.7288999999999999
2017-09-11,0.2039
2017-09-12,1.7639
2017-09-13,1.4667
2017-09-14,-2.1025
2017-09-15,2.4161
2017-09-18,2.2936
2017-09-19,-0.3203
2017-09-20,0.1285
2017-09-21,0.0
2017-09-22,1.8614000000000002
2017-09-25,1.4493
2017-09-26,1.2422
2017-09-27,3.4969
2017-09-28,-0.5335
2017-09-29,0.2384
2017-10-02,2.5564999999999998
2017-10-03,0.9275
2017-10-04,-3.0442
2017-10-05,-0.5332
2017-10-06,0.7743
2017-10-09,-1.0047
2017-10-10,0.0
2017-10-11,0.4179
2017-10-12,0.1784
2017-10-13,0.4748
2017-10-16,0.3544
2017-10-17,-0.9417
2017-10-18,0.4753
2017-10-19,-0.2957
2017-10-20,0.5338
2017-10-23,-0.885
2017-10-24,1.6667
2017-10-25,-1.1124
2017-10-26,9.1178
2017-10-27,-0.3798
2017-10-30,1.1983
2017-10-31,0.1076
2017-11-01,-1.0753
2017-11-02,1.1957
2017-11-03,-1.2889
2017-11-06,-1.5777999999999999
2017-11-07,-1.6583999999999999
2017-11-08,0.0562
2017-11-09,-1.2921
2017-11-10,-0.5122
2017-11-13,-0.3432
2017-11-14,1.0907
2017-11-15,-1.2493
2017-11-16,3.8528000000000002
2017-11-17,0.3876
2017-11-20,1.1583
2017-11-21,3.0534
2017-11-22,-0.3175
2017-11-24,0.7431
2017-11-27,-0.8957
2017-11-28,4.0936
2017-11-29,0.6639
2017-11-30,2.689
2017-12-01,-2.0751
2017-12-04,-1.11
2017-12-05,-0.4082
2017-12-06,-0.3074
2017-12-07,0.4111
2017-12-08,1.0747
2017-12-11,-0.2025
2017-12-12,-1.6743000000000001
2017-12-13,1.7802
2017-12-14,-1.3688
2017-12-15,2.0817
2017-12-18,3.0211
2017-12-19,-3.2258
2017-12-20,2.0455
2017-12-21,1.7075
2017-12-22,0.219
2017-12-26,-0.2185
2017-12-27,0.146
2017-12-28,1.6764000000000001
2017-12-29,-0.4301
2018-01-02,0.7919
2018-01-03,-0.2143
2018-01-04,-4.0802
2018-01-05,1.4925
2018-01-08,-2.0588
2018-01-09,-0.5255
2018-01-10,-1.1320999999999999
2018-01-11,4.1985
2018-01-12,-0.7326
2018-01-16,-1.5497999999999998
2018-01-17,-2.3988
2018-01-18,4.4547
2018-01-19,2.3529
2018-01-22,-0.2874
2018-01-23,2.7378
2018-01-24,0.0701
2018-01-25,0.0701
2018-01-26,-8.1232
2018-01-29,0.7622
2018-01-30,1.1346
2018-01-31,-4.1885
2018-02-01,-0.3123
2018-02-02,-4.072
2018-02-05,-4.4898
2018-02-06,3.8462
2018-02-07,-1.1522999999999999
2018-02-08,-3.4971
2018-02-09,2.9336
2018-02-12,1.9279
2018-02-13,3.2072
2018-02-14,2.7092
2018-02-15,5.5857
2018-02-16,-2.939
2018-02-20,-3.7093
2018-02-21,-2.5943
2018-02-22,-0.4036
2018-02-23,0.9724
2018-02-26,2.5682
2018-02-27,-3.6776
2018-02-28,-0.1625
2018-03-01,-1.9527999999999999
2018-03-02,1.0788
2018-03-05,2.0525
2018-03-06,1.8504
2018-03-07,1.3428
2018-03-08,-2.1824
2018-03-09,3.1076
2018-03-12,0.8501
2018-03-13,2.3755
2018-03-14,0.0
2018-03-15,-1.3473
2018-03-16,1.6692
2018-03-19,-1.2687
2018-03-20,1.8141
2018-03-21,-2.1529
2018-03-22,-2.959
2018-03-23,-3.8311
2018-03-26,1.3820999999999999
2018-03-27,-1.7642
2018-03-28,0.7347
2018-03-29,0.2431
2018-04-02,-3.2336
2018-04-03,0.6683
2018-04-04,0.4979
2018-04-05,2.8076
2018-04-06,-2.49
2018-04-09,0.0824
2018-04-10,-4.7737
2018-04-11,-1.4693
2018-04-12,1.1404
2018-04-13,-1.7346
2018-04-16,-1.4122
2018-04-17,0.3581
2018-04-18,-0.1784
2018-04-19,-4.2895
2018-04-20,-0.2801
2018-04-23,0.4682
2018-04-24,-2.1435
2018-04-25,2.1905
2018-04-26,12.0224
2018-04-27,-2.9118
2018-04-30,-2.485
2018-05-01,1.6696
2018-05-02,-0.605
2018-05-03,-2.6087
2018-05-04,1.5179
2018-05-07,3.7819000000000003
2018-05-08,-4.2373
2018-05-09,1.1504
2018-05-10,3.4996
2018-05-11,-0.5917
2018-05-14,-1.1054
2018-05-15,0.086
2018-05-16,2.9210000000000003
2018-05-17,1.1686
2018-05-18,3.5479000000000003
2018-05-21,1.3546
2018-05-22,-1.9654
2018-05-23,-4.0898
2018-05-24,0.5853
2018-05-25,-0.9975
2018-05-29,3.3585
2018-05-30,2.8432
2018-05-31,-4.2654
2018-06-01,-3.3003
2018-06-04,2.8157
2018-06-05,3.1535
2018-06-06,0.7241
2018-06-07,-3.0351
2018-06-08,2.1417
2018-06-11,2.9032
2018-06-12,-2.0376
2018-06-13,-3.6
2018-06-14,0.332
2018-06-15,0.4136
2018-06-18,0.3295
2018-06-19,-0.5747
2018-06-20,0.8258
2018-06-21,1.3923
2018-06-22,-3.4733
2018-06-25,-2.8452
2018-06-26,0.5168
2018-06-27,-1.0283
2018-06-28,0.0866
2018-06-29,-1.6436
2018-07-02,3.6939
2018-07-03,-0.6785
2018-07-05,2.0495
2018-07-06,1.1715
2018-07-09,-1.8197
2018-07-10,-2.1061
2018-07-11,-0.7745
2018-07-12,2.0815
2018-07-13,0.7647
2018-07-16,-0.4216
2018-07-17,3.1329
2018-07-18,0.0
2018-07-19,0.5747
2018-07-20,-1.7143000000000002
2018-07-23,0.2492
2018-07-24,-4.5568
2018-07-25,-2.1701
2018-07-26,10.0266
2018-07-27,-3.871
2018-07-30,1.5939999999999999
2018-07-31,1.1561
2018-08-01,-7.1837
2018-08-02,3.1662
2018-08-03,1.6198000000000001
2018-08-06,0.5872
2018-08-07,0.6672
2018-08-08,0.2486
2018-08-09,1.7355
2018-08-10,0.8936
2018-08-13,0.2415
2018-08-14,3.4538
2018-08-15,-4.6584
2018-08-16,2.8502
2018-08-17,-2.8504
2018-08-20,0.652
2018-08-21,2.753
2018-08-22,-0.1576
2018-08-23,0.2368
2018-08-24,-0.1575
2018-08-27,2.6814
2018-08-28,-0.5376
2018-08-29,-1.3900000000000001
2018-08-30,0.3915
2018-08-31,-0.156
2018-09-04,2.1094
2018-09-05,-0.3826
2018-09-06,0.3072
2018-09-07,0.9954
2018-09-10,1.3647
2018-09-11,-1.0471
2018-09-12,-2.8723
2018-09-13,-1.7899
2018-09-14,4.4374
2018-09-17,0.9863
2018-09-18,-0.6011
2018-09-19,-0.6803
2018-09-20,-2.5875
2018-09-21,-3.9063
2018-09-24,-2.6016
2018-09-25,-1.5859999999999999
2018-09-26,0.933
2018-09-27,0.1681
2018-09-28,-0.6711
2018-10-01,-3.8514
2018-10-02,-1.1595
2018-10-03,3.3061
2018-10-04,-0.8431
2018-10-05,-1.5443
2018-10-08,-2.6084
2018-10-09,-2.7506
2018-10-10,0.4466
2018-10-11,1.7784
2018-10-12,-2.4572
2018-10-15,0.7837
2018-10-16,1.5553
2018-10-17,-2.6253
2018-10-18,-2.4902
2018-10-19,-2.9762
2018-10-22,-3.0279
2018-10-23,-1.6735
2018-10-24,-4.5247
2018-10-25,-4.1739
2018-10-26,-2.8584
2018-10-29,-5.4414
2018-10-30,8.4959
2018-10-31,-0.9561
2018-11-01,3.9071
2018-11-02,3.8929
2018-11-05,-0.6174
2018-11-06,2.1208
2018-11-07,-1.7621
2018-11-08,-3.9291
2018-11-09,-2.7561999999999998
2018-11-12,-1.8742999999999999
2018-11-13,1.0715
2018-11-14,-0.6453
2018-11-15,-1.9253
2018-11-16,-2.5544000000000002
2018-11-19,-0.0971
2018-11-20,-4.8105
2018-11-21,1.3017
2018-11-23,3.099
2018-11-26,-2.9081
2018-11-27,-0.5789
2018-11-28,3.4937
2018-11-29,-1.8346
2018-11-30,-1.0217
2018-12-03,3.3988
2018-12-04,-9.1794
2018-12-06,-3.1903
2018-12-07,-2.6032
2018-12-10,-2.8433
2018-12-11,-4.5069
2018-12-12,-1.3791
2018-12-13,-3.8533
2018-12-14,-2.1332
2018-12-17,-3.963
2018-12-18,2.6823
2018-12-19,0.067
2018-12-20,-2.6439
2018-12-21,-2.4751
2018-12-24,-1.9034
2018-12-26,4.1322
2018-12-27,1.5183
2018-12-28,1.4616
2018-12-31,-0.804
2019-01-02,3.715
2019-01-03,-2.5725
2019-01-04,6.5508
2019-01-07,5.0816
2019-01-08,1.3433
2019-01-09,3.7997
2019-01-10,-0.5108
2019-01-11,0.4278
2019-01-14,1.7893
2019-01-15,-1.5067
2019-01-16,2.4363
2019-01-17,3.2633
2019-01-18,4.3117
2019-01-22,-0.1027
2019-01-23,-0.8224
2019-01-24,1.0106
2019-01-25,1.0518
2019-01-28,1.2694
2019-01-29,-0.9777
2019-01-30,-0.5063
2019-01-31,1.5267
2019-02-01,-0.3258
2019-02-04,-0.9555
2019-02-05,2.1579
2019-02-06,-0.6958
2019-02-07,-2.2523
2019-02-08,1.9713
2019-02-11,1.9834
2019-02-12,2.708
2019-02-13,2.1812
2019-02-14,5.8175
2019-02-15,4.2562999999999995
2019-02-19,0.3189
2019-02-20,-0.8054
2019-02-21,0.5128
2019-02-22,1.2755
2019-02-25,-1.5533000000000001
2019-02-26,-2.0682
2019-02-27,0.8927
2019-02-28,-2.4385
2019-03-01,5.4634
2019-03-04,-1.1326
2019-03-05,-1.4637
2019-03-06,-1.3132
2019-03-07,-1.8542999999999998
2019-03-08,0.2667
2019-03-11,2.9705
2019-03-12,-1.2271
2019-03-13,-1.2424
2019-03-14,-1.1256
2019-03-15,0.7589
2019-03-18,3.3895
2019-03-19,-3.5568999999999997
2019-03-20,-5.3988
2019-03-21,1.9493
2019-03-22,-5.6439
2019-03-25,3.0029
2019-03-26,0.6874
2019-03-27,2.5895
2019-03-28,2.2717
2019-03-29,1.6827
2019-04-01,1.6328
2019-04-02,-2.9744
2019-04-03,1.4992
2019-04-04,2.4912
2019-04-05,1.0325
2019-04-08,0.3832
2019-04-09,-1.0604
2019-04-10,3.3441
2019-04-11,1.6387
2019-04-12,0.3878
2019-04-15,5.8142
2019-04-16,3.9769
2019-04-17,2.6423
2019-04-18,-0.7561
2019-04-22,-1.2334
2019-04-23,1.4692
2019-04-24,0.3077
2019-04-25,-6.0808
2019-04-26,-0.2305
2019-04-29,-3.7936
2019-04-30,-0.1801
2019-05-01,-3.7899000000000003
2019-05-02,-1.4798
2019-05-03,4.3368
2019-05-06,-1.4801
2019-05-07,-2.6959999999999997
2019-05-08,-1.8401
2019-05-09,1.379
2019-05-10,-2.2104
2019-05-13,-4.5642
2019-05-14,1.4575
2019-05-15,0.1796
2019-05-16,-0.4257
2019-05-17,-2.4077
2019-05-20,-0.5303
2019-05-21,3.2452
2019-05-22,-0.6736
2019-05-23,-0.5877
2019-05-24,-0.091
2019-05-28,-1.9117
2019-05-29,-1.8329
2019-05-30,-0.1418
2019-05-31,-3.4556
2019-06-03,2.5251
2019-06-04,4.5194
2019-06-05,-1.3269
2019-06-06,-0.4173
2019-06-07,2.0489
2019-06-10,5.0194
2019-06-11,-1.0862
2019-06-12,-1.5594000000000001
2019-06-13,3.7037
2019-06-14,0.6885
2019-06-17,-1.8803
2019-06-18,2.1341
2019-06-19,0.4904
2019-06-20,1.4853
2019-06-21,0.5436
2019-06-24,-3.5766
2019-06-25,-3.0192
2019-06-26,3.0687
2019-06-27,2.9989
2019-06-28,3.0373
2019-07-01,-1.4637
2019-07-02,-3.7136
2019-07-03,2.9569
2019-07-05,0.5619
2019-07-08,-3.2492
2019-07-09,-1.1337
2019-07-10,-0.2164
2019-07-11,-2.9488
2019-07-12,2.9044
2019-07-15,-2.6487
2019-07-16,0.5129
2019-07-17,-1.0872
2019-07-18,-1.0767
2019-07-19,-2.0635
2019-07-22,-2.107
2019-07-23,4.0445
2019-07-24,4.0464
2019-07-25,-1.7042000000000002
2019-07-26,2.7117
2019-07-29,-4.7825
2019-07-30,3.7273
2019-07-31,0.5039
2019-08-01,-3.8587
2019-08-02,-0.1814
2019-08-05,-3.1122
2019-08-06,2.2509
2019-08-07,-1.2382
2019-08-08,1.8342
2019-08-09,-4.5144
2019-08-12,-2.9608
2019-08-13,0.812
2019-08-14,-5.2966
2019-08-15,-3.9948
2019-08-16,3.9463
2019-08-19,1.7304
2019-08-20,-2.8434
2019-08-21,1.7507000000000001
2019-08-22,-1.7206000000000001
2019-08-23,-7.1074
2019-08-26,-0.647
2019-08-27,-3.9071
2019-08-28,3.683
2019-08-29,3.8647
2019-08-30,-1.1218
2019-09-03,-3.4588
2019-09-04,-4.7291
2019-09-05,5.7461
2019-09-06,-1.5647
2019-09-09,3.2081
2019-09-10,8.037
2019-09-11,7.3095
2019-09-12,-1.3285
2019-09-13,3.06
2019-09-16,1.9477
2019-09-17,-0.1398
2019-09-18,-4.1064
2019-09-19,1.2894999999999999
2019-09-20,2.0658
2019-09-23,-0.7296
2019-09-24,-2.3708
2019-09-25,-0.1457
2019-09-26,-1.3618999999999999
2019-09-27,-3.9694000000000003
2019-09-30,10.0899
2019-10-01,-2.0289
2019-10-02,-0.5713
2019-10-03,0.5267
2019-10-04,1.2622
2019-10-07,-3.8335
2019-10-08,2.2499000000000002
2019-10-09,0.3109
2019-10-10,0.2384
2019-10-11,0.5947
2019-10-14,-0.2365
2019-10-15,4.5034
2019-10-16,1.565
2019-10-17,1.1389
2019-10-18,-1.1482
2019-10-21,0.4914
2019-10-22,-1.6448
2019-10-23,4.5649999999999995
2019-10-24,-3.6525
2019-10-25,4.419
2019-10-28,4.3179
2019-10-29,0.3707
2019-10-30,2.1338
2019-10-31,-0.7433
2019-11-01,2.7727
2019-11-04,1.6936
2019-11-05,0.9876
2019-11-06,0.2109
2019-11-07,0.421
2019-11-08,-2.5152
2019-11-11,-0.9773
2019-11-12,-0.9475
2019-11-13,-1.5544
2019-11-14,0.2834
2019-11-15,0.7671
2019-11-18,-0.2003
2019-11-19,-0.0803
2019-11-20,-1.4062000000000001
2019-11-21,-0.0407
2019-11-22,1.8753
2019-11-25,4.1817
2019-11-26,0.2497
2019-11-27,-2.5862
2019-11-29,-2.6155
2019-12-02,-2.8877
2019-12-03,3.3895
2019-12-04,2.6951
2019-12-05,0.0588
2019-12-06,1.4484
2019-12-09,0.0193
2019-12-10,0.7909
2019-12-11,0.7464
2019-12-12,0.4939
2019-12-13,-2.2495
2019-12-16,-1.2243
2019-12-17,0.3344
2019-12-18,-0.5686
2019-12-19,1.0649
2019-12-20,1.5415
2019-12-23,2.1138
2019-12-24,2.0135
2019-12-26,-2.6748
2019-12-27,-0.4549
2019-12-30,-1.0282
2019-12-31,0.8657
2020-01-02,0.8392
2020-01-03,-1.097
2020-01-06,-0.459
2020-01-07,-1.9981
2020-01-08,3.3131
2020-01-09,-0.6262
2020-01-10,-1.0502
2020-01-13,2.721
2020-01-14,4.6027000000000005
2020-01-15,-0.9698
2020-01-16,1.5053
2020-01-17,-2.3048
2020-01-21,-1.6825
2020-01-22,0.2046
2020-01-23,1.3551
2020-01-24,-1.3919000000000001
2020-01-27,-2.8232
2020-01-28,4.1093
2020-01-29,-3.1761
2020-01-30,-0.7395
2020-01-31,-0.8978
2020-02-03,2.7756
2020-02-04,0.5439
2020-02-05,4.3649000000000004
2020-02-06,-1.0724
2020-02-07,-2.3125999999999998
2020-02-10,2.7002
2020-02-11,2.0529
2020-02-12,2.9998
2020-02-13,7.9493
2020-02-14,-2.5393
2020-02-18,0.1791
2020-02-19,0.6177
2020-02-20,1.2439
2020-02-21,-1.5796999999999999
2020-02-24,-3.0804
2020-02-25,-2.9776
2020-02-26,0.3793
2020-02-27,-5.8227
2020-02-28,-3.6475999999999997
2020-03-02,0.7761
2020-03-03,0.0376
2020-03-04,1.2955
2020-03-05,-7.3587
2020-03-06,-4.5218
2020-03-09,-19.17
2020-03-10,-0.9643
2020-03-11,-2.6052999999999997
2020-03-12,-18.2924
2020-03-13,10.9788
2020-03-16,-12.9917
2020-03-17,3.4932
2020-03-18,-35.7048
2020-03-19,2.3675
2020-03-20,-2.6647
2020-03-23,4.0806000000000004
2020-03-24,20.1985
2020-03-25,14.7812
2020-03-26,14.3165
2020-03-27,-6.545
2020-03-30,-5.9259
2020-03-31,0.7874
2020-04-01,-12.358
2020-04-02,0.8104
2020-04-03,-10.6511
2020-04-06,30.9042
2020-04-07,0.0344
2020-04-08,12.7791
2020-04-09,3.5029
2020-04-13,-5.827
2020-04-14,0.7813
2020-04-15,-15.3798
2020-04-16,0.5497
2020-04-17,14.6137
2020-04-20,-3.752
2020-04-21,-4.0634
2020-04-22,1.9628
2020-04-23,7.8352
2020-04-24,3.0379
2020-04-27,8.4802
2020-04-28,10.4511
2020-04-29,9.0056
2020-04-30,-4.0725999999999996
2020-05-01,-6.8656
2020-05-04,4.0896
2020-05-05,1.7518
2020-05-06,-2.2381
2020-05-07,1.9874
2020-05-08,11.2235
2020-05-11,-0.5544
2020-05-12,-6.2221
2020-05-13,-6.9917
2020-05-14,5.6763
2020-05-15,4.3794
2020-05-18,12.216
2020-05-19,3.5323
2020-05-20,3.352
2020-05-21,1.332
2020-05-22,1.5813000000000001
2020-05-26,6.1703
2020-05-27,-0.4063
2020-05-28,-4.8954
2020-05-29,-2.7975
2020-06-01,0.7326
2020-06-02,1.9713
2020-06-03,1.8956
2020-06-04,3.3155
2020-06-05,7.0779
2020-06-08,3.8462
2020-06-09,-3.7358000000000002
2020-06-10,-3.0313
2020-06-11,-9.5843
2020-06-12,4.5973
2020-06-15,7.1922
2020-06-16,2.6262
2020-06-17,-1.4364
2020-06-18,-1.1558
2020-06-19,1.7116
2020-06-22,0.2832
2020-06-23,1.3125
2020-06-24,-7.5107
2020-06-25,0.9574
2020-06-26,-1.5981999999999998
2020-06-29,4.0871
2020-06-30,5.024
2020-07-01,-3.6734999999999998
2020-07-02,-1.5085
2020-07-06,-0.3442
2020-07-07,-3.3846
2020-07-08,1.7158
2020-07-09,-3.0575
2020-07-10,6.9784
2020-07-13,-0.8811
2020-07-14,5.3846
2020-07-15,5.7583
2020-07-16,-1.4571
2020-07-17,-1.0895
2020-07-20,0.9284
2020-07-21,2.0892
2020-07-22,2.6878
2020-07-23,-3.4503
2020-07-24,-1.9100000000000001
2020-07-27,4.6168
2020-07-28,0.9307
2020-07-29,3.5544000000000002
2020-07-30,-5.2994
2020-07-31,-3.0179
