ticker,PTBS US Equity
field,DAY_TO_DAY_TOT_RETURN_GROSS_DVDS
date,
2000-01-03,1.5152
2000-01-14,-4.4776
2000-01-18,0.0
2000-01-19,-1.5625
2000-01-25,0.0
2000-01-27,-4.7619
2000-02-11,0.8333
2000-02-16,-0.8264
2000-02-17,0.0
2000-02-25,-0.8333
2000-03-01,2.521
2000-03-02,-1.6393
2000-03-06,3.3333
2000-03-22,-8.871
2000-04-03,1.3274
2000-04-04,0.655
2000-04-05,0.6508
2000-04-10,6.8966
2000-04-11,-5.6452
2000-04-12,0.0
2000-04-13,0.0
2000-04-14,0.0
2000-04-17,-0.8547
2000-04-24,-0.8621
2000-04-25,-4.5652
2000-04-26,5.6948
2000-05-02,-3.4483
2000-05-08,-3.5714
2000-05-15,9.2593
2000-06-01,0.8475
2000-06-16,-11.7647
2000-06-20,10.0
2000-06-30,-1.2987
2000-07-19,-7.8947
2000-07-21,5.2381
2000-08-09,-4.5249
2000-08-16,-0.4739
2000-08-31,0.9524
2000-09-13,0.4717
2000-09-14,-0.4695
2000-09-19,-9.434
2000-09-25,0.0
2000-09-26,0.0
2000-10-25,-8.3333
2000-11-01,2.2727
2000-11-06,-1.6667
2000-11-15,1.1299
2000-11-20,-0.5587
2000-11-28,1.1236
2000-11-29,15.0
2000-12-04,8.2126
2000-12-05,-13.8393
2000-12-06,3.6269
2000-12-07,0.0
2000-12-11,8.0
2000-12-20,-9.2593
2000-12-21,13.2653
2000-12-26,-11.2613
2001-01-18,3.5533
2001-02-05,-0.9804
2001-02-15,2.9703
2001-02-20,-3.8462
2001-02-22,4.0
2001-02-28,0.0
2001-03-01,-3.3654
2001-03-13,14.4279
2001-03-15,-9.5652
2001-03-16,-1.9231
2001-03-28,-0.9804
2001-03-30,0.0
2001-04-02,0.9901
2001-04-05,0.4902
2001-04-18,-1.4634
2001-04-19,7.9208
2001-04-23,-6.055
2001-04-24,-0.3125
2001-05-01,7.7586
2001-05-02,1.8182
2001-05-08,14.2857
2001-05-15,-10.9375
2001-05-16,-1.3333
2001-05-17,0.1067
2001-05-30,6.5719
2001-05-31,-0.8333
2001-06-04,4.2017
2001-06-06,1.6129
2001-06-07,2.581
2001-06-08,3.6734
2001-06-18,-1.4925
2001-06-22,-3.7879
2001-06-25,1.5748
2001-07-02,0.7752
2001-07-13,1.5385
2001-07-16,-3.0303
2001-08-10,1.875
2001-08-15,4.2945
2001-08-16,0.0
2001-08-17,-0.7353
2001-08-30,-2.2222
2001-09-19,4.5455
2001-09-24,-4.3478
2001-09-25,3.0303
2001-10-02,-2.9412000000000003
2001-10-03,2.2727
2001-10-04,-2.2222
2001-10-08,0.0
2001-10-09,0.0
2001-10-12,1.5152
2001-10-16,3.7313
2001-10-18,-5.036
2001-10-24,0.0
2001-10-25,1.5152
2001-10-29,-1.4925
2001-11-15,2.2727
2001-11-23,-2.2222
2001-11-26,4.5455
2001-11-27,2.8986
2001-11-30,-6.7606
2001-12-10,4.2296
2001-12-11,-3.6231999999999998
2001-12-19,15.7895
2001-12-26,-8.4416
2002-01-04,0.0
2002-01-07,0.0
2002-01-09,0.0
2002-01-14,0.0
2002-01-15,0.0
2002-01-16,0.7092
2002-01-17,0.0
2002-01-25,-0.7042
2002-01-29,0.0
2002-01-30,4.9645
2002-01-31,-1.3514
2002-02-01,1.3699
2002-02-04,-3.7838000000000003
2002-02-05,6.7416
2002-02-06,-6.3158
2002-02-07,3.6517
2002-02-08,-2.439
2002-02-12,6.5278
2002-02-15,-4.5632
2002-02-25,3.8251
2002-02-26,-2.6316
2002-03-05,-1.7568000000000001
2002-03-06,2.751
2002-03-11,-2.5435
2002-03-12,1.6484
2002-03-19,-0.6757
2002-03-20,0.0
2002-03-21,1.7687
2002-03-26,-0.1337
2002-04-02,0.1339
2002-04-05,-2.4064
2002-04-11,2.3288
2002-04-12,-0.4016
2002-04-15,2.8226
2002-04-18,0.1307
2002-04-23,-3.9164
2002-04-24,0.0
2002-04-25,4.0761
2002-04-26,-0.1305
2002-04-29,-3.268
2002-05-08,0.0
2002-05-09,0.0
2002-05-10,6.7568
2002-05-13,0.0
2002-05-14,0.0
2002-05-16,-2.5316
2002-05-17,4.5455
2002-05-21,-3.1056
2002-05-31,3.2051
2002-06-04,0.0
2002-06-05,0.0
2002-06-07,0.0
2002-06-11,1.2422
2002-06-14,-1.8405
2002-06-17,1.875
2002-06-24,-1.5951
2002-07-08,0.0
2002-07-15,0.0
2002-07-16,2.2444
2002-07-17,-1.2195
2002-07-22,-0.9877
2002-07-24,1.6209
2002-07-26,1.8405
2002-07-29,0.0
2002-07-30,-1.2048
2002-07-31,-2.1951
2002-08-06,0.3741
2002-08-12,3.1056
2002-08-13,-2.8916
2002-08-15,2.3573
2002-08-19,-2.303
2002-08-22,1.737
2002-08-26,0.0
2002-08-29,0.6098
2002-09-20,3.0303
2002-09-24,-2.8235
2002-10-09,1.0896
2002-10-10,0.0
2002-10-16,2.9939999999999998
2002-10-21,-1.7442
2002-11-01,0.5917
2002-11-05,5.8824
2002-11-12,-2.2222
2002-11-13,2.2727
2002-11-15,0.0
2002-11-18,-1.1111
2002-11-19,0.0
2002-11-22,0.0
2002-11-26,2.2472
2002-12-03,-1.0989
2002-12-04,3.3333
2002-12-06,-1.0753
2002-12-12,0.0
2002-12-13,-1.7174
2002-12-16,2.8534
2002-12-17,-3.2258
2003-01-23,6.6667
2003-01-31,0.0
2003-02-21,-3.125
2003-02-25,2.1505
2003-03-05,10.8296
2003-03-07,0.0
2003-03-10,3.1429
2003-03-18,3.8781
2003-03-19,1.3333
2003-03-21,-0.2632
2003-03-26,-3.6939
2003-03-28,4.1096
2003-04-01,-1.2631999999999999
2003-04-02,6.6098
2003-04-07,-6.25
2003-04-09,5.3333
2003-04-10,-6.3291
2003-04-15,4.0541
2003-04-16,-1.2987
2003-04-22,2.3684
2003-04-24,-2.3136
2003-04-25,-2.6316
2003-04-28,5.1350999999999996
2003-05-01,-4.3702
2003-05-05,2.4194
2003-05-07,-0.2625
2003-05-09,-1.5789
2003-05-12,1.6042999999999998
2003-05-16,-1.4178
2003-05-19,0.8065
2003-05-29,-0.8
2003-05-30,0.8065
2003-06-02,1.3333
2003-06-03,-2.1053
2003-06-05,-1.6129
2003-06-17,3.2787
2003-06-18,1.8519
2003-06-19,1.039
2003-06-23,-3.599
2003-06-24,0.0
2003-06-27,0.5333
2003-07-02,5.5703
2003-07-07,-0.2513
2003-07-08,-2.7708
2003-07-14,-0.5181
2003-07-15,-0.5208
2003-07-16,0.7853
2003-07-21,1.2987
2003-07-22,1.2821
2003-07-24,0.0
2003-07-31,0.5063
2003-08-05,-3.2746
2003-08-06,6.7708
2003-08-07,-5.6098
2003-08-08,5.9432
2003-08-13,3.0976
2003-08-14,7.1429
2003-08-18,0.0
2003-08-20,-6.6667
2003-08-21,1.1905000000000001
2003-08-25,-4.7059
2003-08-26,3.7037
2003-08-27,-3.5714
2003-08-28,0.0
2003-08-29,11.1111
2003-09-09,-4.4444
2003-09-11,0.2326
2003-09-16,6.7285
2003-09-17,8.6957
2003-09-18,-3.0
2003-09-24,1.4433
2003-09-25,-3.4553
2003-09-30,0.0
2003-10-08,0.0
2003-10-10,-3.5789
2003-10-16,0.8734
2003-10-17,0.0
2003-10-20,-2.5974
2003-10-21,0.0
2003-10-23,-1.5556
2003-10-27,3.8375
2003-10-29,0.4348
2003-10-30,0.0
2003-11-04,0.0
2003-11-05,-0.4329
2003-11-12,0.5978
2003-11-17,0.0
2003-11-18,0.0
2003-11-21,0.0
2003-11-24,-1.3043
2003-11-26,1.3216
2003-12-05,0.0
2003-12-10,-1.3043
2003-12-11,0.0
2003-12-17,0.0
2003-12-30,0.0
2003-12-31,1.3216
2004-01-08,-0.8696
2004-01-09,0.8772
2004-01-12,0.0
2004-01-13,-1.9565000000000001
2004-01-14,2.8825
2004-01-16,-0.8621
2004-01-20,0.0
2004-01-21,0.0
2004-01-22,-1.7391
2004-01-23,0.0
2004-01-26,0.0
2004-01-27,-0.2212
2004-01-28,1.9956
2004-01-30,-1.9565000000000001
2004-02-02,1.9956
2004-02-03,-1.9565000000000001
2004-02-04,0.0
2004-02-05,0.0
2004-02-06,0.0
2004-02-09,0.0
2004-02-11,0.3991
2004-02-12,2.0
2004-02-13,0.2179
2004-02-17,-2.1739
2004-02-18,0.0
2004-02-24,2.2222
2004-02-25,-1.9565000000000001
2004-02-26,2.439
2004-03-01,-2.3810000000000002
2004-03-03,1.9956
2004-03-04,-1.7391
2004-03-09,3.9823
2004-03-10,-1.0638
2004-03-11,-2.7957
2004-03-12,1.7699
2004-03-15,0.0
2004-03-16,-1.5217
2004-03-17,1.5453000000000001
2004-03-22,0.0
2004-03-23,-0.6522
2004-03-29,1.7505
2004-03-30,2.1505
2004-04-05,-3.1579
2004-04-06,-0.4348
2004-04-07,-1.0917
2004-04-13,2.2075
2004-04-14,-3.0238
2004-04-15,3.5635
2004-04-19,-1.0753
2004-04-20,0.0
2004-04-21,-2.1739
2004-04-26,2.2222
2004-04-28,-2.3913
2004-04-29,3.5635
2004-04-30,0.0
2004-05-03,0.0
2004-05-04,-1.0753
2004-05-05,1.087
2004-05-06,0.0
2004-05-13,-0.4544
2004-05-14,1.087
2004-05-17,-1.0753
2004-05-19,1.087
2004-05-26,1.0753
2004-05-28,0.0
2004-06-01,0.0
2004-06-03,-1.0638
2004-06-07,2.1505
2004-06-10,0.2105
2004-06-14,-0.2101
2004-06-15,-2.1053
2004-06-16,1.0753
2004-06-18,3.1915
2004-06-23,-3.0928
2004-06-25,2.1277
2004-06-30,-1.875
2004-07-02,2.9724
2004-07-08,-2.8866
2004-07-14,2.9724
2004-07-15,0.2062
2004-07-22,-1.2346
2004-07-26,1.0417
2004-08-04,-1.0309
2004-08-05,-1.25
2004-08-06,4.4304
2004-08-09,0.0
2004-08-10,1.0101
2004-08-11,-0.4
2004-08-13,2.0202
2004-08-16,-0.9901
2004-08-19,-2.0
2004-08-20,-3.0612
2004-08-25,0.4211
2004-08-26,0.6289
2004-08-27,0.0
2004-08-30,-0.625
2004-08-31,0.0
2004-09-01,0.6289
2004-09-09,-1.0417
2004-09-10,-1.0526
2004-09-13,1.0638
2004-09-14,0.0
2004-09-15,1.0526
2004-09-22,0.4167
2004-10-01,0.0
2004-10-06,-0.4149
2004-10-08,0.4167
2004-10-12,1.6598000000000002
2004-10-13,1.0204
2004-10-19,0.6061
2004-10-21,-0.6024
2004-10-22,0.0
2004-10-26,1.0101
2004-10-28,0.0
2004-11-01,0.4
2004-11-04,0.1992
2004-11-09,-0.1988
2004-11-12,2.2249
2004-11-15,-2.3529
2004-11-16,6.4257
2004-11-22,-4.717
2004-12-01,0.9901
2004-12-02,1.9607999999999999
2004-12-06,3.8462
2004-12-08,3.7037
2004-12-10,-0.3571
2004-12-15,-0.9319
2004-12-21,-2.3155
2004-12-23,3.7037
2004-12-27,-1.7856999999999998
2004-12-30,1.8182
2005-01-03,0.0
2005-01-21,-2.6786
2005-01-24,1.8349
2005-01-31,-2.7027
2005-02-01,0.0
2005-02-03,1.8519
2005-02-04,0.9091
2005-02-07,-1.8018
2005-02-14,5.2049
2005-02-15,1.7544
2005-02-17,0.8621
2005-02-18,2.5641
2005-02-22,-0.8333
2005-02-23,0.8403
2005-02-24,0.0
2005-02-25,-1.6667
2005-02-28,5.0847
2005-03-01,0.0
2005-03-02,0.0
2005-03-03,-0.8065
2005-03-09,-1.626
2005-03-10,0.0
2005-03-14,2.4793
2005-03-15,-1.6129
2005-03-16,3.2787
2005-03-17,1.5873
2005-03-18,9.375
2005-03-21,2.2857
2005-03-22,-0.838
2005-03-23,-1.4085
2005-03-24,8.5714
2005-03-28,-2.6316
2005-03-29,0.0
2005-03-30,-1.6216
2005-03-31,0.2747
2005-04-04,0.274
2005-04-05,-1.3660999999999999
2005-04-06,1.9391
2005-04-08,-1.087
2005-04-11,-1.0989
2005-04-12,0.0
2005-04-13,-3.6111
2005-04-18,1.0951
2005-04-19,-0.7982
2005-04-20,0.0
2005-04-21,3.7356
2005-04-26,-5.374
2005-04-28,2.459
2005-04-29,0.0
2005-05-02,-7.1429
2005-05-04,7.6923
2005-05-10,-2.8571
2005-05-12,3.4432
2005-05-16,-5.7143
2005-05-17,-3.0303
2005-05-18,1.5625
2005-05-19,-1.5385
2005-05-20,-4.0625
2005-05-23,5.8632
2005-05-24,0.0
2005-05-25,0.0
2005-05-26,3.0769
2005-06-01,-4.4776
2005-06-02,4.6875
2005-06-08,-2.9851
2005-06-09,0.0
2005-06-13,1.5385
2005-06-14,-3.0303
2005-06-15,3.125
2005-06-16,-5.4545
2005-06-17,0.0
2005-06-20,2.5641
2005-06-23,0.0
2005-06-24,1.5625
2005-06-27,-4.0
2005-06-28,2.5641
2005-06-29,0.0
2005-06-30,6.25
2005-07-01,-1.4706000000000001
2005-07-05,-1.4925
2005-07-08,-1.5152
2005-07-12,3.0769
2005-07-13,-3.8806000000000003
2005-07-18,4.0373
2005-07-19,-1.4925
2005-07-20,0.0
2005-07-21,2.4242
2005-07-25,0.5917
2005-07-26,0.0
2005-07-27,2.9412000000000003
2005-07-28,-2.8571
2005-08-02,0.0
2005-08-03,0.0
2005-08-04,0.0
2005-08-05,0.0
2005-08-08,-1.4706000000000001
2005-08-09,1.4925
2005-08-15,0.2069
2005-08-19,0.295
2005-08-22,0.0
2005-08-23,-2.9412000000000003
2005-08-24,3.0303
2005-08-25,0.0
2005-08-30,-2.9412000000000003
2005-08-31,0.0
2005-09-01,0.6061
2005-09-06,0.0
2005-09-07,0.3012
2005-09-08,-0.3003
2005-09-09,5.4217
2005-09-13,-5.1429
2005-09-21,0.0
2005-09-29,0.0
2005-09-30,8.4337
2005-10-03,-4.4444
2005-10-05,-2.6163
2005-10-06,-0.597
2005-10-10,3.3033
2005-10-11,-3.1977
2005-10-12,2.1021
2005-10-13,0.1765
2005-10-14,-0.1174
2005-10-17,-0.0588
2005-10-18,0.0
2005-10-21,0.0
2005-10-27,0.0
2005-10-28,0.0
2005-10-31,0.5882
2005-11-03,-0.5848
2005-11-04,0.0
2005-11-07,0.0
2005-11-08,0.0
2005-11-09,1.4706000000000001
2005-11-15,0.5098
2005-11-16,1.4493
2005-11-21,-2.8571
2005-11-28,0.0
2005-11-30,1.4706000000000001
2005-12-05,0.0
2005-12-06,0.0
2005-12-07,0.0
2005-12-14,1.4493
2005-12-20,-1.1429
2005-12-22,-0.289
2005-12-30,0.0
2006-01-03,0.0
2006-01-04,0.0
2006-01-05,-0.2899
2006-01-06,0.2907
2006-01-09,0.0
2006-01-13,0.0
2006-01-18,0.0
2006-01-19,0.0
2006-01-24,-1.4493
2006-01-25,0.0
2006-01-30,1.1764999999999999
2006-02-02,-1.4535
2006-02-03,0.885
2006-02-14,-2.1164
2006-02-15,0.0
2006-02-16,2.1021
2006-02-17,-0.2941
2006-02-21,0.295
2006-02-24,0.0
2006-02-27,0.0
2006-02-28,0.0
2006-03-01,0.0
2006-03-07,0.0
2006-03-08,0.0
2006-03-09,0.0
2006-03-15,-1.4706000000000001
2006-03-20,0.0
2006-03-21,0.0
2006-03-24,0.0
2006-03-27,0.0
2006-03-28,1.4925
2006-03-29,-0.8824
2006-03-31,0.8902
2006-04-03,-1.4706000000000001
2006-04-04,0.0
2006-04-05,1.4925
2006-04-06,0.0
2006-04-07,-2.9412000000000003
2006-04-10,0.0
2006-04-12,0.6061
2006-04-13,-1.8072
2006-04-19,0.0
2006-04-21,1.8405
2006-04-24,-1.8072
2006-04-25,-0.3067
2006-04-26,0.3077
2006-04-27,0.0
2006-04-28,-0.6135
2006-05-01,1.2346
2006-05-02,-0.7012
2006-05-03,0.0921
2006-05-05,-0.3067
2006-05-09,1.5385
2006-05-10,-1.5152
2006-05-12,2.2683
2006-05-15,-1.6667
2006-05-18,0.4394
2006-05-22,0.0
2006-05-23,3.125
2006-05-24,-6.0606
2006-05-25,1.6129
2006-06-08,-1.5873
2006-06-12,-0.6452
2006-06-13,2.2727
2006-06-14,-1.2698
2006-06-15,2.8939
2006-06-16,-4.375
2006-06-19,12.4183
2006-06-20,0.2907
2006-06-21,-2.6087
2006-06-26,0.0
2006-06-27,-1.1905000000000001
2006-06-28,-3.012
2006-06-29,0.0
2006-06-30,0.9317
2006-07-05,-1.2308
2006-07-06,0.0
2006-07-07,1.2461
2006-07-12,-1.2308
2006-07-13,4.9844
2006-07-18,-8.9021
2006-07-19,4.2345
2006-07-20,0.0
2006-07-21,0.0
2006-07-27,0.0
2006-08-01,0.0
2006-08-04,0.0
2006-08-07,0.0
2006-08-08,-3.125
2006-08-15,-0.357
2006-08-16,0.0
2006-08-17,0.0
2006-08-18,0.0
2006-08-21,0.0
2006-08-24,2.9316
2006-08-28,5.0633
2006-08-29,-3.6145
2006-09-12,-0.125
2006-09-19,-0.5006
2006-09-20,-0.9434
2006-09-21,-1.2698
2006-09-22,-0.3215
2006-09-25,3.2258
2006-09-26,-2.8125
2006-09-28,1.2862
2006-09-29,0.0
2006-10-03,-1.2698
2006-10-09,0.0
2006-10-11,0.0
2006-10-12,0.6431
2006-10-13,0.3195
2006-10-16,1.2739
2006-10-17,-1.8868
2006-10-19,1.9231
2006-10-23,0.0
2006-10-27,-1.5723
2006-11-03,0.0
2006-11-06,-0.3195
2006-11-07,0.3205
2006-11-10,0.639
2006-11-14,-0.016
2006-11-16,0.0
2006-11-17,2.2364
2006-11-22,-2.1875
2006-11-24,0.0
2006-11-27,0.0
2006-11-28,0.0
2006-12-05,0.0
2006-12-07,0.0
2006-12-13,-0.9585
2006-12-14,-0.6452
2006-12-15,0.0
2006-12-18,1.2987
2006-12-19,0.3205
2006-12-20,-1.5974
2006-12-21,2.2727
2006-12-26,-1.5873
2006-12-27,0.0
2007-01-03,0.3226
2007-01-04,0.3215
2007-01-08,0.0
2007-01-09,0.0
2007-01-11,0.9615
2007-01-16,-2.5397
2007-01-17,0.3257
2007-01-25,0.974
2007-02-01,-0.9003
2007-02-02,0.2596
2007-02-06,-0.6472
2007-02-07,0.9772
2007-02-08,-0.6452
2007-02-09,-0.6494
2007-02-12,0.0
2007-02-13,1.634
2007-02-14,0.0
2007-02-23,0.0
2007-02-26,0.0
2007-02-27,0.0
2007-02-28,0.0
2007-03-05,-1.6181
2007-03-06,0.0
2007-03-08,1.6447
2007-03-09,0.3236
2007-03-12,-1.9355
2007-03-13,0.0
2007-03-14,0.0
2007-03-15,2.3026
2007-03-16,0.0
2007-03-19,2.8296
2007-03-20,-1.5009000000000001
2007-03-21,0.0
2007-03-26,-0.3175
2007-03-27,1.8471
2007-03-28,-1.8136
2007-03-29,-1.2739
2007-04-03,1.6129
2007-04-10,1.5238
2007-04-17,-2.7517
2007-04-18,0.0
2007-04-25,0.0
2007-04-26,0.9646
2007-04-27,-1.2739
2007-04-30,0.0
2007-05-02,1.6129
2007-05-14,-0.8148
2007-05-29,0.0644
2007-05-31,0.0644
2007-06-04,-0.1287
2007-06-06,1.1598
2007-06-11,0.0
2007-06-12,-0.9554
2007-06-15,0.0
2007-06-20,0.0
2007-06-25,0.0
2007-06-26,0.9646
2007-07-02,-0.3185
2007-07-09,-2.2364
2007-07-10,1.9607999999999999
2007-07-11,0.641
2007-07-17,-1.2739
2007-07-25,-0.9677
2007-07-26,-0.3257
2007-07-27,-0.6536
2007-07-30,1.9737
2007-07-31,0.0
2007-08-01,-2.5806
2007-08-02,2.649
2007-08-03,-2.5806
2007-08-06,-0.9934
2007-08-07,-0.602
2007-08-30,1.6604999999999999
2007-08-31,1.6667
2007-09-04,-4.459
2007-09-05,2.9513
2007-09-10,-3.0
2007-09-11,4.4674
2007-09-12,-1.3158
2007-09-13,0.6667
2007-09-14,0.0
2007-09-24,2.3179
2007-09-26,-2.9126
2007-09-27,3.0
2007-09-28,0.0
2007-10-02,-2.9126
2007-10-03,0.0
2007-10-04,2.0
2007-10-05,-3.268
2007-10-10,0.0
2007-10-12,0.0
2007-10-17,1.3514
2007-10-18,-1.6667
2007-10-22,-1.3559
2007-10-24,2.7491
2007-10-29,-0.3344
2007-10-31,-1.6779
2007-11-05,2.3891
2007-11-08,0.0
2007-11-14,-2.6356
2007-11-15,0.069
2007-11-16,-1.4473
2007-11-21,1.3986
2007-11-26,-1.7241
2007-12-03,-5.8947
2007-12-06,-4.9216999999999995
2007-12-07,1.8824
2007-12-10,-0.6928
2007-12-11,0.0
2007-12-12,-4.6512
2007-12-14,1.626
2007-12-17,-3.6
2007-12-19,1.6598000000000002
2007-12-20,2.0408
2007-12-21,-2.0
2007-12-24,2.0408
2007-12-31,-2.4
2008-01-02,0.4098
2008-01-03,-0.4082
2008-01-04,0.4098
2008-01-07,3.6734999999999998
2008-01-08,-3.5433
2008-01-09,2.449
2008-01-10,-2.3904
2008-01-14,0.0
2008-01-17,2.0408
2008-01-18,-2.0
2008-01-24,0.0
2008-01-25,2.0408
2008-01-29,0.0
2008-01-30,-2.0
2008-01-31,2.0408
2008-02-01,3.6
2008-02-04,0.3861
2008-02-06,0.0
2008-02-11,0.0
2008-02-12,-5.7692
2008-02-13,2.9388
2008-02-14,-0.8
2008-02-19,8.871
2008-02-20,-1.4815
2008-02-28,-4.1353
2008-03-06,0.0
2008-03-11,-5.8824
2008-03-13,8.3333
2008-03-14,-0.7692
2008-03-25,0.7752
2008-03-27,-0.5986
2008-03-28,0.6022
2008-03-31,-1.5385
2008-04-03,0.0
2008-04-04,0.0
2008-04-09,0.7813
2008-04-10,8.5271
2008-04-11,-3.5714
2008-04-14,-5.5556
2008-04-15,7.8431
2008-04-21,-5.4545
2008-04-24,0.7692
2008-05-01,0.0
2008-05-05,-0.7634
2008-05-06,-5.7692
2008-05-09,0.8163
2008-05-23,6.2308
2008-05-27,0.0
2008-06-02,0.7692
2008-06-06,-0.7634
2008-06-16,0.0
2008-06-18,-7.6923
2008-06-23,0.4167
2008-06-30,1.2448
2008-07-01,0.0
2008-07-08,-1.7213
2008-07-09,0.0
2008-07-15,-4.0867
2008-07-16,0.0
2008-07-17,0.0
2008-07-21,2.1739
2008-07-22,-2.1277
2008-07-23,6.087
2008-07-30,-7.7869
2008-08-05,2.6667
2008-08-07,-2.5974
2008-08-08,-2.2222
2008-08-11,-2.2727
2008-08-12,2.3256
2008-08-22,10.2435
2008-08-25,0.0
2008-08-26,-2.0833
2008-08-27,2.1277
2008-08-28,1.6667
2008-08-29,-13.9344
2008-09-03,14.2857
2008-09-05,0.0
2008-09-08,-10.8333
2008-09-09,2.8037
2008-09-10,4.5455
2008-09-15,2.1739
2008-09-19,-5.5319
2008-09-23,0.0
2008-10-06,0.0
2008-10-08,-9.4595
2008-10-27,0.0
2008-11-06,-0.4975
2008-11-12,1.175
2008-11-20,-10.0
2008-11-21,-4.4444
2008-11-24,-6.9767
2008-11-25,9.25
2008-12-02,-8.4668
2008-12-05,18.75
2008-12-08,0.0
2008-12-10,0.0
2008-12-18,-5.2632
2008-12-19,-5.5556
2008-12-23,5.8824
2008-12-26,0.0
2008-12-31,5.5556
2009-01-06,-5.2632
2009-01-07,-4.4444
2009-01-15,1.9767000000000001
2009-01-20,2.6226000000000003
2009-01-21,-2.5556
2009-01-23,0.0
2009-01-27,5.4732
2009-01-28,0.0
2009-01-29,0.0
2009-02-02,-5.4054
2009-02-04,15.4286
2009-02-10,-12.3762
2009-02-11,14.322
2009-02-12,-18.9
2009-02-20,-0.7398
2009-02-24,-0.6211
2009-02-26,0.0
2009-02-27,-6.25
2009-03-02,0.0
2009-03-05,6.6667
2009-03-09,-5.0
2009-03-20,2.6316
2009-03-23,0.0
2009-03-31,0.0
2009-04-02,0.1282
2009-04-07,-0.128
2009-04-08,-0.641
2009-04-13,1.9355
2009-04-14,1.2658
2009-04-15,0.0
2009-04-22,-3.125
2009-04-27,-3.2258
2009-04-30,10.0
2009-05-01,3.0303
2009-05-04,0.0
2009-05-06,-2.9412000000000003
2009-05-08,-0.6061
2009-05-20,11.3517
2009-05-21,-0.1111
2009-05-22,-5.4505
2009-05-26,0.0
2009-05-27,0.0
2009-06-05,-13.1765
2009-06-09,8.4011
2009-06-11,18.75
2009-06-22,-15.7895
2009-07-06,0.0
2009-07-16,-20.0
2009-07-20,4.6875
2009-07-21,-0.7463
2009-07-22,0.7519
2009-07-27,4.4776
2009-07-28,-6.4286
2009-08-05,-4.5802
2009-08-06,12.0
2009-08-10,0.0
2009-08-11,-3.5714
2009-08-14,-3.2738
2009-08-17,-6.9231
2009-08-18,0.0
2009-08-19,0.8264
2009-08-20,-0.8197
2009-08-21,-0.8264
2009-08-25,6.6667
2009-08-27,0.0
2009-08-28,-6.0938
2009-08-31,1.4975
2009-09-01,2.459
2009-09-02,-4.0
2009-09-03,-10.8333
2009-09-04,9.3458
2009-09-08,2.5641
2009-09-09,-4.1667
2009-09-11,8.6957
2009-09-17,-7.2
2009-09-18,3.4483
2009-09-23,0.0
2009-09-24,0.0
2009-09-25,0.0
2009-09-30,4.1667
2009-10-01,-5.6
2009-10-02,1.6949
2009-10-05,0.0
2009-10-06,-4.1667
2009-10-12,8.6957
2009-10-13,1.44
2009-10-14,-9.306
2009-10-15,10.2609
2009-10-16,-5.3628
2009-10-20,0.0
2009-10-21,-1.6667
2009-10-22,1.6949
2009-10-26,5.6667
2009-10-27,-9.306
2009-11-05,0.0
2009-11-10,0.0
2009-11-13,0.0
2009-11-18,0.0
2009-11-23,4.3478
2009-11-25,0.0
2009-12-08,5.6667
2009-12-10,-5.3628
2009-12-17,0.0
2009-12-21,0.1667
2009-12-23,1.4975
2009-12-24,1.6393
2009-12-28,-1.6129
2009-12-29,-5.7377
2010-01-19,4.3478
2010-01-21,0.0
2010-01-22,-4.1667
2010-01-26,-1.7391
2010-01-27,-0.885
2010-01-29,7.1429
2010-02-01,1.6667
2010-02-12,-9.8361
2010-02-16,0.0
2010-02-22,0.0
2010-02-23,-5.4545
2010-02-24,-6.7308
2010-02-25,5.1546
2010-03-02,-0.1961
2010-03-08,-6.6798
2010-03-10,5.2632
2010-03-12,0.0
2010-03-16,-7.4
2010-03-17,2.5918
2010-03-18,5.2632
2010-03-19,0.0
2010-03-23,-5.0
2010-03-24,5.2632
2010-03-26,-1.0
2010-03-30,1.0101
2010-03-31,-2.0
2010-04-01,-8.1633
2010-04-05,11.1111
2010-04-06,0.5738
2010-04-08,12.3554
2010-04-09,1.7699
2010-04-13,0.0
2010-04-16,0.0
2010-04-19,-13.0435
2010-04-20,14.0
2010-04-21,0.0
2010-04-23,-10.526299999999999
2010-04-27,2.3529
2010-04-28,10.1533
2010-05-07,7.8261
2010-05-10,2.2580999999999998
2010-05-28,-5.3628
2010-06-01,-0.1667
2010-06-11,-4.0067
2010-06-18,-4.5217
2010-06-24,0.0
2010-06-25,-5.2823
2010-06-28,-0.3846
2010-07-06,-3.4749
2010-07-07,0.0
2010-07-13,-10.0
2010-07-14,11.1111
2010-07-16,-10.0
2010-07-19,0.0
2010-07-22,5.5556
2010-07-23,-1.0526
2010-07-28,0.5319
2010-07-29,-4.7619
2010-07-30,-4.4444
2010-08-03,4.6512
2010-08-05,5.5556
2010-08-06,-5.2632
2010-08-09,16.6667
2010-08-10,0.9524
2010-08-11,-5.6604
2010-08-13,1.0
2010-08-17,10.8911
2010-08-23,-5.3571
2010-08-24,-0.9434
2010-08-25,0.0
2010-08-27,-3.8095
2010-08-30,0.0
2010-09-01,3.9604
2010-09-02,0.0
2010-09-07,0.0
2010-09-08,-2.8571
2010-09-13,-6.8627
2010-09-15,-4.2105
2010-09-16,8.7912
2010-09-17,-6.0606
2010-09-21,-1.0753
2010-09-23,0.0
2010-09-24,0.0
2010-10-01,2.1739
2010-10-06,-2.1277
2010-10-08,0.0
2010-10-11,7.6087
2010-10-18,6.0606
2010-10-22,-12.381
2010-10-26,8.6957
2010-10-28,-1.0
2010-11-02,1.0101
2010-11-03,-4.0
2010-11-04,-0.4167
2010-11-05,3.5564999999999998
2010-11-08,-1.0101
2010-11-09,0.0
2010-11-10,-5.102
2010-11-12,7.5269
2010-11-17,-3.0
2010-11-26,-4.1237
2010-11-30,-3.2258
2010-12-01,5.5556
2010-12-06,-5.2632
2010-12-08,-4.4444
2010-12-10,1.1628
2010-12-13,3.4483
2010-12-14,4.4444
2010-12-16,0.0
2010-12-17,-2.1277
2010-12-20,-0.4348
2010-12-21,2.6201
2010-12-23,6.383
2010-12-29,-9.0
2010-12-30,3.2967
2010-12-31,3.1915
2011-01-04,3.0928
2011-01-06,-3.0
2011-01-10,2.8866
2011-01-12,1.2024
2011-01-13,0.0
2011-01-14,3.9604
2011-01-25,4.7619
2011-01-26,-2.7273
2011-01-27,-1.8692
2011-01-28,7.619
2011-02-01,-6.1947
2011-02-02,1.8868
2011-02-04,5.5556
2011-02-11,-5.2632
2011-02-14,5.5556
2011-02-16,-1.7544
2011-02-17,0.0
2011-02-23,6.25
2011-02-25,0.8403
2011-02-28,-4.1667
2011-03-01,-1.7391
2011-03-07,2.6549
2011-03-08,-5.1724
2011-03-10,0.0
2011-03-11,0.0
2011-03-14,3.6364
2011-03-15,-3.5088
2011-03-16,1.8182
2011-03-17,0.8929
2011-03-18,-0.885
2011-03-22,-1.7856999999999998
2011-03-23,0.1818
2011-03-28,4.5455
2011-03-30,-2.6087
2011-04-05,-1.6071
2011-04-07,1.6334
2011-04-08,0.0
2011-04-12,7.1429
2011-04-14,-10.0
2011-04-18,5.1852
2011-04-20,-4.9296
2011-04-25,1.8519
2011-04-28,3.6364
2011-05-02,-3.5088
2011-05-06,1.8182
2011-05-10,0.0
2011-05-11,1.7856999999999998
2011-05-12,0.0
2011-05-13,0.8772
2011-05-17,-4.3478
2011-05-18,4.2364
2011-05-20,-4.0642
2011-05-25,4.5455
2011-05-31,1.7391
2011-06-03,-4.1026
2011-06-10,-1.9607999999999999
2011-06-13,1.8182
2011-06-16,-1.7856999999999998
2011-06-17,0.0
2011-06-20,0.0
2011-06-21,0.0
2011-06-24,7.4681
2011-07-05,-5.9322
2011-07-06,1.8018
2011-07-07,-5.3097
2011-07-14,9.3458
2011-07-15,-8.547
2011-07-18,2.8037
2011-07-19,0.9091
2011-07-20,7.2072
2011-07-21,-1.6806999999999999
2011-07-22,-5.641
2011-07-25,0.7246
2011-08-02,-2.1583
2011-08-05,0.0
2011-08-08,-1.6543999999999999
2011-08-10,-1.8692
2011-08-11,1.9048
2011-08-16,0.0
2011-08-17,-2.8037
2011-08-22,-1.9231
2011-08-23,0.0
2011-08-24,1.9607999999999999
2011-08-25,0.0
2011-08-26,-1.9231
2011-08-29,1.9607999999999999
2011-08-31,5.7692
2011-09-02,-8.7273
2011-09-07,-0.3984
2011-09-09,-0.2
2011-09-12,0.0
2011-09-14,-9.8196
2011-09-16,-3.3333
2011-09-19,2.2989
2011-09-20,2.2472
2011-09-27,-0.8791
2011-09-28,-2.2173
2011-09-30,2.2676
2011-10-03,3.1042
2011-10-04,-0.8602
2011-10-11,6.5076
2011-10-17,1.833
2011-10-18,-9.8
2011-10-19,0.0
2011-10-21,0.0
2011-10-24,4.2129
2011-10-28,-4.0426
2011-11-02,-4.6563
2011-11-08,0.0
2011-11-11,2.3256
2011-11-14,0.0
2011-11-16,-3.4091
2011-11-18,0.0
2011-11-22,-3.5294
2011-11-23,3.6585
2011-11-28,0.0
2011-11-29,5.8824
2011-12-02,-5.5556
2011-12-05,0.0
2011-12-07,0.0
2011-12-08,0.0
2011-12-09,0.0
2011-12-12,-5.8824
2011-12-13,1.25
2011-12-14,-1.2346
2011-12-15,-12.0
2011-12-16,8.806799999999999
2011-12-19,4.4386
2011-12-21,6.25
2011-12-22,-11.7647
2011-12-27,-6.4
2011-12-28,2.849
2011-12-29,9.4183
2011-12-30,0.0
2012-01-03,0.0
2012-01-05,-5.0633
2012-01-19,4.8
2012-01-24,1.7812000000000001
2012-01-27,5.5
2012-01-30,-5.2133
2012-01-31,6.25
2012-02-01,2.3529
2012-02-03,-4.5977
2012-02-14,0.4819
2012-02-15,0.0
2012-02-21,4.3165
2012-02-22,-4.1379
2012-02-23,2.3981
2012-02-24,-2.8103
2012-02-27,-3.6145
2012-02-28,3.75
2012-02-29,2.4096
2012-03-02,0.0
2012-03-09,5.8824
2012-03-13,-9.5556
2012-03-14,8.1081
2012-03-15,2.2727
2012-03-16,-7.1111
2012-03-19,7.6555
2012-03-21,-2.2222
2012-03-26,1.1364
2012-03-30,1.1236
2012-04-03,0.0
2012-04-11,0.0
2012-04-16,0.0
2012-04-18,0.0
2012-04-19,0.0
2012-04-23,-5.5556
2012-04-24,5.8824
2012-04-30,-3.3333
2012-05-01,1.6092
2012-05-02,-1.5836999999999999
2012-05-03,3.4483
2012-05-07,-1.7778
2012-05-16,1.81
2012-05-17,0.0
2012-05-23,77.7778
2012-05-24,-46.875
2012-06-06,17.647100000000002
2012-06-08,-9.0
2012-06-13,-3.2967
2012-06-15,2.2727
2012-06-19,0.0
2012-06-25,0.0
2012-07-02,0.0
2012-07-09,0.0
2012-07-10,0.0
2012-07-12,-3.3333
2012-07-16,0.0
2012-07-19,9.1954
2012-07-20,1.0526
2012-07-23,1.0417
2012-07-27,-11.3402
2012-08-01,1.1628
2012-08-03,0.0
2012-08-09,3.4483
2012-08-10,0.0
2012-08-13,0.0
2012-08-14,7.7778
2012-08-15,-0.4124
2012-08-16,3.1056
2012-08-21,-12.6506
2012-08-22,0.0
2012-08-23,3.4483
2012-08-24,5.3333
2012-08-27,0.211
2012-08-30,3.1579
2012-09-04,2.0408
2012-09-05,-2.4
2012-09-07,-7.7869
2012-09-10,3.3333
2012-09-12,-3.2258
2012-09-13,3.3333
2012-09-14,0.0
2012-09-27,3.2258
2012-09-28,-3.125
2012-10-02,-4.3011
2012-10-04,6.7416
2012-10-12,5.2632
2012-10-15,1.6
2012-10-16,-1.5748
2012-10-17,2.0
2012-10-18,-2.549
2012-11-02,10.664
2012-11-05,-1.8182
2012-11-06,2.7778
2012-11-12,-2.7027
2012-11-13,2.7778
2012-11-14,5.4054
2012-11-16,1.7094
2012-11-19,1.6806999999999999
2012-11-20,0.8264
2012-11-21,2.459
2012-11-23,-3.2
2012-11-26,2.4793
2012-11-27,-3.2258
2012-12-05,5.0
2012-12-10,-4.7619
2012-12-11,1.6667
2012-12-13,2.459
2012-12-18,0.0
2012-12-19,0.0
2012-12-20,0.0
2012-12-21,0.0
2012-12-26,-15.84
2012-12-27,7.4144
2012-12-28,-1.7699
2012-12-31,0.9009
2013-01-02,1.7856999999999998
2013-01-04,-3.5088
2013-01-08,8.1818
2013-01-09,0.8403
2013-01-14,5.8333
2013-01-15,-10.8661
2013-01-16,12.1908
2013-01-23,0.0
2013-02-01,-1.5748
2013-02-04,-6.4
2013-02-11,6.8376
2013-02-12,0.0
2013-02-13,0.0
2013-02-19,-4.0
2013-02-20,-0.8333
2013-02-25,0.5042
2013-02-26,0.3344
2013-03-01,-3.3333
2013-03-04,2.5862
2013-03-05,-0.8403
2013-03-07,0.8475
2013-03-08,0.8403
2013-03-11,0.8333
2013-03-12,-0.8264
2013-03-13,1.6667
2013-03-14,-3.6066000000000003
2013-03-15,0.1701
2013-03-18,0.8489
2013-03-19,0.5051
2013-03-20,0.5025
2013-03-21,0.0
2013-03-22,0.0
2013-03-26,0.0
2013-04-01,-1.5
2013-04-02,-0.846
2013-04-04,0.0
2013-04-05,2.2184
2013-04-09,-1.5025
2013-04-10,0.0
2013-04-16,1.5253999999999999
2013-04-19,-2.8381
2013-04-22,9.1065
2013-04-23,-1.4173
2013-04-25,3.8339
2013-04-26,10.0
2013-04-29,-0.6993
2013-04-30,-0.1408
2013-05-03,-1.2694
2013-05-08,0.5747
2013-05-13,0.0
2013-05-14,1.4285999999999999
2013-05-17,1.4085
2013-05-20,-2.7778
2013-05-21,2.8571
2013-05-22,1.3889
2013-05-24,-1.3699
2013-06-04,0.2778
2013-06-17,1.108
2013-06-18,-3.8356
2013-06-19,0.0
2013-06-20,1.4245
2013-06-25,-1.6854
2013-07-01,5.0
2013-07-02,1.3605
2013-07-08,-7.3826
2013-07-09,0.0
2013-07-11,0.0
2013-07-15,9.4203
2013-07-22,-3.4621
2013-07-23,5.5172
2013-07-25,-4.3268
2013-07-26,5.4106
2013-07-29,0.324
2013-07-30,0.0
2013-08-01,-0.5168
2013-08-05,-2.5974
2013-08-06,2.6667
2013-08-08,-2.5974
2013-08-12,0.0
2013-08-15,-0.1333
2013-08-22,-1.2016
2013-08-23,2.4324
2013-09-03,-3.0343
2013-09-04,4.0816
2013-09-06,-3.9215999999999998
2013-09-09,0.8163
2013-09-11,-2.1592000000000002
2013-09-13,2.069
2013-09-18,-2.5676
2013-09-23,-2.2191
2013-09-24,2.8369
2013-10-01,-1.3793
2013-10-02,0.0
2013-10-03,-2.0979
2013-10-07,0.0
2013-10-08,0.0
2013-10-09,2.1429
2013-10-10,-2.0979
2013-10-11,1.1429
2013-10-14,-1.1299
2013-10-15,0.0
2013-10-16,-2.1429
2013-10-23,0.5874
2013-10-24,-1.4599
2013-10-25,0.7407
2013-10-28,2.2059
2013-10-29,-1.4388
2013-10-30,-0.292
2013-10-31,0.2928
2013-11-01,1.4599
2013-11-04,0.7194
2013-11-12,0.0
2013-11-13,0.0
2013-11-15,0.0
2013-11-18,-1.4285999999999999
2013-11-20,-0.7246
2013-11-21,2.1898
2013-11-22,0.0
2013-11-25,0.7143
2013-11-26,0.0
2013-11-27,1.4184
2013-12-02,1.3986
2013-12-03,-4.8276
2013-12-04,5.0725
2013-12-05,-2.7586
2013-12-06,2.1277
2013-12-09,1.3889
2013-12-13,0.6849
2013-12-16,0.0
2013-12-17,2.0408
2013-12-19,-3.3333
2013-12-23,1.3793
2013-12-26,-1.3605
2013-12-31,1.3793
2014-01-03,-2.7211
2014-01-07,1.3986
2014-01-10,-0.6897
2014-01-15,2.0833
2014-01-22,-2.449
2014-01-23,3.1032
2014-01-24,-2.0408
2014-01-27,0.0
2014-01-28,2.7778
2014-01-30,-0.6757
2014-01-31,-2.585
2014-02-03,1.3966
2014-02-05,1.6529
2014-02-06,0.553
2014-02-07,1.0671
2014-02-10,2.6667
2014-02-12,0.0
2014-02-18,0.0
2014-02-21,0.0
2014-03-12,2.5974
2014-03-13,-5.0633
2014-03-14,6.0
2014-03-24,-0.6289
2014-03-25,0.0
2014-03-28,-0.6329
2014-03-31,1.2739
2014-04-02,0.0
2014-04-07,0.0
2014-04-08,-1.2579
2014-04-10,-5.7325
2014-04-15,2.7027
2014-04-21,-0.7608
2014-04-22,-3.3333
2014-04-23,-2.069
2014-04-24,0.7042
2014-04-25,-2.0979
2014-04-28,4.2857
2014-04-29,0.6849
2014-05-01,1.3605
2014-05-05,2.0134
2014-05-06,0.0
2014-05-08,1.3158
2014-05-13,1.5584
2014-05-14,-7.289
2014-05-19,0.0
2014-05-21,3.4483
2014-05-22,0.0
2014-05-23,1.3333
2014-05-27,-1.3158
2014-05-28,1.3333
2014-05-29,-0.7895
2014-05-30,2.122
2014-06-12,2.8571
2014-06-13,0.3788
2014-06-17,0.0
2014-06-19,-0.1258
2014-06-20,-0.5038
2014-06-26,0.0
2014-06-27,0.8861
2014-07-02,0.3764
2014-07-03,-3.125
2014-07-09,3.2258
2014-07-15,-1.25
2014-07-16,-3.1646
2014-07-23,5.1594
2014-07-24,0.0
2014-08-08,1.875
2014-08-11,1.227
2014-08-12,-0.1212
2014-08-13,0.1214
2014-08-14,1.2121
2014-08-15,-0.5988
2014-08-29,0.0
2014-09-05,-3.4939999999999998
2014-09-08,1.8727
2014-09-11,1.1029
2014-09-15,-3.0303
2014-09-17,3.125
2014-09-29,0.0
2014-10-09,0.0
2014-10-16,-1.2121
2014-10-21,0.6135
2014-10-22,0.0
2014-10-23,0.5183
2014-10-28,0.0
2014-10-29,0.0
2014-11-03,-0.3659
2014-11-04,-1.4687999999999999
2014-11-07,1.8634
2014-11-11,0.0
2014-11-12,0.0
2014-11-13,0.0
2014-11-18,1.8293
2014-11-24,-1.1976
2014-11-26,0.0
2014-11-28,0.0
2014-12-02,-2.4242
2014-12-04,0.0
2014-12-05,0.0
2014-12-10,2.4845
2014-12-11,-2.4242
2014-12-12,3.1056
2014-12-17,-2.1687
2014-12-19,-0.8621
2014-12-22,0.0
2014-12-23,2.4845
2014-12-24,0.0
2014-12-29,-3.0303
2014-12-30,1.875
2015-01-05,-0.6135
2015-01-08,0.0
2015-01-09,-1.8519
2015-01-12,0.6289
2015-01-13,-0.375
2015-01-22,-0.0941
2015-01-26,0.1264
2015-02-02,2.904
2015-02-03,0.6135
2015-02-10,1.8293
2015-02-11,0.0
2015-02-12,-1.1976
2015-02-17,-3.9697
2015-02-18,6.0271
2015-02-19,1.0714
2015-02-20,-1.649
2015-02-24,-0.5988
2015-03-02,0.0
2015-03-03,-0.6024
2015-03-06,6.6667
2015-03-09,-6.3636
2015-03-11,-0.4854
2015-03-13,0.0
2015-03-16,0.0
2015-03-18,0.122
2015-03-23,0.0
2015-03-26,0.0
2015-03-31,-2.3143000000000002
2015-04-01,-3.1172
2015-04-02,-0.6435
2015-04-07,0.0
2015-04-08,0.5181
2015-04-09,4.3814
2015-04-16,-1.2346
2015-04-20,1.25
2015-04-28,0.6524
2015-05-01,1.8519
2015-05-08,-0.6061
2015-05-11,-2.3171
2015-05-14,-0.9988
2015-05-15,-0.7566
2015-05-28,-3.4307
2015-05-29,0.0
2015-06-01,0.0
2015-06-02,0.0
2015-06-05,1.9737
2015-06-09,-3.2258
2015-06-10,0.0
2015-06-11,1.3333
2015-06-12,1.9737
2015-06-15,1.2903
2015-06-16,-4.4586
2015-06-17,0.0
2015-06-19,0.0
2015-06-23,6.5333
2015-06-24,-7.3842
2015-06-25,3.3784
2015-06-29,-3.268
2015-07-01,1.3514
2015-07-02,2.0
2015-07-07,-2.7451
2015-07-08,-1.2097
2015-07-09,0.4082
2015-07-13,-1.084
2015-07-16,0.5479
2015-07-17,0.1362
2015-07-20,-0.1361
2015-07-21,-0.545
2015-07-22,0.7192
2015-07-27,1.3699
2015-07-30,-1.3514
2015-07-31,1.3699
2015-08-04,-1.3514
2015-08-05,0.0
2015-08-11,0.0
2015-08-12,-0.6849
2015-08-13,0.6897
2015-08-17,2.0548
2015-08-19,0.0
2015-08-20,-0.6711
2015-08-21,3.2432
2015-08-24,-5.1047
2015-08-25,0.6897
2015-08-26,1.3699
2015-08-27,1.3514
2015-08-28,-3.3333
2015-09-01,2.3448
2015-09-08,-0.2695
2015-09-09,1.2162
2015-09-11,-3.2043
2015-09-14,1.3793
2015-09-15,-0.6803
2015-09-16,-0.6849
2015-09-17,-0.6897
2015-09-18,0.6944
2015-09-21,0.0
2015-09-22,0.0
2015-09-25,-0.5517
2015-09-28,0.5548
2015-09-30,0.0
2015-10-06,-0.6897
2015-10-07,2.6389
2015-10-08,-1.8944999999999999
2015-10-09,4.6897
2015-10-16,0.7905
2015-10-19,-0.1307
2015-10-20,0.0
2015-10-22,0.6872
2015-10-23,1.3089
2015-10-28,0.646
2015-10-30,-0.5135
2015-11-02,1.5484
2015-11-04,-4.5743
2015-11-06,3.8615
2015-11-09,-0.1266
2015-11-10,0.7686
2015-11-11,0.6369
2015-11-13,-1.2658
2015-11-16,0.0
2015-11-17,0.0
2015-11-18,1.2821
2015-11-19,0.0
2015-11-25,-0.1266
2015-11-30,-0.507
2015-12-01,0.0
2015-12-03,-0.3822
2015-12-04,0.3836
2015-12-07,1.9108
2015-12-08,0.0
2015-12-09,0.0
2015-12-10,1.25
2015-12-14,-0.6173
2015-12-15,0.5714
2015-12-17,-0.1976
2015-12-18,7.6733
2015-12-28,0.5747
2015-12-29,-1.7143000000000002
2016-01-07,-1.1628
2016-01-11,2.9412000000000003
2016-01-12,-2.8571
2016-01-13,0.0
2016-01-21,6.3529
2016-01-25,0.1114
2016-01-26,-5.4505
2016-01-29,3.1176
2016-02-02,-3.0234
2016-02-08,0.0
2016-02-11,1.1764999999999999
2016-02-12,-1.1628
2016-02-16,5.8824
2016-02-17,3.3333
2016-02-18,-3.2258
2016-02-24,5.5556
2016-02-25,0.4211
2016-02-26,0.1048
2016-02-29,-2.7225
2016-03-01,-3.1216
2016-03-02,-1.0
2016-03-04,-1.908
2016-03-08,-1.0297
2016-03-10,3.815
2016-03-11,0.0
2016-03-15,-4.2316
2016-03-17,0.0
2016-03-23,2.3256
2016-03-24,-2.2727
2016-03-28,-0.814
2016-03-31,3.7515
2016-04-01,-2.8249
2016-04-05,0.0
2016-04-06,0.0
2016-04-08,1.7442
2016-04-13,-1.6
2016-04-19,1.3937
2016-04-20,0.2656
2016-04-26,0.6535
2016-04-28,0.0
2016-04-29,4.0
2016-05-03,0.0
2016-05-05,4.3956
2016-05-06,0.0
2016-05-11,0.0
2016-05-18,-2.6316
2016-05-20,-2.5946
2016-05-23,0.0
2016-05-24,-0.111
2016-05-25,0.0
2016-05-26,-0.1111
2016-05-27,-4.6719
2016-06-06,2.6837999999999997
2016-06-09,0.5682
2016-06-10,2.9379
2016-06-14,-0.6586
2016-06-15,-0.5525
2016-06-17,0.0
2016-06-22,-3.3333
2016-06-27,-2.2989
2016-06-29,0.4706
2016-06-30,0.1171
2016-07-15,5.1462
2016-07-28,0.7283
2016-08-01,0.1112
2016-08-03,0.0
2016-08-04,-2.7778
2016-08-05,-0.5714
2016-08-12,0.5747
2016-08-15,0.0
2016-08-16,-1.6
2016-08-19,1.626
2016-08-22,-1.9428999999999998
2016-08-23,1.3986
2016-08-29,0.0
2016-08-30,-0.5747
2016-09-06,1.7341
2016-09-07,-1.7045
2016-09-08,-0.9249
2016-09-09,0.0
2016-09-12,0.0
2016-09-13,-0.1167
2016-09-15,-1.1682
2016-09-16,0.4728
2016-09-19,-0.5882
2016-09-20,2.3669000000000002
2016-09-22,-0.3468
2016-09-23,0.348
2016-09-28,0.0
2016-09-30,-0.4624
2016-10-04,0.3484
2016-10-05,0.1157
2016-10-10,2.659
2016-10-11,-5.4054
2016-10-12,0.5952
2016-10-13,0.0
2016-10-14,0.7101
2016-10-17,-1.2926
2016-10-18,1.1905000000000001
2016-10-19,0.0
2016-10-20,0.0
2016-10-26,1.9561
2016-10-28,1.7442
2016-11-03,-2.6286
2016-11-04,0.939
2016-11-07,-1.7442
2016-11-08,1.6568
2016-11-09,-0.4657
2016-11-10,1.1696
2016-11-11,0.0
2016-11-14,0.9249
2016-11-15,-0.2291
2016-11-17,0.4592
2016-11-21,-0.3429
2016-11-22,0.344
2016-11-23,1.2570999999999999
2016-11-28,-0.6772
2016-11-29,-0.5682
2016-11-30,0.5714
2016-12-05,0.0
2016-12-07,1.9318
2016-12-08,2.4526
2016-12-09,-2.6115
2016-12-12,0.5587
2016-12-13,2.1111
2016-12-15,-0.4353
2016-12-19,-0.5464
2016-12-20,0.0
2016-12-22,-0.989
2016-12-27,2.6637
2016-12-28,2.0541
2016-12-29,0.1059
2016-12-30,1.0582
2017-01-03,3.9791
2017-01-04,-0.3021
2017-01-05,-2.5253
2017-01-06,-3.1088
2017-01-10,1.0695000000000001
2017-01-11,3.1746
2017-01-17,2.0513
2017-01-20,1.1558
2017-01-23,2.4
2017-01-25,-4.2969
2017-01-26,1.5306
2017-01-31,2.5126
2017-02-01,-1.4706000000000001
2017-02-02,3.4826
2017-02-08,-1.4423
2017-02-09,4.878
2017-02-10,-2.3256
2017-02-13,0.9524
2017-02-14,-2.8302
2017-02-15,2.9126
2017-02-16,1.4151
2017-02-17,0.0
2017-02-21,0.0
2017-02-24,1.8605
2017-02-27,0.0
2017-03-01,0.4566
2017-03-03,1.8182
2017-03-07,-0.8929
2017-03-15,0.9009
2017-03-16,0.0
2017-03-21,0.0
2017-03-22,-0.8929
2017-03-28,0.0
2017-03-29,0.0
2017-03-31,-0.0901
2017-04-03,-1.2624
2017-04-05,2.2831
2017-04-10,-0.4464
2017-04-11,-1.3453
2017-04-12,-3.6364
2017-04-13,2.6414999999999997
2017-04-18,-1.1949
2017-04-19,2.3256
2017-04-20,0.5909
2017-04-21,1.8182
2017-04-24,-1.7856999999999998
2017-04-26,-0.9091
2017-04-27,2.7523
2017-05-01,-8.482099999999999
2017-05-03,3.4146
2017-05-05,1.8868
2017-05-08,-2.7778
2017-05-09,2.3810000000000002
2017-05-11,-2.3256
2017-05-12,0.9524
2017-05-16,3.7736
2017-05-17,-4.2727
2017-05-18,4.3685
2017-05-26,-0.9099
2017-06-01,-1.1019
2017-06-02,1.1142
2017-06-05,-1.2856
2017-06-07,-0.8372
2017-06-08,-1.97
2017-06-09,1.4354
2017-06-12,-1.3208
2017-06-13,1.8164
2017-06-16,0.4695
2017-06-20,0.0
2017-06-21,2.8037
2017-06-22,0.0
2017-06-23,-0.9091
2017-06-27,0.9174
2017-06-29,-2.0909
2017-07-03,0.9285
2017-07-05,-0.828
2017-07-06,1.9481000000000002
2017-07-10,0.546
2017-07-11,-0.4525
2017-07-13,0.9091
2017-07-14,0.4505
2017-07-24,0.6318
2017-07-25,0.4484
2017-07-26,0.0
2017-07-27,3.5714
2017-07-28,0.0
2017-08-01,0.0
2017-08-02,2.5862
2017-08-03,0.2521
2017-08-07,0.0
2017-08-08,0.1676
2017-08-09,0.4184
2017-08-11,-0.0833
2017-08-14,-0.1751
2017-08-15,-1.4955
2017-08-16,0.0848
2017-08-29,1.6949
2017-08-30,0.0
2017-08-31,0.0
2017-09-01,0.0
2017-09-05,7.9167
2017-09-06,-1.5444
2017-09-07,0.0
2017-09-11,0.0
2017-09-13,-0.3922
2017-09-14,-1.1811
2017-09-15,0.0
2017-09-18,-1.1952
2017-09-21,1.2097
2017-09-22,0.1594
2017-09-25,0.0
2017-09-26,0.0
2017-09-27,0.2387
2017-09-28,-0.2302
2017-10-03,1.0262
2017-10-05,-0.7874
2017-10-06,0.7937
2017-10-11,0.0
2017-10-12,0.3937
2017-10-16,-0.3922
2017-10-20,0.7874
2017-10-25,0.1571
2017-10-26,0.3922
2017-11-03,0.3906
2017-11-08,0.0
2017-11-09,0.0
2017-11-14,1.0895
2017-11-15,0.0
2017-11-16,-1.4627
2017-11-17,0.8594
2017-11-20,0.3098
2017-11-21,0.0772
2017-11-27,0.3086
2017-11-29,0.0769
2017-11-30,1.7679
2017-12-01,-0.3021
2017-12-05,0.3788
2017-12-07,0.566
2017-12-12,0.0375
2017-12-13,1.2753
2017-12-18,0.0
2017-12-19,0.0
2017-12-20,0.8148
2017-12-21,3.6003
2017-12-22,1.7730000000000001
2017-12-28,-0.6969
2018-01-05,-0.7018
2018-01-08,0.2827
2018-01-10,-0.2819
2018-01-11,1.0601
2018-01-16,0.0
2018-01-19,-0.3497
2018-01-22,0.9474
2018-01-24,-0.1048
2018-01-25,0.6993
2018-01-26,0.0
2018-01-31,0.3472
2018-02-01,0.0
2018-02-06,0.346
2018-02-07,1.3793
2018-02-08,-0.6803
2018-02-09,-1.5068000000000001
2018-02-12,2.2253
2018-02-13,0.0
2018-02-15,-2.3810000000000002
2018-02-16,2.7178
2018-02-21,0.0678
2018-02-22,0.678
2018-02-23,0.6734
2018-02-26,0.3344
2018-02-28,0.6667
2018-03-05,-0.6623
2018-03-06,1.6667
2018-03-09,0.3279
2018-03-12,0.0
2018-03-13,-0.1307
2018-03-14,0.0654
2018-03-19,1.308
2018-03-20,0.0
2018-03-26,0.0646
2018-03-27,0.0
2018-03-28,-1.6129
2018-03-29,0.3279
2018-04-02,-0.3268
2018-04-04,0.3279
2018-04-05,-0.5882
2018-04-10,0.263
2018-04-11,9.5082
2018-04-18,-4.7904
2018-04-23,0.4422
2018-04-24,-1.2579
2018-05-01,-0.8917
2018-05-03,-0.3856
2018-05-07,-1.6129
2018-05-09,-0.2623
2018-05-10,-0.0657
2018-05-11,4.6711
2018-05-14,-2.577
2018-05-15,0.0
2018-05-16,-2.4516
2018-05-17,1.1905000000000001
2018-05-24,0.0
2018-05-25,-1.2418
2018-05-29,0.2647
2018-05-30,0.0
2018-05-31,-0.3234
2018-06-01,-0.0066
2018-06-04,0.9934
2018-06-05,-0.3279
2018-06-07,-0.6579
2018-06-08,0.6623
2018-06-11,0.0
2018-06-13,1.3158
2018-06-14,3.1818
2018-06-21,-2.4544
2018-06-26,0.0
2018-06-28,-0.3226
2018-07-09,0.9709
2018-07-10,0.9615
2018-07-11,-0.0635
2018-07-12,0.0
2018-07-16,-1.5248
2018-07-17,-2.2580999999999998
2018-07-18,0.0
2018-07-19,0.0
2018-07-20,0.0
2018-07-25,0.3448
2018-07-26,1.7711000000000001
2018-08-01,0.0
2018-08-02,-0.961
2018-08-03,1.2982
2018-08-07,-1.2945
2018-08-08,0.1311
2018-08-09,0.1965
2018-08-13,0.0
2018-08-14,0.3268
2018-08-15,-0.9642
2018-08-16,0.9736
2018-08-21,-0.3257
2018-08-23,0.3922
2018-08-27,-0.0651
2018-08-28,-0.9772
2018-08-29,-0.3289
2018-09-04,0.33
2018-09-05,-0.3289
2018-09-11,0.0
2018-09-13,0.33
2018-09-14,0.0
2018-09-17,-0.3289
2018-09-18,0.0
2018-09-20,0.0
2018-09-21,0.33
2018-09-24,-0.3289
2018-09-25,-0.6601
2018-09-26,0.0
2018-10-02,-0.3322
2018-10-03,0.0
2018-10-05,-0.6667
2018-10-10,0.0
2018-10-11,0.0
2018-10-12,-1.0067
2018-10-15,0.0
2018-10-16,0.6102
2018-10-17,-0.1011
2018-10-18,-0.5059
2018-10-19,0.1356
2018-10-22,-0.677
2018-10-23,0.6817
2018-10-25,-0.3401
2018-10-26,-0.6137
2018-10-30,-0.4128
2018-11-01,-0.1379
2018-11-02,-0.3453
2018-11-09,0.4505
2018-11-12,0.0345
2018-11-13,0.0
2018-11-14,0.0
2018-11-15,0.0
2018-11-16,0.0
2018-11-20,-0.3448
2018-11-21,0.6228
2018-11-23,0.4127
2018-11-26,0.0
2018-11-28,1.0274
2018-11-29,0.0
2018-11-30,1.3559
2018-12-03,0.0
2018-12-04,-1.6722000000000001
2018-12-06,-0.8503
2018-12-07,-1.0635
2018-12-10,-0.4854
2018-12-11,1.324
2018-12-12,-1.8569
2018-12-13,0.3504
2018-12-14,-0.1397
2018-12-17,-0.3497
2018-12-19,0.0
2018-12-20,-0.2807
2018-12-26,-1.4778
2018-12-27,1.3571
2018-12-28,0.4228
2018-12-31,-1.0526
2019-01-03,0.0
2019-01-07,-0.7092
2019-01-09,0.7143
2019-01-11,0.0
2019-01-16,0.1418
2019-01-17,0.9207
2019-01-18,1.0526
2019-01-22,-0.3472
2019-01-23,0.4878
2019-01-30,2.2648
2019-01-31,0.1704
2019-02-01,0.0
2019-02-05,-1.4285999999999999
2019-02-08,0.069
2019-02-11,0.0
2019-02-12,-1.2414
2019-02-13,0.0698
2019-02-14,0.0
2019-02-19,0.1396
2019-02-20,0.3484
2019-02-25,-0.5556
2019-02-26,0.2095
2019-03-01,-0.3484
2019-03-04,-0.1399
2019-03-08,-1.9607999999999999
2019-03-11,0.0
2019-03-13,0.0
2019-03-14,0.0
2019-03-15,1.5
2019-03-19,-0.9148
2019-03-22,-0.5682
2019-03-25,0.0
2019-03-27,1.7856999999999998
2019-03-28,-1.6139999999999999
2019-03-29,0.5706
2019-04-02,0.0
2019-04-05,0.3546
2019-04-08,0.0
2019-04-09,0.0
2019-04-11,0.1413
2019-04-12,0.2117
2019-04-15,-0.2817
2019-04-16,0.0
2019-04-18,0.1412
2019-04-26,0.0709
2019-04-30,0.2125
2019-05-01,0.0707
2019-05-02,0.1412
2019-05-03,0.141
2019-05-07,-0.2817
2019-05-08,0.0
2019-05-09,-0.2825
2019-05-13,0.0
2019-05-14,0.0
2019-05-16,-0.8499
2019-05-17,0.5
2019-05-20,0.0
2019-05-22,0.2843
2019-05-23,0.2835
2019-05-30,0.0
2019-05-31,-0.636
2019-06-03,-0.3556
2019-06-07,0.0
2019-06-13,0.3569
2019-06-14,0.0711
2019-06-17,-0.3554
2019-06-18,0.0
2019-06-19,0.0
2019-06-20,0.0
2019-06-21,-1.3552
2019-06-25,0.5785
2019-06-26,0.0719
2019-07-01,0.5747
2019-07-05,0.1429
2019-07-08,0.5706
2019-07-16,0.0
2019-07-18,0.1418
2019-07-19,0.0708
2019-07-22,0.1415
2019-07-23,0.0707
2019-07-25,0.4258
2019-07-26,-0.212
2019-07-30,0.4249
2019-07-31,-0.141
2019-08-02,0.0
2019-08-06,-0.9181
2019-08-08,-0.0713
2019-08-09,0.0
2019-08-12,0.0
2019-08-13,0.0
2019-08-15,-0.8559
2019-08-16,0.0
2019-08-19,-0.3597
2019-08-20,1.083
2019-08-21,0.1429
2019-08-23,-1.2126000000000001
2019-08-26,-0.5776
2019-08-27,0.2179
2019-08-29,0.0
2019-09-05,0.0
2019-09-06,-0.2899
2019-09-09,-0.0727
2019-09-10,1.0909
2019-09-11,0.0719
2019-09-16,0.7908
2019-09-25,-0.6419
2019-09-26,-0.0718
2019-09-27,0.0718
2019-09-30,0.0
2019-10-01,-0.1436
2019-10-04,-0.3595
2019-10-08,0.3247
2019-10-09,-0.3955
2019-10-10,0.0
2019-10-11,0.0722
2019-10-14,0.6494
2019-10-17,-0.1434
2019-10-24,0.0718
2019-10-25,0.0
2019-10-30,0.4686
2019-10-31,-0.897
2019-11-01,1.3034
2019-11-04,0.0715
2019-11-06,-0.8571
2019-11-08,0.0
2019-11-11,-0.072
2019-11-12,-0.2877
2019-11-14,-0.073
2019-11-15,0.0
2019-11-18,0.0
2019-11-19,-0.4342
2019-11-21,0.6541
2019-11-22,-0.6498
2019-11-27,0.0727
2019-11-29,1.0167
2019-12-02,0.3595
2019-12-04,-0.7163
2019-12-05,-0.1443
2019-12-06,0.7225
2019-12-09,0.0
2019-12-10,-0.5022
2019-12-11,0.5047
2019-12-13,-0.2152
2019-12-16,0.2157
2019-12-17,-0.1435
2019-12-18,0.1437
2019-12-19,-0.0717
2019-12-20,0.0
2019-12-23,0.2154
2019-12-26,0.0
2019-12-27,1.0029
2019-12-31,0.0
2020-01-02,-0.3546
2020-01-03,-0.0712
2020-01-06,0.0712
2020-01-07,0.0
2020-01-08,0.0
2020-01-09,0.0
2020-01-10,0.3559
2020-01-13,0.3546
2020-01-14,-0.2827
2020-01-15,0.0283
2020-01-16,0.0425
2020-01-17,0.2125
2020-01-21,-0.212
2020-01-24,0.2125
2020-01-27,0.7067
2020-01-28,-0.9123
2020-01-29,0.2125
2020-01-30,-0.212
2020-01-31,1.3456000000000001
2020-02-07,0.0
2020-02-10,0.0
2020-02-11,0.0
2020-02-14,-0.2809
2020-02-18,0.3521
2020-02-19,-0.3509
2020-02-20,0.0
2020-02-21,0.0
2020-02-24,-0.6338
2020-02-25,-0.6371
2020-02-26,-0.0007
2020-02-27,0.0
2020-02-28,-0.6419
2020-03-03,-1.2204
2020-03-05,-1.0174
2020-03-06,-7.8561
2020-03-09,-5.0996
2020-03-10,0.3359
2020-03-11,-0.8368
2020-03-12,-1.6456
2020-03-13,0.7293
2020-03-16,-5.3663
2020-03-17,-0.045
2020-03-18,-0.9455
2020-03-20,-0.4545
2020-03-23,-15.1598
2020-03-24,-0.5382
2020-03-25,0.1082
2020-03-26,3.7838000000000003
2020-03-27,8.3333
2020-03-30,0.0
2020-03-31,0.0
2020-04-01,-6.1538
2020-04-03,-2.6639
2020-04-06,0.1053
2020-04-09,0.0
2020-04-13,4.6267
2020-04-15,0.0
2020-04-16,-3.5176
2020-04-17,0.0
2020-04-20,0.0
2020-04-21,0.5208
2020-04-23,2.0725
2020-04-27,-1.1675
2020-04-28,-0.3595
2020-04-29,3.0928
2020-05-04,0.0
2020-05-05,-2.3162
2020-05-07,3.0928
2020-05-11,-3.7
2020-05-12,1.9211
2020-05-19,2.9036999999999997
2020-05-21,0.0
2020-05-22,0.495
2020-05-26,0.4926
2020-06-03,1.4706000000000001
2020-06-04,-0.9662
2020-06-05,0.0
2020-06-08,0.3902
2020-06-16,2.0408
2020-06-18,1.4285999999999999
2020-06-19,0.0
2020-06-23,0.4695
2020-06-24,0.0
2020-06-26,-4.6729
2020-06-30,3.9215999999999998
2020-07-02,-0.4717
2020-07-07,0.4739
2020-07-08,0.0
2020-07-10,-3.3019
2020-07-13,-2.439
2020-07-14,0.5
2020-07-15,-1.4925
2020-07-16,0.5051
2020-07-21,0.5025
2020-07-27,-1.5
2020-07-28,0.0
2020-07-29,0.0
2020-07-30,-1.0152
2020-07-31,0.0
