date,CHKAQ UN Equity
2000-01-04,-8.3333
2000-01-05,-3.0303
2000-01-06,6.25
2000-01-07,-2.9412000000000003
2000-01-08,
2000-01-09,
2000-01-10,3.0303
2000-01-11,0.0
2000-01-12,-2.9412000000000003
2000-01-13,3.0303
2000-01-14,2.9412000000000003
2000-01-15,
2000-01-16,
2000-01-17,
2000-01-18,11.4286
2000-01-19,7.6923
2000-01-20,-2.3810000000000002
2000-01-21,2.439
2000-01-22,
2000-01-23,
2000-01-24,-4.7619
2000-01-25,0.0
2000-01-26,0.0
2000-01-27,0.0
2000-01-28,-2.5
2000-01-29,
2000-01-30,
2000-01-31,2.5641
2000-02-01,5.0
2000-02-02,2.3810000000000002
2000-02-03,6.9767
2000-02-04,-8.6957
2000-02-05,
2000-02-06,
2000-02-07,2.3810000000000002
2000-02-08,2.3256
2000-02-09,2.2727
2000-02-10,-2.2222
2000-02-11,0.0
2000-02-12,
2000-02-13,
2000-02-14,0.0
2000-02-15,-2.2727
2000-02-16,2.3256
2000-02-17,6.8182
2000-02-18,-2.1277
2000-02-19,
2000-02-20,
2000-02-21,
2000-02-22,-4.3478
2000-02-23,-2.2727
2000-02-24,16.2791
2000-02-25,-2.0
2000-02-26,
2000-02-27,
2000-02-28,-4.0816
2000-02-29,0.0
2000-03-01,-2.1277
2000-03-02,2.1739
2000-03-03,-4.2553
2000-03-04,
2000-03-05,
2000-03-06,0.0
2000-03-07,4.4444
2000-03-08,0.0
2000-03-09,-6.383
2000-03-10,2.2727
2000-03-11,
2000-03-12,
2000-03-13,2.2222
2000-03-14,-4.3478
2000-03-15,0.0
2000-03-16,2.2727
2000-03-17,-4.4444
2000-03-18,
2000-03-19,
2000-03-20,-2.3256
2000-03-21,-2.3810000000000002
2000-03-22,7.3171
2000-03-23,-2.2727
2000-03-24,0.0
2000-03-25,
2000-03-26,
2000-03-27,0.0
2000-03-28,2.3256
2000-03-29,0.0
2000-03-30,4.5455
2000-03-31,13.0435
2000-04-01,
2000-04-02,
2000-04-03,1.9231
2000-04-04,-11.3208
2000-04-05,6.383
2000-04-06,-4.0
2000-04-07,2.0833
2000-04-08,
2000-04-09,
2000-04-10,-4.0816
2000-04-11,2.1277
2000-04-12,2.0833
2000-04-13,2.0408
2000-04-14,-8.0
2000-04-15,
2000-04-16,
2000-04-17,8.6957
2000-04-18,0.0
2000-04-19,8.0
2000-04-20,0.0
2000-04-21,
2000-04-22,
2000-04-23,
2000-04-24,1.8519
2000-04-25,1.8182
2000-04-26,1.7856999999999998
2000-04-27,10.526299999999999
2000-04-28,-4.7619
2000-04-29,
2000-04-30,
2000-05-01,3.3333
2000-05-02,1.6129
2000-05-03,4.7619
2000-05-04,-4.5455
2000-05-05,1.5873
2000-05-06,
2000-05-07,
2000-05-08,6.25
2000-05-09,1.4706000000000001
2000-05-10,-2.8986
2000-05-11,1.4925
2000-05-12,0.0
2000-05-13,
2000-05-14,
2000-05-15,0.0
2000-05-16,0.0
2000-05-17,20.5882
2000-05-18,0.0
2000-05-19,0.0
2000-05-20,
2000-05-21,
2000-05-22,0.0
2000-05-23,-1.2195
2000-05-24,1.2346
2000-05-25,4.878
2000-05-26,2.3256
2000-05-27,
2000-05-28,
2000-05-29,
2000-05-30,0.0
2000-05-31,4.5455
2000-06-01,-2.1739
2000-06-02,-1.1111
2000-06-03,
2000-06-04,
2000-06-05,1.1236
2000-06-06,-1.1111
2000-06-07,-1.1236
2000-06-08,-3.4091
2000-06-09,0.0
2000-06-10,
2000-06-11,
2000-06-12,3.5294
2000-06-13,3.4091
2000-06-14,4.3956
2000-06-15,-1.0526
2000-06-16,3.1915
2000-06-17,
2000-06-18,
2000-06-19,0.0
2000-06-20,-3.0928
2000-06-21,4.2553
2000-06-22,4.0816
2000-06-23,4.902
2000-06-24,
2000-06-25,
2000-06-26,-2.8037
2000-06-27,0.9615
2000-06-28,2.8571
2000-06-29,2.7778
2000-06-30,11.7117
2000-07-01,
2000-07-02,
2000-07-03,4.8387
2000-07-04,
2000-07-05,-9.2308
2000-07-06,-1.6949
2000-07-07,-0.8621
2000-07-08,
2000-07-09,
2000-07-10,-4.3478
2000-07-11,7.2727
2000-07-12,-4.2373
2000-07-13,0.0
2000-07-14,-3.5398
2000-07-15,
2000-07-16,
2000-07-17,-4.5872
2000-07-18,7.6923
2000-07-19,-1.7856999999999998
2000-07-20,-0.9091
2000-07-21,-1.8349
2000-07-22,
2000-07-23,
2000-07-24,-10.2804
2000-07-25,-7.2917
2000-07-26,5.618
2000-07-27,2.1277
2000-07-28,-6.25
2000-07-29,
2000-07-30,
2000-07-31,2.2222
2000-08-01,2.1739
2000-08-02,12.766
2000-08-03,-2.8302
2000-08-04,2.9126
2000-08-05,
2000-08-06,
2000-08-07,4.717
2000-08-08,-2.7027
2000-08-09,0.9259
2000-08-10,-2.7523
2000-08-11,0.0
2000-08-12,
2000-08-13,
2000-08-14,7.5472
2000-08-15,-1.7544
2000-08-16,0.0
2000-08-17,-0.8929
2000-08-18,-0.9009
2000-08-19,
2000-08-20,
2000-08-21,3.6364
2000-08-22,-1.7544
2000-08-23,6.25
2000-08-24,-1.6806999999999999
2000-08-25,-2.5641
2000-08-26,
2000-08-27,
2000-08-28,3.5088
2000-08-29,0.0
2000-08-30,0.8475
2000-08-31,2.521
2000-09-01,2.459
2000-09-02,
2000-09-03,
2000-09-04,
2000-09-05,-2.4
2000-09-06,-0.8197
2000-09-07,3.3058
2000-09-08,-0.8
2000-09-09,
2000-09-10,
2000-09-11,0.8065
2000-09-12,0.0
2000-09-13,-1.6
2000-09-14,-4.065
2000-09-15,4.2373
2000-09-16,
2000-09-17,
2000-09-18,0.813
2000-09-19,-2.4194
2000-09-20,-2.4793
2000-09-21,-5.0847
2000-09-22,-3.5714
2000-09-23,
2000-09-24,
2000-09-25,-6.4815
2000-09-26,6.9307
2000-09-27,0.0
2000-09-28,-2.7778
2000-09-29,9.5238
2000-09-30,
2000-10-01,
2000-10-02,5.2174
2000-10-03,-1.6529
2000-10-04,-0.8403
2000-10-05,-3.3898
2000-10-06,-0.8772
2000-10-07,
2000-10-08,
2000-10-09,1.7699
2000-10-10,4.3478
2000-10-11,-0.8333
2000-10-12,0.0
2000-10-13,-5.042
2000-10-14,
2000-10-15,
2000-10-16,-5.3097
2000-10-17,0.0
2000-10-18,-2.8037
2000-10-19,1.9231
2000-10-20,0.9434
2000-10-21,
2000-10-22,
2000-10-23,0.9346
2000-10-24,-4.6296
2000-10-25,-9.7087
2000-10-26,6.4516
2000-10-27,-8.0808
2000-10-28,
2000-10-29,
2000-10-30,3.2967
2000-10-31,-4.2553
2000-11-01,7.7778
2000-11-02,-4.1237
2000-11-03,-1.0753
2000-11-04,
2000-11-05,
2000-11-06,-4.3478
2000-11-07,1.1364
2000-11-08,0.0
2000-11-09,4.4944
2000-11-10,-2.1505
2000-11-11,
2000-11-12,
2000-11-13,-1.0989
2000-11-14,5.5556
2000-11-15,5.2632
2000-11-16,-1.0
2000-11-17,-2.0202
2000-11-18,
2000-11-19,
2000-11-20,0.0
2000-11-21,7.2165
2000-11-22,1.9231
2000-11-23,
2000-11-24,-1.8868
2000-11-25,
2000-11-26,
2000-11-27,-2.8846
2000-11-28,-5.9406
2000-11-29,-3.1579
2000-11-30,1.087
2000-12-01,5.3763
2000-12-02,
2000-12-03,
2000-12-04,7.1429
2000-12-05,-2.8571
2000-12-06,5.8824
2000-12-07,0.0
2000-12-08,0.0
2000-12-09,
2000-12-10,
2000-12-11,8.3333
2000-12-12,-3.4188
2000-12-13,0.0
2000-12-14,-2.6549
2000-12-15,-1.8182
2000-12-16,
2000-12-17,
2000-12-18,5.5556
2000-12-19,-1.7544
2000-12-20,4.4643
2000-12-21,10.2564
2000-12-22,5.4264
2000-12-23,
2000-12-24,
2000-12-25,
2000-12-26,11.7647
2000-12-27,0.6579
2000-12-28,7.1895
2000-12-29,-1.2195
2000-12-30,
2000-12-31,
2001-01-01,
2001-01-02,-11.1111
2001-01-03,-1.3889
2001-01-04,-3.5211
2001-01-05,5.1095
2001-01-06,
2001-01-07,
2001-01-08,8.3333
2001-01-09,-6.4103
2001-01-10,2.0548
2001-01-11,-3.3557
2001-01-12,8.3333
2001-01-13,
2001-01-14,
2001-01-15,
2001-01-16,2.5641
2001-01-17,-9.375
2001-01-18,-2.069
2001-01-19,2.1127
2001-01-20,
2001-01-21,
2001-01-22,2.069
2001-01-23,-2.7027
2001-01-24,0.0
2001-01-25,4.1667
2001-01-26,-0.6667
2001-01-27,
2001-01-28,
2001-01-29,-3.1409
2001-01-30,-2.2173
2001-01-31,-2.2676
2001-02-01,3.0162
2001-02-02,2.2523
2001-02-03,
2001-02-04,
2001-02-05,0.4405
2001-02-06,6.1404
2001-02-07,2.9959
2001-02-08,-4.2126
2001-02-09,7.3298
2001-02-10,
2001-02-11,
2001-02-12,1.2683
2001-02-13,-3.0829
2001-02-14,0.0
2001-02-15,-2.5845000000000002
2001-02-16,0.4082
2001-02-17,
2001-02-18,
2001-02-19,
2001-02-20,1.626
2001-02-21,-4.2
2001-02-22,-1.9832999999999998
2001-02-23,-5.5378
2001-02-24,
2001-02-25,
2001-02-26,3.1567
2001-02-27,0.3279
2001-02-28,-0.6536
2001-03-01,-0.2193
2001-03-02,0.989
2001-03-03,
2001-03-04,
2001-03-05,3.482
2001-03-06,0.8412
2001-03-07,10.1147
2001-03-08,3.8826
2001-03-09,-5.1048
2001-03-10,
2001-03-11,
2001-03-12,-4.8991
2001-03-13,-2.9293
2001-03-14,-4.1623
2001-03-15,-2.9316
2001-03-16,0.6711
2001-03-17,
2001-03-18,
2001-03-19,1.7778
2001-03-20,1.4192
2001-03-21,-4.1981
2001-03-22,-3.3708
2001-03-23,3.3721
2001-03-24,
2001-03-25,
2001-03-26,-2.2497
2001-03-27,-0.2301
2001-03-28,-3.1142
2001-03-29,-2.6189999999999998
2001-03-30,8.1907
2001-03-31,
2001-04-01,
2001-04-02,-6.7797
2001-04-03,-7.2727
2001-04-04,4.9673
2001-04-05,3.9851
2001-04-06,-0.5988
2001-04-07,
2001-04-08,
2001-04-09,5.5422
2001-04-10,2.7397
2001-04-11,-3.3333
2001-04-12,3.6782
2001-04-13,
2001-04-14,
2001-04-15,
2001-04-16,0.6652
2001-04-17,-7.1586
2001-04-18,-5.2195
2001-04-19,-3.0038
2001-04-20,-1.1613
2001-04-21,
2001-04-22,
2001-04-23,3.7859
2001-04-24,-3.1447
2001-04-25,1.1688
2001-04-26,2.6958
2001-04-27,-2.75
2001-04-28,
2001-04-29,
2001-04-30,6.6838
2001-05-01,5.5422
2001-05-02,-7.6484
2001-05-03,0.1236
2001-05-04,2.3457
2001-05-05,
2001-05-06,
2001-05-07,0.8444
2001-05-08,-0.3589
2001-05-09,1.2005
2001-05-10,1.6606999999999998
2001-05-11,0.3501
2001-05-12,
2001-05-13,
2001-05-14,5.6977
2001-05-15,1.8702
2001-05-16,-2.8078
2001-05-17,1.2222
2001-05-18,-0.8782
2001-05-19,
2001-05-20,
2001-05-21,1.7719
2001-05-22,-0.6529
2001-05-23,-2.0811
2001-05-24,-2.1253
2001-05-25,-1.6
2001-05-26,
2001-05-27,
2001-05-28,
2001-05-29,-1.9744000000000002
2001-05-30,-1.6588
2001-05-31,-0.6024
2001-06-01,0.6061
2001-06-02,
2001-06-03,
2001-06-04,8.4337
2001-06-05,-3.0
2001-06-06,-4.9254999999999995
2001-06-07,-2.4096
2001-06-08,1.9752999999999998
2001-06-09,
2001-06-10,
2001-06-11,0.4843
2001-06-12,1.8072
2001-06-13,-2.9586
2001-06-14,-2.6829
2001-06-15,-1.1278
2001-06-16,
2001-06-17,
2001-06-18,-1.1407
2001-06-19,-0.7692
2001-06-20,-5.6848
2001-06-21,-3.6986
2001-06-22,-0.569
2001-06-23,
2001-06-24,
2001-06-25,-6.0086
2001-06-26,3.1963
2001-06-27,-2.0649
2001-06-28,-5.1205
2001-06-29,7.9365
2001-06-30,
2001-07-01,
2001-07-02,-5.1471
2001-07-03,-2.0155
2001-07-04,
2001-07-05,2.8481
2001-07-06,-0.9231
2001-07-07,
2001-07-08,
2001-07-09,-2.4845
2001-07-10,-2.707
2001-07-11,-1.8003
2001-07-12,-0.8333
2001-07-13,4.7059
2001-07-14,
2001-07-15,
2001-07-16,-2.0867
2001-07-17,4.5902
2001-07-18,-1.8809
2001-07-19,0.7987
2001-07-20,1.5848
2001-07-21,
2001-07-22,
2001-07-23,0.78
2001-07-24,-4.0248
2001-07-25,8.871
2001-07-26,2.2222
2001-07-27,-2.8986
2001-07-28,
2001-07-29,
2001-07-30,-0.4478
2001-07-31,-3.1484
2001-08-01,-2.9412000000000003
2001-08-02,2.0734
2001-08-03,-2.3437
2001-08-04,
2001-08-05,
2001-08-06,-3.2
2001-08-07,1.157
2001-08-08,-5.2288
2001-08-09,-2.2414
2001-08-10,1.94
2001-08-11,
2001-08-12,
2001-08-13,0.692
2001-08-14,3.4364
2001-08-15,6.4784
2001-08-16,-0.468
2001-08-17,-1.0972
2001-08-18,
2001-08-19,
2001-08-20,-3.1696
2001-08-21,-1.1457
2001-08-22,0.3311
2001-08-23,-0.165
2001-08-24,-0.1653
2001-08-25,
2001-08-26,
2001-08-27,2.3179
2001-08-28,-1.7799
2001-08-29,-1.4827
2001-08-30,0.0
2001-08-31,-0.3344
2001-09-01,
2001-09-02,
2001-09-03,
2001-09-04,2.5168
2001-09-05,-0.982
2001-09-06,2.314
2001-09-07,-2.2617
2001-09-08,
2001-09-09,
2001-09-10,2.4793
2001-09-11,
2001-09-12,
2001-09-13,
2001-09-14,
2001-09-15,
2001-09-16,
2001-09-17,0.0
2001-09-18,-9.6774
2001-09-19,-4.8214
2001-09-20,-6.1914
2001-09-21,-0.2
2001-09-22,
2001-09-23,
2001-09-24,4.4088
2001-09-25,-1.7274
2001-09-26,-2.1484
2001-09-27,1.7964
2001-09-28,10.7843
2001-09-29,
2001-09-30,
2001-10-01,-0.885
2001-10-02,-0.1786
2001-10-03,5.0089
2001-10-04,11.2436
2001-10-05,0.7657
2001-10-06,
2001-10-07,
2001-10-08,-0.6079
2001-10-09,2.1407
2001-10-10,3.2934
2001-10-11,-3.7681
2001-10-12,0.6024
2001-10-13,
2001-10-14,
2001-10-15,-2.8443
2001-10-16,6.1633
2001-10-17,-2.7576
2001-10-18,-2.8358
2001-10-19,2.6114
2001-10-20,
2001-10-21,
2001-10-22,2.3952
2001-10-23,2.0468
2001-10-24,1.4327
2001-10-25,2.8249
2001-10-26,2.0604
2001-10-27,
2001-10-28,
2001-10-29,0.1346
2001-10-30,-3.2258
2001-10-31,0.6944
2001-11-01,1.3793
2001-11-02,-7.7551
2001-11-03,
2001-11-04,
2001-11-05,-7.2271
2001-11-06,-2.8617
2001-11-07,0.982
2001-11-08,7.7796
2001-11-09,2.7068
2001-11-10,
2001-11-11,
2001-11-12,1.6105
2001-11-13,-1.4409
2001-11-14,-2.193
2001-11-15,-5.0822
2001-11-16,-2.6772
2001-11-17,
2001-11-18,
2001-11-19,0.0
2001-11-20,3.2362
2001-11-21,0.4702
2001-11-22,
2001-11-23,-1.7161
2001-11-24,
2001-11-25,
2001-11-26,-1.2698
2001-11-27,1.6077
2001-11-28,-1.1076
2001-11-29,0.8
2001-11-30,1.5873
2001-12-01,
2001-12-02,
2001-12-03,0.7813
2001-12-04,2.3256
2001-12-05,1.6667
2001-12-06,-4.769
2001-12-07,-3.7559
2001-12-08,
2001-12-09,
2001-12-10,-0.813
2001-12-11,4.2623
2001-12-12,-1.1006
2001-12-13,-3.1797
2001-12-14,0.3284
2001-12-15,
2001-12-16,
2001-12-17,0.491
2001-12-18,5.8632
2001-12-19,-2.0
2001-12-20,-1.0989
2001-12-21,4.6032
2001-12-22,
2001-12-23,
2001-12-24,1.6692
2001-12-25,
2001-12-26,-1.791
2001-12-27,-0.152
2001-12-28,3.0441
2001-12-29,
2001-12-30,
2001-12-31,-2.3634
2002-01-01,
2002-01-02,1.2103
2002-01-03,-3.2885
2002-01-04,-1.391
2002-01-05,
2002-01-06,
2002-01-07,-3.9185
2002-01-08,1.4682
2002-01-09,-1.9293
2002-01-10,-0.4918
2002-01-11,-2.4712
2002-01-12,
2002-01-13,
2002-01-14,1.3514
2002-01-15,0.5
2002-01-16,-0.4975
2002-01-17,-3.3333
2002-01-18,-2.2414
2002-01-19,
2002-01-20,
2002-01-21,
2002-01-22,-9.1711
2002-01-23,6.7961
2002-01-24,2.9091
2002-01-25,-0.1767
2002-01-26,
2002-01-27,
2002-01-28,-2.8319
2002-01-29,-3.0965
2002-01-30,3.9474
2002-01-31,6.5099
2002-02-01,-5.2632
2002-02-02,
2002-02-03,
2002-02-04,-2.8674
2002-02-05,1.6604999999999999
2002-02-06,4.3557
2002-02-07,0.8696
2002-02-08,-1.7241
2002-02-09,
2002-02-10,
2002-02-11,-2.4561
2002-02-12,-1.0791
2002-02-13,-0.9091
2002-02-14,-0.5505
2002-02-15,-1.107
2002-02-16,
2002-02-17,
2002-02-18,
2002-02-19,0.1866
2002-02-20,0.9311
2002-02-21,4.059
2002-02-22,4.4326
2002-02-23,
2002-02-24,
2002-02-25,5.2632
2002-02-26,-3.0645
2002-02-27,1.1647
2002-02-28,3.125
2002-03-01,-1.9139
2002-03-02,
2002-03-03,
2002-03-04,3.7398
2002-03-05,0.9404
2002-03-06,1.8634
2002-03-07,3.5061
2002-03-08,0.4418
2002-03-09,
2002-03-10,
2002-03-11,2.6393
2002-03-12,-1.0
2002-03-13,0.0
2002-03-14,0.8658
2002-03-15,3.5765000000000002
2002-03-16,
2002-03-17,
2002-03-18,2.0718
2002-03-19,-2.4356999999999998
2002-03-20,-1.2483
2002-03-21,0.2809
2002-03-22,-0.1401
2002-03-23,
2002-03-24,
2002-03-25,-0.4208
2002-03-26,-1.5493000000000001
2002-03-27,5.5794
2002-03-28,4.878
2002-03-29,
2002-03-30,
2002-03-31,
2002-04-01,4.1344
2002-04-02,0.9926
2002-04-03,-3.5627
2002-04-04,-0.6369
2002-04-05,-2.3077
2002-04-06,
2002-04-07,
2002-04-08,-0.3937
2002-04-09,-1.8445
2002-04-10,2.6846
2002-04-11,-0.3922
2002-04-12,-0.2625
2002-04-13,
2002-04-14,
2002-04-15,3.9474
2002-04-16,1.0127
2002-04-17,1.6291
2002-04-18,-1.7263
2002-04-19,0.8783
2002-04-20,
2002-04-21,
2002-04-22,-0.1244
2002-04-23,1.8679999999999999
2002-04-24,-1.5892
2002-04-25,3.6025
2002-04-26,1.6787
2002-04-27,
2002-04-28,
2002-04-29,-1.533
2002-04-30,2.3952
2002-05-01,0.0
2002-05-02,-2.924
2002-05-03,1.2048
2002-05-04,
2002-05-05,
2002-05-06,-6.6667
2002-05-07,-0.3827
2002-05-08,3.3291
2002-05-09,-3.7175000000000002
2002-05-10,-0.3861
2002-05-11,
2002-05-12,
2002-05-13,4.0052
2002-05-14,-0.4969
2002-05-15,-2.2472
2002-05-16,-1.0217
2002-05-17,-2.0645
2002-05-18,
2002-05-19,
2002-05-20,-0.527
2002-05-21,0.6623
2002-05-22,-0.1316
2002-05-23,-0.2635
2002-05-24,-2.2457
2002-05-25,
2002-05-26,
2002-05-27,
2002-05-28,3.6486
2002-05-29,-1.5645
2002-05-30,-4.5033
2002-05-31,4.2996
2002-06-01,
2002-06-02,
2002-06-03,-3.5904
2002-06-04,-0.9655
2002-06-05,0.2786
2002-06-06,0.4167
2002-06-07,1.1065
2002-06-08,
2002-06-09,
2002-06-10,-2.1888
2002-06-11,-0.979
2002-06-12,1.2711999999999999
2002-06-13,-2.371
2002-06-14,0.1429
2002-06-15,
2002-06-16,
2002-06-17,3.281
2002-06-18,0.8287
2002-06-19,2.3288
2002-06-20,-2.1419
2002-06-21,-0.684
2002-06-22,
2002-06-23,
2002-06-24,0.4132
2002-06-25,2.1948
2002-06-26,-3.3557
2002-06-27,1.3889
2002-06-28,-1.3699
2002-06-29,
2002-06-30,
2002-07-01,0.6944
2002-07-02,-3.8621
2002-07-03,-1.1478
2002-07-04,
2002-07-05,4.4993
2002-07-06,
2002-07-07,
2002-07-08,-3.3333
2002-07-09,0.5747
2002-07-10,-3.4286
2002-07-11,-3.4024
2002-07-12,1.8377
2002-07-13,
2002-07-14,
2002-07-15,0.3008
2002-07-16,-0.7496
2002-07-17,-0.6042
2002-07-18,-1.2158
2002-07-19,-1.8462
2002-07-20,
2002-07-21,
2002-07-22,-8.7774
2002-07-23,-10.6529
2002-07-24,15.1923
2002-07-25,-1.5025
2002-07-26,-6.7797
2002-07-27,
2002-07-28,
2002-07-29,2.9091
2002-07-30,-6.0071
2002-07-31,0.5639
2002-08-01,0.3738
2002-08-02,-1.3035
2002-08-03,
2002-08-04,
2002-08-05,-2.4528
2002-08-06,5.2224
2002-08-07,-4.5956
2002-08-08,5.7803
2002-08-09,-0.1821
2002-08-10,
2002-08-11,
2002-08-12,6.5693
2002-08-13,-6.6781
2002-08-14,3.1193
2002-08-15,3.7367
2002-08-16,1.8868
2002-08-17,
2002-08-18,
2002-08-19,0.1684
2002-08-20,-2.6891
2002-08-21,1.5544
2002-08-22,2.551
2002-08-23,-0.6633
2002-08-24,
2002-08-25,
2002-08-26,3.3388999999999998
2002-08-27,-0.6462
2002-08-28,-4.065
2002-08-29,0.8475
2002-08-30,-1.6806999999999999
2002-08-31,
2002-09-01,
2002-09-02,
2002-09-03,-1.5385
2002-09-04,5.0347
2002-09-05,-4.9587
2002-09-06,4.3478
2002-09-07,
2002-09-08,
2002-09-09,-4.0
2002-09-10,7.2917
2002-09-11,-1.2945
2002-09-12,-2.9508
2002-09-13,5.0676
2002-09-14,
2002-09-15,
2002-09-16,2.5723000000000003
2002-09-17,-0.3135
2002-09-18,1.5723
2002-09-19,-3.2508
2002-09-20,0.8
2002-09-21,
2002-09-22,
2002-09-23,2.2222
2002-09-24,-0.7764
2002-09-25,-1.0955
2002-09-26,1.8987
2002-09-27,-1.087
2002-09-28,
2002-09-29,
2002-09-30,4.1009
2002-10-01,2.2727
2002-10-02,-1.6296
2002-10-03,1.6566
2002-10-04,-0.7407
2002-10-05,
2002-10-06,
2002-10-07,-1.6418
2002-10-08,-1.3657
2002-10-09,-5.8462
2002-10-10,5.3922
2002-10-11,0.3101
2002-10-12,
2002-10-13,
2002-10-14,2.3184
2002-10-15,5.4381
2002-10-16,-1.5758999999999999
2002-10-17,1.31
2002-10-18,0.0
2002-10-19,
2002-10-20,
2002-10-21,-0.8621
2002-10-22,-3.6231999999999998
2002-10-23,2.1053
2002-10-24,-1.1782
2002-10-25,0.7452
2002-10-26,
2002-10-27,
2002-10-28,1.1834
2002-10-29,-1.6082
2002-10-30,3.2689
2002-10-31,0.4317
2002-11-01,-0.2865
2002-11-02,
2002-11-03,
2002-11-04,2.4425
2002-11-05,-3.0856
2002-11-06,0.4342
2002-11-07,-0.8646
2002-11-08,-0.5814
2002-11-09,
2002-11-10,
2002-11-11,-1.7544
2002-11-12,0.5952
2002-11-13,-3.2544
2002-11-14,1.9878
2002-11-15,-1.1994
2002-11-16,
2002-11-17,
2002-11-18,4.0971
2002-11-19,-0.7289
2002-11-20,5.2863
2002-11-21,1.9526
2002-11-22,-0.5472
2002-11-23,
2002-11-24,
2002-11-25,-0.2751
2002-11-26,-3.4483
2002-11-27,-3.5714
2002-11-28,
2002-11-29,2.6667
2002-11-30,
2002-12-01,
2002-12-02,1.8759000000000001
2002-12-03,5.8074
2002-12-04,-5.4886
2002-12-05,-0.2833
2002-12-06,1.5625
2002-12-07,
2002-12-08,
2002-12-09,-3.2168
2002-12-10,5.3468
2002-12-11,1.0974
2002-12-12,3.9349
2002-12-13,1.8277
2002-12-14,
2002-12-15,
2002-12-16,1.2821
2002-12-17,-1.7722
2002-12-18,-0.9021
2002-12-19,-1.5605
2002-12-20,2.2457
2002-12-21,
2002-12-22,
2002-12-23,2.0672
2002-12-24,0.6329
2002-12-25,
2002-12-26,1.1320999999999999
2002-12-27,-1.6169
2002-12-28,
2002-12-29,
2002-12-30,-0.5057
2002-12-31,-1.2755
2003-01-01,
2003-01-02,4.0052
2003-01-03,2.4845
2003-01-04,
2003-01-05,
2003-01-06,-2.4242
2003-01-07,-2.4845
2003-01-08,-0.6369
2003-01-09,3.8462
2003-01-10,-1.4815
2003-01-11,
2003-01-12,
2003-01-13,1.1278
2003-01-14,0.2478
2003-01-15,0.9889
2003-01-16,2.8152
2003-01-17,-0.8333
2003-01-18,
2003-01-19,
2003-01-20,
2003-01-21,-0.9604
2003-01-22,0.7273
2003-01-23,0.1203
2003-01-24,-2.7644
2003-01-25,
2003-01-26,
2003-01-27,-5.4388
2003-01-28,3.9215999999999998
2003-01-29,2.3899
2003-01-30,-0.9828
2003-01-31,0.4963
2003-02-01,
2003-02-02,
2003-02-03,0.0
2003-02-04,-0.7407
2003-02-05,-0.995
2003-02-06,0.7538
2003-02-07,0.0
2003-02-08,
2003-02-09,
2003-02-10,2.8678
2003-02-11,-0.7273
2003-02-12,-3.4188
2003-02-13,0.5057
2003-02-14,-0.3774
2003-02-15,
2003-02-16,
2003-02-17,
2003-02-18,2.904
2003-02-19,-0.6135
2003-02-20,-0.1235
2003-02-21,1.8540999999999999
2003-02-22,
2003-02-23,
2003-02-24,3.1553
2003-02-25,-4.8235
2003-02-26,0.7417
2003-02-27,0.6135
2003-02-28,-0.9756
2003-03-01,
2003-03-02,
2003-03-03,0.3695
2003-03-04,1.3497
2003-03-05,0.8475
2003-03-06,-0.3601
2003-03-07,-0.3614
2003-03-08,
2003-03-09,
2003-03-10,-0.8464
2003-03-11,-2.439
2003-03-12,-4.125
2003-03-13,-1.1734
2003-03-14,-2.3747
2003-03-15,
2003-03-16,
2003-03-17,0.9459
2003-03-18,0.8032
2003-03-19,-0.3984
2003-03-20,3.8667
2003-03-21,-1.2837
2003-03-22,
2003-03-23,
2003-03-24,-1.5605
2003-03-25,0.1321
2003-03-26,0.3958
2003-03-27,1.7083
2003-03-28,2.1964
2003-03-29,
2003-03-30,
2003-03-31,-0.2538
2003-04-01,2.4173
2003-04-02,-1.3665
2003-04-03,-2.6448
2003-04-04,-0.1294
2003-04-05,
2003-04-06,
2003-04-07,-0.7772
2003-04-08,-1.436
2003-04-09,-0.2649
2003-04-10,4.5153
2003-04-11,-0.7624
2003-04-12,
2003-04-13,
2003-04-14,-0.2561
2003-04-15,0.2567
2003-04-16,-0.7682
2003-04-17,2.9677
2003-04-18,
2003-04-19,
2003-04-20,
2003-04-21,0.6266
2003-04-22,0.1245
2003-04-23,-1.3682
2003-04-24,0.5044
2003-04-25,-1.0038
2003-04-26,
2003-04-27,
2003-04-28,0.1267
2003-04-29,1.1392
2003-04-30,0.8761
2003-05-01,1.737
2003-05-02,1.8293
2003-05-03,
2003-05-04,
2003-05-05,1.9162
2003-05-06,1.9976
2003-05-07,0.9217
2003-05-08,-0.5708
2003-05-09,3.3295
2003-05-10,
2003-05-11,
2003-05-12,0.8889
2003-05-13,3.4141
2003-05-14,3.3014
2003-05-15,2.0619
2003-05-16,-1.6162
2003-05-17,
2003-05-18,
2003-05-19,1.1294
2003-05-20,-0.6091
2003-05-21,3.7794
2003-05-22,2.3622
2003-05-23,-0.2885
2003-05-24,
2003-05-25,
2003-05-26,
2003-05-27,-0.5786
2003-05-28,-2.6188000000000002
2003-05-29,-1.3944
2003-05-30,3.1313
2003-05-31,
2003-06-01,
2003-06-02,2.9383
2003-06-03,-0.3806
2003-06-04,2.8653
2003-06-05,-0.65
2003-06-06,0.0935
2003-06-07,
2003-06-08,
2003-06-09,-1.774
2003-06-10,0.6654
2003-06-11,5.7602
2003-06-12,-3.4821
2003-06-13,-2.9602
2003-06-14,
2003-06-15,
2003-06-16,-1.0486
2003-06-17,-2.8902
2003-06-18,0.9921
2003-06-19,0.5894
2003-06-20,-1.9531
2003-06-21,
2003-06-22,
2003-06-23,-0.2988
2003-06-24,0.6993
2003-06-25,5.4563
2003-06-26,-1.5992
2003-06-27,-1.2906
2003-06-28,
2003-06-29,
2003-06-30,-1.8465
2003-07-01,-0.8911
2003-07-02,-0.8991
2003-07-03,0.7056
2003-07-04,
2003-07-05,
2003-07-06,
2003-07-07,-3.3033
2003-07-08,-1.6562999999999999
2003-07-09,3.6842
2003-07-10,-3.5533
2003-07-11,0.7368
2003-07-12,
2003-07-13,
2003-07-14,1.6719
2003-07-15,-3.9054
2003-07-16,0.3209
2003-07-17,1.3859
2003-07-18,1.5773000000000001
2003-07-19,
2003-07-20,
2003-07-21,-0.6211
2003-07-22,0.5208
2003-07-23,-3.1088
2003-07-24,-1.2833999999999999
2003-07-25,3.3586
2003-07-26,
2003-07-27,
2003-07-28,-0.3145
2003-07-29,1.7875999999999999
2003-07-30,-2.376
2003-07-31,1.2698
2003-08-01,-0.8359
2003-08-02,
2003-08-03,
2003-08-04,-1.1591
2003-08-05,0.9595
2003-08-06,4.8574
2003-08-07,4.0282
2003-08-08,-0.2904
2003-08-09,
2003-08-10,
2003-08-11,1.8447
2003-08-12,1.3346
2003-08-13,1.223
2003-08-14,-2.8810000000000002
2003-08-15,1.6268
2003-08-16,
2003-08-17,
2003-08-18,1.4123999999999999
2003-08-19,-1.857
2003-08-20,-0.0946
2003-08-21,2.5568
2003-08-22,-1.2004
2003-08-23,
2003-08-24,
2003-08-25,-1.4019
2003-08-26,-0.0948
2003-08-27,-0.4744
2003-08-28,3.7178
2003-08-29,-0.3676
2003-08-30,
2003-08-31,
2003-09-01,
2003-09-02,-2.0295
2003-09-03,0.565
2003-09-04,0.7491
2003-09-05,-0.1859
2003-09-06,
2003-09-07,
2003-09-08,0.0931
2003-09-09,-2.6047000000000002
2003-09-10,-1.6237
2003-09-11,-0.7767
2003-09-12,-0.4892
2003-09-13,
2003-09-14,
2003-09-15,0.295
2003-09-16,1.3725
2003-09-17,-2.0309
2003-09-18,-1.1846
2003-09-19,1.5984
2003-09-20,
2003-09-21,
2003-09-22,2.0649
2003-09-23,1.3487
2003-09-24,2.4715
2003-09-25,-2.5046
2003-09-26,-3.3302
2003-09-27,
2003-09-28,
2003-09-29,3.7894
2003-09-30,2.569
2003-10-01,1.7625
2003-10-02,0.0912
2003-10-03,0.0
2003-10-04,
2003-10-05,
2003-10-06,-0.2732
2003-10-07,3.0137
2003-10-08,0.1773
2003-10-09,0.177
2003-10-10,1.9435
2003-10-11,
2003-10-12,
2003-10-13,-0.26
2003-10-14,-1.1295
2003-10-15,-2.1968
2003-10-16,1.3477000000000001
2003-10-17,-0.5319
2003-10-18,
2003-10-19,
2003-10-20,-2.1390000000000002
2003-10-21,3.1875999999999998
2003-10-22,0.1765
2003-10-23,-1.7621
2003-10-24,-0.5381
2003-10-25,
2003-10-26,
2003-10-27,1.2624
2003-10-28,0.6233
2003-10-29,4.3363
2003-10-30,-1.9508
2003-10-31,3.2007
2003-11-01,
2003-11-02,
2003-11-03,-1.2572999999999999
2003-11-04,0.4244
2003-11-05,1.0989
2003-11-06,1.505
2003-11-07,0.7414
2003-11-08,
2003-11-09,
2003-11-10,0.5724
2003-11-11,-1.2195
2003-11-12,-1.8107
2003-11-13,2.85
2003-11-14,2.282
2003-11-15,
2003-11-16,
2003-11-17,-1.2749
2003-11-18,0.565
2003-11-19,-0.8828
2003-11-20,-1.6194
2003-11-21,-2.0576
2003-11-22,
2003-11-23,
2003-11-24,0.0
2003-11-25,1.2605
2003-11-26,1.6598000000000002
2003-11-27,
2003-11-28,-0.4082
2003-11-29,
2003-11-30,
2003-12-01,3.6885
2003-12-02,1.1067
2003-12-03,-3.2056
2003-12-04,4.8465
2003-12-05,-1.3096999999999999
2003-12-06,
2003-12-07,
2003-12-08,1.3271
2003-12-09,-0.7704
2003-12-10,-0.0776
2003-12-11,-0.4662
2003-12-12,2.6542
2003-12-13,
2003-12-14,
2003-12-15,-2.6616
2003-12-16,0.9375
2003-12-17,0.6966
2003-12-18,1.8447
2003-12-19,-1.1320999999999999
2003-12-20,
2003-12-21,
2003-12-22,-0.687
2003-12-23,0.1537
2003-12-24,1.6117
2003-12-25,
2003-12-26,2.4169
2003-12-27,
2003-12-28,
2003-12-29,2.8761
2003-12-30,-1.6846
2003-12-31,-0.731
2004-01-01,
2004-01-02,-1.5464
2004-01-03,
2004-01-04,
2004-01-05,2.7674
2004-01-06,-0.0728
2004-01-07,-1.1653
2004-01-08,-0.4422
2004-01-09,0.074
2004-01-10,
2004-01-11,
2004-01-12,-0.1479
2004-01-13,-0.0741
2004-01-14,-0.593
2004-01-15,-4.3251
2004-01-16,1.1691
2004-01-17,
2004-01-18,
2004-01-19,
2004-01-20,5.0847
2004-01-21,-0.8798
2004-01-22,-1.6272
2004-01-23,2.2556
2004-01-24,
2004-01-25,
2004-01-26,-2.5735
2004-01-27,-0.6038
2004-01-28,-2.8094
2004-01-29,-2.1875
2004-01-30,-0.4792
2004-01-31,
2004-02-01,
2004-02-02,-0.8828
2004-02-03,0.2429
2004-02-04,-0.4039
2004-02-05,-3.4874
2004-02-06,2.1849
2004-02-07,
2004-02-08,
2004-02-09,1.4803
2004-02-10,2.107
2004-02-11,1.6667
2004-02-12,1.4052
2004-02-13,-0.6928
2004-02-14,
2004-02-15,
2004-02-16,
2004-02-17,0.155
2004-02-18,-2.0124
2004-02-19,-1.4218
2004-02-20,-0.0801
2004-02-21,
2004-02-22,
2004-02-23,0.5613
2004-02-24,-2.5518
2004-02-25,0.2455
2004-02-26,2.449
2004-02-27,2.1514
2004-02-28,
2004-02-29,
2004-03-01,2.4961
2004-03-02,1.8265
2004-03-03,-0.5979
2004-03-04,-0.3759
2004-03-05,1.7358
2004-03-06,
2004-03-07,
2004-03-08,-3.5608
2004-03-09,1.1538
2004-03-10,-3.4981
2004-03-11,-0.3152
2004-03-12,2.3715
2004-03-13,
2004-03-14,
2004-03-15,-0.3861
2004-03-16,-1.3178
2004-03-17,3.2207
2004-03-18,-0.2283
2004-03-19,-1.9069
2004-03-20,
2004-03-21,
2004-03-22,-1.2442
2004-03-23,-1.3386
2004-03-24,-3.352
2004-03-25,2.725
2004-03-26,1.6881
2004-03-27,
2004-03-28,
2004-03-29,0.2372
2004-03-30,2.9574
2004-03-31,2.9186
2004-04-01,-0.3731
2004-04-02,0.5243
2004-04-03,
2004-04-04,
2004-04-05,0.2981
2004-04-06,-0.4458
2004-04-07,0.5224
2004-04-08,1.9302000000000001
2004-04-09,
2004-04-10,
2004-04-11,
2004-04-12,1.6023
2004-04-13,-2.2222
2004-04-14,-2.2727
2004-04-15,3.0758
2004-04-16,1.8923
2004-04-17,
2004-04-18,
2004-04-19,0.7143
2004-04-20,-1.4184
2004-04-21,-0.3597
2004-04-22,2.0939
2004-04-23,-0.3536
2004-04-24,
2004-04-25,
2004-04-26,-1.3485
2004-04-27,3.1655
2004-04-28,-0.9763
2004-04-29,-3.0282
2004-04-30,-0.1452
2004-05-01,
2004-05-02,
2004-05-03,2.2545
2004-05-04,0.0
2004-05-05,-0.4979
2004-05-06,-1.3580999999999999
2004-05-07,-1.5217
2004-05-08,
2004-05-09,
2004-05-10,-5.1508
2004-05-11,2.1722
2004-05-12,0.9112
2004-05-13,-0.7524
2004-05-14,2.5019
2004-05-15,
2004-05-16,
2004-05-17,0.4438
2004-05-18,-1.6937
2004-05-19,-1.1236
2004-05-20,1.1364
2004-05-21,-0.5993
2004-05-22,
2004-05-23,
2004-05-24,1.7332
2004-05-25,2.5926
2004-05-26,-2.2383
2004-05-27,-2.0679
2004-05-28,-0.4525
2004-05-29,
2004-05-30,
2004-05-31,
2004-06-01,2.5
2004-06-02,-1.1826
2004-06-03,-1.2715
2004-06-04,-0.5303
2004-06-05,
2004-06-06,
2004-06-07,1.8279
2004-06-08,-0.7479
2004-06-09,-1.5825
2004-06-10,3.1394
2004-06-11,
2004-06-12,
2004-06-13,
2004-06-14,0.5197
2004-06-15,2.8804
2004-06-16,3.374
2004-06-17,0.7639
2004-06-18,-0.827
2004-06-19,
2004-06-20,
2004-06-21,-1.0424
2004-06-22,1.5449000000000002
2004-06-23,2.6971
2004-06-24,-1.3468
2004-06-25,1.7065000000000001
2004-06-26,
2004-06-27,
2004-06-28,-2.6846
2004-06-29,0.5862
2004-06-30,1.238
2004-07-01,2.3098
2004-07-02,0.664
2004-07-03,
2004-07-04,
2004-07-05,
2004-07-06,1.4512
2004-07-07,0.3251
2004-07-08,-0.1944
2004-07-09,0.5195
2004-07-10,
2004-07-11,
2004-07-12,-0.5814
2004-07-13,-0.3249
2004-07-14,2.6076
2004-07-15,-0.4447
2004-07-16,2.0421
2004-07-17,
2004-07-18,
2004-07-19,-0.2502
2004-07-20,-2.3824
2004-07-21,-2.1837
2004-07-22,0.2626
2004-07-23,-0.0655
2004-07-24,
2004-07-25,
2004-07-26,-0.6553
2004-07-27,-1.5171999999999999
2004-07-28,0.5358
2004-07-29,0.0
2004-07-30,2.2652
2004-07-31,
2004-08-01,
2004-08-02,-0.9121
2004-08-03,2.0381
2004-08-04,-4.1237
2004-08-05,-3.8978
2004-08-06,-2.5874
2004-08-07,
2004-08-08,
2004-08-09,2.2254
2004-08-10,0.8427
2004-08-11,-1.4624
2004-08-12,-1.9788000000000001
2004-08-13,3.7491
2004-08-14,
2004-08-15,
2004-08-16,-1.9458
2004-08-17,-2.5514
2004-08-18,2.6182
2004-08-19,1.3466
2004-08-20,0.4196
2004-08-21,
2004-08-22,
2004-08-23,-3.3426
2004-08-24,-0.5764
2004-08-25,0.3623
2004-08-26,1.444
2004-08-27,0.5694
2004-08-28,
2004-08-29,
2004-08-30,-0.6369
2004-08-31,0.641
2004-09-01,2.7601
2004-09-02,0.8953
2004-09-03,-1.2287
2004-09-04,
2004-09-05,
2004-09-06,
2004-09-07,-0.4147
2004-09-08,1.3185
2004-09-09,3.5616
2004-09-10,-1.5873
2004-09-11,
2004-09-12,
2004-09-13,1.0753
2004-09-14,-0.0665
2004-09-15,-1.1976
2004-09-16,0.202
2004-09-17,1.6129
2004-09-18,
2004-09-19,
2004-09-20,0.5291
2004-09-21,2.8289
2004-09-22,-1.0237
2004-09-23,-0.9696
2004-09-24,2.4804
2004-09-25,
2004-09-26,
2004-09-27,0.0
2004-09-28,0.1911
2004-09-29,-0.3497
2004-09-30,1.2796
2004-10-01,1.5793
2004-10-02,
2004-10-03,
2004-10-04,0.7463
2004-10-05,1.7901
2004-10-06,2.3044000000000002
2004-10-07,-1.4819
2004-10-08,0.8424
2004-10-09,
2004-10-10,
2004-10-11,-1.5513
2004-10-12,-1.3939
2004-10-13,-4.2409
2004-10-14,1.733
2004-10-15,-0.0631
2004-10-16,
2004-10-17,
2004-10-18,-2.6515
2004-10-19,0.5188
2004-10-20,4.5161
2004-10-21,-0.1852
2004-10-22,-0.4947
2004-10-23,
2004-10-24,
2004-10-25,0.3729
2004-10-26,2.7864
2004-10-27,-2.8916
2004-10-28,-2.0471
2004-10-29,1.8366
2004-10-30,
2004-10-31,
2004-11-01,-0.4975
2004-11-02,1.5
2004-11-03,3.2635
2004-11-04,1.4908000000000001
2004-11-05,0.0588
2004-11-06,
2004-11-07,
2004-11-08,-1.879
2004-11-09,-0.4788
2004-11-10,2.4053
2004-11-11,-1.3506
2004-11-12,2.3214
2004-11-13,
2004-11-14,
2004-11-15,-1.7452
2004-11-16,-0.1184
2004-11-17,0.7113
2004-11-18,0.2354
2004-11-19,0.8221
2004-11-20,
2004-11-21,
2004-11-22,2.2132
2004-11-23,0.7977
2004-11-24,1.9220000000000002
2004-11-25,
2004-11-26,0.5546
2004-11-27,
2004-11-28,
2004-11-29,-1.1583
2004-11-30,0.4464
2004-12-01,-1.7778
2004-12-02,-5.8824
2004-12-03,0.601
2004-12-04,
2004-12-05,
2004-12-06,0.7168
2004-12-07,-3.618
2004-12-08,-1.6
2004-12-09,0.0
2004-12-10,-0.5629
2004-12-11,
2004-12-12,
2004-12-13,2.956
2004-12-14,0.7941
2004-12-15,3.1515
2004-12-16,-0.9988
2004-12-17,1.8397999999999999
2004-12-18,
2004-12-19,
2004-12-20,-0.4079
2004-12-21,-0.3511
2004-12-22,-2.6424
2004-12-23,0.4825
2004-12-24,
2004-12-25,
2004-12-26,
2004-12-27,-1.9207999999999998
2004-12-28,1.8359999999999999
2004-12-29,-0.1202
2004-12-30,-1.2335
2004-12-31,0.7941
2005-01-01,
2005-01-02,
2005-01-03,-6.2424
2005-01-04,-0.8403
2005-01-05,-0.7823
2005-01-06,2.7595
2005-01-07,-0.0639
2005-01-08,
2005-01-09,
2005-01-10,2.6871
2005-01-11,0.4984
2005-01-12,0.434
2005-01-13,0.4938
2005-01-14,1.8428
2005-01-15,
2005-01-16,
2005-01-17,
2005-01-18,1.6284999999999998
2005-01-19,-0.3561
2005-01-20,-1.0125
2005-01-21,1.444
2005-01-22,
2005-01-23,
2005-01-24,0.8304
2005-01-25,0.8235
2005-01-26,0.8168
2005-01-27,1.331
2005-01-28,-0.8567
2005-01-29,
2005-01-30,
2005-01-31,1.2097
2005-02-01,0.9106
2005-02-02,2.0305
2005-02-03,-1.4925
2005-02-04,2.2447
2005-02-05,
2005-02-06,
2005-02-07,-1.1526
2005-02-08,0.8884
2005-02-09,-0.055
2005-02-10,3.5242
2005-02-11,0.0532
2005-02-12,
2005-02-13,
2005-02-14,0.7443
2005-02-15,-0.2639
2005-02-16,3.4920999999999998
2005-02-17,-3.0675
2005-02-18,4.4831
2005-02-19,
2005-02-20,
2005-02-21,
2005-02-22,0.101
2005-02-23,1.6137000000000001
2005-02-24,0.9429
2005-02-25,6.0472
2005-02-26,
2005-02-27,
2005-02-28,0.5563
2005-03-01,-2.4896
2005-03-02,4.1135
2005-03-03,2.4069
2005-03-04,3.2373
2005-03-05,
2005-03-06,
2005-03-07,-1.1168
2005-03-08,-0.4778
2005-03-09,-1.7023000000000001
2005-03-10,-3.4192
2005-03-11,0.9655
2005-03-12,
2005-03-13,
2005-03-14,0.3188
2005-03-15,-0.7717
2005-03-16,0.183
2005-03-17,3.653
2005-03-18,0.3965
2005-03-19,
2005-03-20,
2005-03-21,-1.448
2005-03-22,-2.9386
2005-03-23,-5.0
2005-03-24,1.69
2005-03-25,
2005-03-26,
2005-03-27,
2005-03-28,1.0921
2005-03-29,-3.1
2005-03-30,1.6238000000000001
2005-03-31,4.8757
2005-04-01,2.5068
2005-04-02,
2005-04-03,
2005-04-04,0.5336
2005-04-05,-1.6806999999999999
2005-04-06,0.8097
2005-04-07,-2.8112
2005-04-08,-2.5712
2005-04-09,
2005-04-10,
2005-04-11,0.6598
2005-04-12,-2.9962999999999997
2005-04-13,-4.3436
2005-04-14,1.0594999999999999
2005-04-15,-3.3949
2005-04-16,
2005-04-17,
2005-04-18,1.0336
2005-04-19,3.5806
2005-04-20,-2.4198
2005-04-21,3.2389
2005-04-22,1.1764999999999999
2005-04-23,
2005-04-24,
2005-04-25,1.2112
2005-04-26,-1.5796999999999999
2005-04-27,-3.6965
2005-04-28,-2.9293
2005-04-29,0.1041
2005-04-30,
2005-05-01,
2005-05-02,3.8981
2005-05-03,-4.8524
2005-05-04,3.3123
2005-05-05,1.6794
2005-05-06,0.1001
2005-05-07,
2005-05-08,
2005-05-09,3.05
2005-05-10,-1.5041
2005-05-11,0.7389
2005-05-12,-5.868
2005-05-13,-4.4156
2005-05-14,
2005-05-15,
2005-05-16,-0.5435
2005-05-17,3.7705
2005-05-18,0.2633
2005-05-19,1.208
2005-05-20,0.0519
2005-05-21,
2005-05-22,
2005-05-23,2.4896
2005-05-24,0.7591
2005-05-25,-0.6027
2005-05-26,0.6569
2005-05-27,1.8574000000000002
2005-05-28,
2005-05-29,
2005-05-30,
2005-05-31,0.8871
2005-06-01,1.319
2005-06-02,1.4465
2005-06-03,-0.1901
2005-06-04,
2005-06-05,
2005-06-06,1.4285999999999999
2005-06-07,-1.7370999999999999
2005-06-08,0.7167
2005-06-09,3.1309
2005-06-10,-1.104
2005-06-11,
2005-06-12,
2005-06-13,3.4419
2005-06-14,-0.4946
2005-06-15,1.8075
2005-06-16,1.6865999999999999
2005-06-17,2.0952
2005-06-18,
2005-06-19,
2005-06-20,1.4964
2005-06-21,-3.5805
2005-06-22,0.8301
2005-06-23,1.2132
2005-06-24,-1.3699
2005-06-25,
2005-06-26,
2005-06-27,0.9115
2005-06-28,-2.2796
2005-06-29,0.9683
2005-06-30,-0.3932
2005-07-01,6.0965
2005-07-02,
2005-07-03,
2005-07-04,
2005-07-05,5.8289
2005-07-06,-1.4062999999999999
2005-07-07,0.7924
2005-07-08,-1.1792
2005-07-09,
2005-07-10,
2005-07-11,0.1989
2005-07-12,2.6598
2005-07-13,-1.7015
2005-07-14,-3.7372
2005-07-15,0.1226
2005-07-16,
2005-07-17,
2005-07-18,-1.9592
2005-07-19,3.2473
2005-07-20,0.6048
2005-07-21,-0.4008
2005-07-22,2.7364
2005-07-23,
2005-07-24,
2005-07-25,0.8617
2005-07-26,-0.1165
2005-07-27,-0.0389
2005-07-28,0.6612
2005-07-29,0.8887
2005-07-30,
2005-07-31,
2005-08-01,1.6852
2005-08-02,2.4482
2005-08-03,0.2206
2005-08-04,3.8151
2005-08-05,0.6007
2005-08-06,
2005-08-07,
2005-08-08,0.3512
2005-08-09,-0.245
2005-08-10,1.7193
2005-08-11,-0.069
2005-08-12,0.4142
2005-08-13,
2005-08-14,
2005-08-15,-2.3032
2005-08-16,-2.8501
2005-08-17,-3.151
2005-08-18,-0.5984
2005-08-19,1.7682
2005-08-20,
2005-08-21,
2005-08-22,0.8872
2005-08-23,0.4764
2005-08-24,2.9539999999999997
2005-08-25,0.8856
2005-08-26,-1.2992
2005-08-27,
2005-08-28,
2005-08-29,2.7748
2005-08-30,4.7767
2005-08-31,4.4268
2005-09-01,3.9228
2005-09-02,-3.2572
2005-09-03,
2005-09-04,
2005-09-05,
2005-09-06,2.2656
2005-09-07,1.8154
2005-09-08,-1.1182
2005-09-09,2.0171
2005-09-10,
2005-09-11,
2005-09-12,-1.9771999999999998
2005-09-13,-1.2530999999999999
2005-09-14,4.0854
2005-09-15,0.0297
2005-09-16,0.654
2005-09-17,
2005-09-18,
2005-09-19,5.6409
2005-09-20,-2.1806
2005-09-21,4.0869
2005-09-22,-1.5651000000000002
2005-09-23,-1.7572999999999999
2005-09-24,
2005-09-25,
2005-09-26,3.6911
2005-09-27,0.2464
2005-09-28,3.032
2005-09-29,2.333
2005-09-30,-0.7782
2005-10-01,
2005-10-02,
2005-10-03,1.5948
2005-10-04,-3.1909
2005-10-05,-5.6353
2005-10-06,-8.1972
2005-10-07,4.4492
2005-10-08,
2005-10-09,
2005-10-10,-4.0834
2005-10-11,5.8806
2005-10-12,-4.0208
2005-10-13,-4.3098
2005-10-14,2.6772
2005-10-15,
2005-10-16,
2005-10-17,2.6074
2005-10-18,-6.2481
2005-10-19,1.2117
2005-10-20,-6.6478
2005-10-21,-0.27
2005-10-22,
2005-10-23,
2005-10-24,3.9594
2005-10-25,5.599
2005-10-26,-0.894
2005-10-27,-3.3281
2005-10-28,1.1261
2005-10-29,
2005-10-30,
2005-10-31,2.1317
2005-11-01,-3.1153
2005-11-02,-3.3762
2005-11-03,1.5308000000000002
2005-11-04,-4.8181
2005-11-05,
2005-11-06,
2005-11-07,-2.4105
2005-11-08,0.988
2005-11-09,-1.9567
2005-11-10,-4.7398
2005-11-11,2.6188000000000002
2005-11-12,
2005-11-13,
2005-11-14,1.7135
2005-11-15,0.5376
2005-11-16,4.8128
2005-11-17,-0.2041
2005-11-18,-2.0791
2005-11-19,
2005-11-20,
2005-11-21,3.1673999999999998
2005-11-22,1.2146
2005-11-23,-3.0667
2005-11-24,
2005-11-25,1.1004
2005-11-26,
2005-11-27,
2005-11-28,-5.3061
2005-11-29,0.9698
2005-11-30,2.9882999999999997
2005-12-01,3.5233
2005-12-02,1.8352
2005-12-03,
2005-12-04,
2005-12-05,2.097
2005-12-06,0.2888
2005-12-07,-1.28
2005-12-08,1.9773
2005-12-09,-0.9854
2005-12-10,
2005-12-11,
2005-12-12,4.2376
2005-12-13,2.2174
2005-12-14,1.5969
2005-12-15,-1.0973
2005-12-16,-3.8981
2005-12-17,
2005-12-18,
2005-12-19,0.1248
2005-12-20,1.2465
2005-12-21,1.5082
2005-12-22,-1.8799000000000001
2005-12-23,-0.618
2005-12-24,
2005-12-25,
2005-12-26,
2005-12-27,-4.602
2005-12-28,2.3468
2005-12-29,0.1914
2005-12-30,1.0188
2005-12-31,
2006-01-01,
2006-01-02,
2006-01-03,3.971
2006-01-04,0.1819
2006-01-05,-2.8744
2006-01-06,0.4673
2006-01-07,
2006-01-08,
2006-01-09,-1.3023
2006-01-10,2.8589
2006-01-11,-1.405
2006-01-12,0.062
2006-01-13,0.743
2006-01-14,
2006-01-15,
2006-01-16,
2006-01-17,2.7658
2006-01-18,-2.0634
2006-01-19,1.4351
2006-01-20,0.9633
2006-01-21,
2006-01-22,
2006-01-23,-0.9839
2006-01-24,1.1442
2006-01-25,-4.1381
2006-01-26,-1.8944
2006-01-27,2.3742
2006-01-28,
2006-01-29,
2006-01-30,6.2152
2006-01-31,2.0087
2006-02-01,-2.7968
2006-02-02,-1.468
2006-02-03,0.149
2006-02-04,
2006-02-05,
2006-02-06,0.5653
2006-02-07,-6.1243
2006-02-08,-0.5043
2006-02-09,-3.6744
2006-02-10,-2.5978
2006-02-11,
2006-02-12,
2006-02-13,-3.1734999999999998
2006-02-14,0.5579
2006-02-15,0.3814
2006-02-16,2.1071
2006-02-17,0.5751
2006-02-18,
2006-02-19,
2006-02-20,
2006-02-21,3.1954
2006-02-22,-3.8462
2006-02-23,-0.5085
2006-02-24,2.2147
2006-02-25,
2006-02-26,
2006-02-27,-3.6333
2006-02-28,2.698
2006-03-01,2.4924
2006-03-02,4.1735
2006-03-03,-0.5994
2006-03-04,
2006-03-05,
2006-03-06,-3.8083
2006-03-07,-1.5177
2006-03-08,0.536
2006-03-09,-0.8997
2006-03-10,0.8742
2006-03-11,
2006-03-12,
2006-03-13,1.3333
2006-03-14,2.3355
2006-03-15,-0.0321
2006-03-16,2.0257
2006-03-17,-0.7249
2006-03-18,
2006-03-19,
2006-03-20,-4.254
2006-03-21,-1.1605
2006-03-22,1.2747
2006-03-23,1.7555
2006-03-24,1.5625
2006-03-25,
2006-03-26,
2006-03-27,0.9615
2006-03-28,0.8254
2006-03-29,1.0705
2006-03-30,-1.0903
2006-03-31,-0.9148
2006-04-01,
2006-04-02,
2006-04-03,0.5412
2006-04-04,1.1083
2006-04-05,-0.0313
2006-04-06,-0.4386
2006-04-07,-1.5733000000000001
2006-04-08,
2006-04-09,
2006-04-10,1.3107
2006-04-11,-0.1578
2006-04-12,-0.9166
2006-04-13,0.4785
2006-04-14,
2006-04-15,
2006-04-16,
2006-04-17,2.0317
2006-04-18,2.0535
2006-04-19,1.7683
2006-04-20,-1.7076
2006-04-21,1.3411
2006-04-22,
2006-04-23,
2006-04-24,-2.2556
2006-04-25,-1.1692
2006-04-26,-0.5293
2006-04-27,-1.8779
2006-04-28,1.0526
2006-04-29,
2006-04-30,
2006-05-01,1.2311
2006-05-02,4.3343
2006-05-03,-0.6874
2006-05-04,-0.8426
2006-05-05,-0.3035
2006-05-06,
2006-05-07,
2006-05-08,0.0
2006-05-09,0.6393
2006-05-10,-0.2117
2006-05-11,-0.8791
2006-05-12,-3.578
2006-05-13,
2006-05-14,
2006-05-15,-2.4737999999999998
2006-05-16,0.4228
2006-05-17,-2.9793
2006-05-18,-1.7690000000000001
2006-05-19,-0.068
2006-05-20,
2006-05-21,
2006-05-22,-0.374
2006-05-23,0.3072
2006-05-24,-1.1909
2006-05-25,3.2713
2006-05-26,0.1
2006-05-27,
2006-05-28,
2006-05-29,
2006-05-30,-0.5996
2006-05-31,2.5134
2006-06-01,0.0327
2006-06-02,0.2288
2006-06-03,
2006-06-04,
2006-06-05,-2.0215
2006-06-06,-0.0998
2006-06-07,-3.0646
2006-06-08,1.0997
2006-06-09,-1.8014999999999999
2006-06-10,
2006-06-11,
2006-06-12,-2.6653000000000002
2006-06-13,-3.9118
2006-06-14,4.9223
2006-06-15,4.6914
2006-06-16,1.1118999999999999
2006-06-17,
2006-06-18,
2006-06-19,-4.3319
2006-06-20,-0.4528
2006-06-21,2.2743
2006-06-22,-0.4105
2006-06-23,4.7063
2006-06-24,
2006-06-25,
2006-06-26,-1.8700999999999999
2006-06-27,-2.8753
2006-06-28,2.2375
2006-06-29,2.5926
2006-06-30,-0.5261
2006-07-01,
2006-07-02,
2006-07-03,1.6198000000000001
2006-07-04,
2006-07-05,-1.8216999999999999
2006-07-06,-1.1597
2006-07-07,-1.475
2006-07-08,
2006-07-09,
2006-07-10,-0.6465
2006-07-11,1.3356
2006-07-12,0.0676
2006-07-13,-1.0469
2006-07-14,0.5802
2006-07-15,
2006-07-16,
2006-07-17,-1.4591
2006-07-18,-0.3099
2006-07-19,1.1399
2006-07-20,-1.127
2006-07-21,-1.4162
2006-07-22,
2006-07-23,
2006-07-24,3.1885
2006-07-25,2.0713
2006-07-26,3.6593
2006-07-27,0.4493
2006-07-28,2.8754
2006-07-29,
2006-07-30,
2006-07-31,2.1739
2006-08-01,0.152
2006-08-02,0.7284
2006-08-03,-1.627
2006-08-04,-0.6738
2006-08-05,
2006-08-06,
2006-08-07,0.185
2006-08-08,-1.2619
2006-08-09,0.9663
2006-08-10,-0.3705
2006-08-11,-0.9916
2006-08-12,
2006-08-13,
2006-08-14,-2.2222
2006-08-15,0.8003
2006-08-16,-0.3811
2006-08-17,-0.9245
2006-08-18,0.3861
2006-08-19,
2006-08-20,
2006-08-21,0.5128
2006-08-22,1.4349
2006-08-23,-0.4087
2006-08-24,1.0101
2006-08-25,1.0
2006-08-26,
2006-08-27,
2006-08-28,-1.7946
2006-08-29,-0.189
2006-08-30,-0.3157
2006-08-31,-0.0317
2006-09-01,1.3620999999999999
2006-09-02,
2006-09-03,
2006-09-04,
2006-09-05,0.6875
2006-09-06,-2.4829
2006-09-07,-0.8912
2006-09-08,-2.7938
2006-09-09,
2006-09-10,
2006-09-11,-4.1625
2006-09-12,0.2413
2006-09-13,1.5817999999999999
2006-09-14,-1.4895
2006-09-15,-0.1718
2006-09-16,
2006-09-17,
2006-09-18,1.3425
2006-09-19,-0.8492
2006-09-20,-1.3018
2006-09-21,0.5901
2006-09-22,-0.4831
2006-09-23,
2006-09-24,
2006-09-25,-0.4854
2006-09-26,1.2195
2006-09-27,-0.5164
2006-09-28,0.6228
2006-09-29,-0.1378
2006-09-30,
2006-10-01,
2006-10-02,-0.1035
2006-10-03,-2.1762
2006-10-04,1.7654999999999998
2006-10-05,0.2776
2006-10-06,0.2076
2006-10-07,
2006-10-08,
2006-10-09,-0.518
2006-10-10,1.1454
2006-10-11,0.3432
2006-10-12,1.4022000000000001
2006-10-13,0.371
2006-10-14,
2006-10-15,
2006-10-16,3.125
2006-10-17,-0.782
2006-10-18,-0.0985
2006-10-19,1.5779
2006-10-20,-0.9709
2006-10-21,
2006-10-22,
2006-10-23,-0.7516
2006-10-24,2.5354
2006-10-25,1.7983
2006-10-26,1.1041
2006-10-27,1.092
2006-10-28,
2006-10-29,
2006-10-30,-1.2963
2006-10-31,1.4384000000000001
2006-11-01,-1.7263
2006-11-02,-0.3764
2006-11-03,1.228
2006-11-04,
2006-11-05,
2006-11-06,0.2488
2006-11-07,-1.2721
2006-11-08,2.357
2006-11-09,0.0307
2006-11-10,-0.8594
2006-11-11,
2006-11-12,
2006-11-13,-0.4644
2006-11-14,0.2799
2006-11-15,1.5819
2006-11-16,-1.9237
2006-11-17,1.2142
2006-11-18,
2006-11-19,
2006-11-20,-0.5844
2006-11-21,1.7946
2006-11-22,-0.5775
2006-11-23,
2006-11-24,-0.4891
2006-11-25,
2006-11-26,
2006-11-27,-0.2458
2006-11-28,1.4783
2006-11-29,3.1259
2006-11-30,0.1471
2006-12-01,0.1763
2006-12-02,
2006-12-03,
2006-12-04,-1.144
2006-12-05,0.178
2006-12-06,-0.0889
2006-12-07,-0.3854
2006-12-08,-4.5238
2006-12-09,
2006-12-10,
2006-12-11,-0.9352
2006-12-12,-1.5419
2006-12-13,-0.2237
2006-12-14,0.7367
2006-12-15,-0.9539
2006-12-16,
2006-12-17,
2006-12-18,-1.4445999999999999
2006-12-19,0.5537
2006-12-20,-1.2958
2006-12-21,-1.1815
2006-12-22,-1.0296
2006-12-23,
2006-12-24,
2006-12-25,
2006-12-26,-1.5772
2006-12-27,0.4773
2006-12-28,-0.1357
2006-12-29,-1.0895
2006-12-30,
2006-12-31,
2007-01-01,
2007-01-02,
2007-01-03,-4.1997
2007-01-04,-0.3953
2007-01-05,0.8297
2007-01-06,
2007-01-07,
2007-01-08,0.1073
2007-01-09,-0.2859
2007-01-10,-1.1111
2007-01-11,-1.0511
2007-01-12,2.7473
2007-01-13,
2007-01-14,
2007-01-15,
2007-01-16,-0.4278
2007-01-17,1.1815
2007-01-18,-0.4246
2007-01-19,2.914
2007-01-20,
2007-01-21,
2007-01-22,-0.1036
2007-01-23,3.2492
2007-01-24,0.3683
2007-01-25,-3.1688
2007-01-26,-0.1033
2007-01-27,
2007-01-28,
2007-01-29,-1.069
2007-01-30,2.5096
2007-01-31,0.68
2007-02-01,0.0675
2007-02-02,-0.5737
2007-02-03,
2007-02-04,
2007-02-05,0.5431
2007-02-06,-1.2492
2007-02-07,-0.3761
2007-02-08,0.9952
2007-02-09,0.6796
2007-02-10,
2007-02-11,
2007-02-12,-1.7212
2007-02-13,1.5110000000000001
2007-02-14,0.1691
2007-02-15,-0.9456
2007-02-16,1.1933
2007-02-17,
2007-02-18,
2007-02-19,
2007-02-20,-1.314
2007-02-21,0.1707
2007-02-22,0.818
2007-02-23,3.0088
2007-02-24,
2007-02-25,
2007-02-26,2.5927
2007-02-27,-2.8471
2007-02-28,0.3951
2007-03-01,-0.2296
2007-03-02,-1.7423
2007-03-03,
2007-03-04,
2007-03-05,-0.9033
2007-03-06,2.0594
2007-03-07,0.2977
2007-03-08,0.1979
2007-03-09,-0.8229
2007-03-10,
2007-03-11,
2007-03-12,-0.8297
2007-03-13,-1.6064
2007-03-14,1.5646
2007-03-15,-0.5358
2007-03-16,-0.4377
2007-03-17,
2007-03-18,
2007-03-19,2.3673
2007-03-20,0.5616
2007-03-21,0.9527
2007-03-22,-0.4881
2007-03-23,0.5886
2007-03-24,
2007-03-25,
2007-03-26,0.8127
2007-03-27,0.2257
2007-03-28,-0.0644
2007-03-29,0.1932
2007-03-30,-0.5795
2007-03-31,
2007-04-01,
2007-04-02,2.1373
2007-04-03,1.6804000000000001
2007-04-04,0.2806
2007-04-05,1.0883
2007-04-06,
2007-04-07,
2007-04-08,
2007-04-09,0.2461
2007-04-10,2.2706
2007-04-11,-0.48
2007-04-12,1.2059
2007-04-13,0.3575
2007-04-14,
2007-04-15,
2007-04-16,-0.1781
2007-04-17,-0.8623
2007-04-18,-1.5297
2007-04-19,-1.0661
2007-04-20,1.016
2007-04-21,
2007-04-22,
2007-04-23,0.3962
2007-04-24,0.2125
2007-04-25,2.2115
2007-04-26,-0.4149
2007-04-27,0.2083
2007-04-28,
2007-04-29,
2007-04-30,0.2376
2007-05-01,2.0741
2007-05-02,3.3382
2007-05-03,1.5169000000000001
2007-05-04,-1.6602000000000001
2007-05-05,
2007-05-06,
2007-05-07,0.197
2007-05-08,-0.8986
2007-05-09,-2.5503
2007-05-10,-1.3958
2007-05-11,1.1501000000000001
2007-05-12,
2007-05-13,
2007-05-14,0.6414
2007-05-15,-1.0139
2007-05-16,0.3512
2007-05-17,1.7498
2007-05-18,1.0605
2007-05-19,
2007-05-20,
2007-05-21,1.0493
2007-05-22,-1.0665
2007-05-23,-0.0284
2007-05-24,-1.7026
2007-05-25,0.7217
2007-05-26,
2007-05-27,
2007-05-28,
2007-05-29,-0.4013
2007-05-30,1.0072
2007-05-31,-0.6838
2007-06-01,0.5164
2007-06-02,
2007-06-03,
2007-06-04,3.3961
2007-06-05,0.4692
2007-06-06,-1.3736
2007-06-07,-1.9499
2007-06-08,1.0795
2007-06-09,
2007-06-10,
2007-06-11,-0.5059
2007-06-12,-0.0282
2007-06-13,2.5148
2007-06-14,1.9019
2007-06-15,0.9467
2007-06-16,
2007-06-17,
2007-06-18,0.7235
2007-06-19,-0.266
2007-06-20,-2.8274
2007-06-21,1.4274
2007-06-22,-1.9756
2007-06-23,
2007-06-24,
2007-06-25,-1.7393999999999998
2007-06-26,-2.2197
2007-06-27,1.1494
2007-06-28,-1.3423
2007-06-29,-0.1731
2007-06-30,
2007-07-01,
2007-07-02,1.4451
2007-07-03,0.5698
2007-07-04,
2007-07-05,-0.1416
2007-07-06,0.0
2007-07-07,
2007-07-08,
2007-07-09,0.0851
2007-07-10,-0.0567
2007-07-11,-0.8225
2007-07-12,1.1438
2007-07-13,2.6859
2007-07-14,
2007-07-15,
2007-07-16,-1.4317
2007-07-17,0.1955
2007-07-18,1.8679000000000001
2007-07-19,1.1494
2007-07-20,-1.2716
2007-07-21,
2007-07-22,
2007-07-23,-2.0005
2007-07-24,-4.0828
2007-07-25,0.3207
2007-07-26,-1.3659
2007-07-27,-0.4714
2007-07-28,
2007-07-29,
2007-07-30,0.7105
2007-07-31,0.0588
2007-08-01,0.9988
2007-08-02,0.7853
2007-08-03,1.5007000000000001
2007-08-04,
2007-08-05,
2007-08-06,1.6207
2007-08-07,-0.4477
2007-08-08,-0.4216
2007-08-09,-4.6853
2007-08-10,0.7403
2007-08-11,
2007-08-12,
2007-08-13,0.5291
2007-08-14,-1.9298
2007-08-15,-1.5504
2007-08-16,-1.06
2007-08-17,2.6936
2007-08-18,
2007-08-19,
2007-08-20,-1.5499
2007-08-21,-0.2422
2007-08-22,-1.3354
2007-08-23,0.6767
2007-08-24,0.9471
2007-08-25,
2007-08-26,
2007-08-27,-1.4224999999999999
2007-08-28,-2.1185
2007-08-29,-0.5332
2007-08-30,-0.0315
2007-08-31,1.7666
2007-09-01,
2007-09-02,
2007-09-03,
2007-09-04,1.7359
2007-09-05,3.2602
2007-09-06,0.2361
2007-09-07,0.0589
2007-09-08,
2007-09-09,
2007-09-10,-0.3825
2007-09-11,1.5356999999999998
2007-09-12,1.0762
2007-09-13,0.1151
2007-09-14,0.4599
2007-09-15,
2007-09-16,
2007-09-17,0.1144
2007-09-18,1.972
2007-09-19,-0.5605
2007-09-20,-0.4228
2007-09-21,0.651
2007-09-22,
2007-09-23,
2007-09-24,-1.153
2007-09-25,0.1991
2007-09-26,-1.0221
2007-09-27,1.6279
2007-09-28,-0.2828
2007-09-29,
2007-09-30,
2007-10-01,2.0987
2007-10-02,0.2222
2007-10-03,-0.7483
2007-10-04,1.7314
2007-10-05,1.2078
2007-10-06,
2007-10-07,
2007-10-08,-1.2205
2007-10-09,1.62
2007-10-10,0.3242
2007-10-11,0.1616
2007-10-12,0.8067
2007-10-13,
2007-10-14,
2007-10-15,0.8002
2007-10-16,-0.1058
2007-10-17,-0.3974
2007-10-18,2.1011
2007-10-19,-2.0578
2007-10-20,
2007-10-21,
2007-10-22,-1.0106
2007-10-23,-0.7523
2007-10-24,0.7309
2007-10-25,2.4187
2007-10-26,1.8368
2007-10-27,
2007-10-28,
2007-10-29,0.1546
2007-10-30,-1.0548
2007-10-31,2.6521
2007-11-01,-0.4053
2007-11-02,1.9074
2007-11-03,
2007-11-04,
2007-11-05,-1.0731
2007-11-06,2.5984
2007-11-07,-1.4015
2007-11-08,2.394
2007-11-09,-2.0458
2007-11-10,
2007-11-11,
2007-11-12,-3.8289
2007-11-13,1.1375
2007-11-14,-0.5624
2007-11-15,-1.6452
2007-11-16,-0.2091
2007-11-17,
2007-11-18,
2007-11-19,-1.0739
2007-11-20,0.7943
2007-11-21,-2.0489
2007-11-22,
2007-11-23,2.2526
2007-11-24,
2007-11-25,
2007-11-26,-0.813
2007-11-27,-1.1634
2007-11-28,1.5516
2007-11-29,0.079
2007-11-30,-0.3685
2007-12-01,
2007-12-02,
2007-12-03,-0.9247
2007-12-04,-0.32
2007-12-05,0.7758
2007-12-06,2.0705999999999998
2007-12-07,-0.2081
2007-12-08,
2007-12-09,
2007-12-10,0.4952
2007-12-11,-1.9969000000000001
2007-12-12,2.0376
2007-12-13,0.9855
2007-12-14,-1.8747
2007-12-15,
2007-12-16,
2007-12-17,-1.5703
2007-12-18,1.4092
2007-12-19,0.3671
2007-12-20,0.2874
2007-12-21,1.8234
2007-12-22,
2007-12-23,
2007-12-24,-0.0256
2007-12-25,
2007-12-26,0.3071
2007-12-27,-0.2041
2007-12-28,1.2206
2007-12-29,
2007-12-30,
2007-12-31,-0.8348
2008-01-01,
2008-01-02,2.0663
2008-01-03,1.2247
2008-01-04,-2.9135999999999997
2008-01-05,
2008-01-06,
2008-01-07,-0.5595
2008-01-08,-1.4066
2008-01-09,1.5305
2008-01-10,0.3832
2008-01-11,0.5854
2008-01-12,
2008-01-13,
2008-01-14,2.4291
2008-01-15,-2.3221
2008-01-16,-2.6808
2008-01-17,-4.3659
2008-01-18,1.1685
2008-01-19,
2008-01-20,
2008-01-21,
2008-01-22,-1.9876
2008-01-23,-1.3702
2008-01-24,1.556
2008-01-25,-1.2312
2008-01-26,
2008-01-27,
2008-01-28,1.2465
2008-01-29,0.9029
2008-01-30,-0.0271
2008-01-31,0.9764
2008-02-01,1.2893
2008-02-02,
2008-02-03,
2008-02-04,0.716
2008-02-05,-2.7119999999999997
2008-02-06,-0.4601
2008-02-07,1.7673
2008-02-08,3.2327
2008-02-09,
2008-02-10,
2008-02-11,6.4959
2008-02-12,0.4374
2008-02-13,2.2018
2008-02-14,1.5388
2008-02-15,0.373
2008-02-16,
2008-02-17,
2008-02-18,
2008-02-19,1.3937
2008-02-20,2.7262
2008-02-21,-1.4719
2008-02-22,0.6111
2008-02-23,
2008-02-24,
2008-02-25,3.982
2008-02-26,0.0865
2008-02-27,-1.9670999999999998
2008-02-28,1.9846
2008-02-29,-2.227
2008-03-01,
2008-03-02,
2008-03-03,1.9018000000000002
2008-03-04,0.3689
2008-03-05,0.5405
2008-03-06,-3.0753
2008-03-07,-0.7322
2008-03-08,
2008-03-09,
2008-03-10,-1.4527999999999999
2008-03-11,4.2867
2008-03-12,1.5224
2008-03-13,4.97
2008-03-14,-2.2449
2008-03-15,
2008-03-16,
2008-03-17,-4.1754
2008-03-18,4.3791
2008-03-19,-7.7228
2008-03-20,0.181
2008-03-21,
2008-03-22,
2008-03-23,
2008-03-24,1.6256
2008-03-25,3.0882
2008-03-26,2.069
2008-03-27,-2.6605
2008-03-28,-1.1551
2008-03-29,
2008-03-30,
2008-03-31,1.4285999999999999
2008-04-01,1.1051
2008-04-02,0.0643
2008-04-03,-1.9062000000000001
2008-04-04,1.3537
2008-04-05,
2008-04-06,
2008-04-07,1.3141
2008-04-08,1.9562
2008-04-09,2.1689
2008-04-10,0.0204
2008-04-11,-2.8571
2008-04-12,
2008-04-13,
2008-04-14,1.9958
2008-04-15,1.5859999999999999
2008-04-16,3.4672
2008-04-17,-3.0374
2008-04-18,1.8391
2008-04-19,
2008-04-20,
2008-04-21,2.56
2008-04-22,3.87
2008-04-23,-1.0432
2008-04-24,-2.5225999999999997
2008-04-25,5.6006
2008-04-26,
2008-04-27,
2008-04-28,-1.6094
2008-04-29,-4.5539
2008-04-30,0.6816
2008-05-01,-1.4894
2008-05-02,3.4165
2008-05-03,
2008-05-04,
2008-05-05,3.9301
2008-05-06,3.9825
2008-05-07,-1.4055
2008-05-08,0.7662
2008-05-09,0.2122
2008-05-10,
2008-05-11,
2008-05-12,-1.2529
2008-05-13,4.1101
2008-05-14,-1.8881000000000001
2008-05-15,-0.105
2008-05-16,2.9422
2008-05-17,
2008-05-18,
2008-05-19,0.2722
2008-05-20,-2.8504
2008-05-21,-2.707
2008-05-22,-2.9259
2008-05-23,-2.8291
2008-05-24,
2008-05-25,
2008-05-26,
2008-05-27,1.2179
2008-05-28,1.2972000000000001
2008-05-29,-2.9139
2008-05-30,4.7027
2008-05-31,
2008-06-01,
2008-06-02,1.5337
2008-06-03,-0.5575
2008-06-04,-2.8391
2008-06-05,4.3737
2008-06-06,3.5128
2008-06-07,
2008-06-08,
2008-06-09,3.497
2008-06-10,-2.0306
2008-06-11,1.3761
2008-06-12,-2.3127
2008-06-13,1.6641
2008-06-14,
2008-06-15,
2008-06-16,3.0375
2008-06-17,4.8149
2008-06-18,3.0312
2008-06-19,-3.8672
2008-06-20,0.8992
2008-06-21,
2008-06-22,
2008-06-23,5.9881
2008-06-24,-3.4518
2008-06-25,-2.5667999999999997
2008-06-26,-1.3643
2008-06-27,2.0111
2008-06-28,
2008-06-29,
2008-06-30,2.9177999999999997
2008-07-01,2.1225
2008-07-02,3.0285
2008-07-03,-3.7752
2008-07-04,
2008-07-05,
2008-07-06,
2008-07-07,-3.6538
2008-07-08,-4.3363
2008-07-09,-6.2226
2008-07-10,6.6875
2008-07-11,3.1504
2008-07-12,
2008-07-13,
2008-07-14,-0.8186
2008-07-15,-5.5714
2008-07-16,-4.7402999999999995
2008-07-17,-3.4057
2008-07-18,-0.749
2008-07-19,
2008-07-20,
2008-07-21,2.7793
2008-07-22,-8.4885
2008-07-23,-8.1018
2008-07-24,4.4719
2008-07-25,-1.5695000000000001
2008-07-26,
2008-07-27,
2008-07-28,1.3253
2008-07-29,-3.5765000000000002
2008-07-30,7.9907
2008-07-31,-1.5702
2008-08-01,-1.8544
2008-08-02,
2008-08-03,
2008-08-04,-8.0658
2008-08-05,-0.7293
2008-08-06,3.1389
2008-08-07,-2.6333
2008-08-08,-4.0346
2008-08-09,
2008-08-10,
2008-08-11,0.5544
2008-08-12,3.4229
2008-08-13,4.6424
2008-08-14,-1.5070999999999999
2008-08-15,-1.875
2008-08-16,
2008-08-17,
2008-08-18,-1.3397999999999999
2008-08-19,4.4524
2008-08-20,3.6231999999999998
2008-08-21,1.5836999999999999
2008-08-22,-3.523
2008-08-23,
2008-08-24,
2008-08-25,0.7345
2008-08-26,3.0208
2008-08-27,2.3256
2008-08-28,-2.6877
2008-08-29,-1.7059
2008-08-30,
2008-08-31,
2008-09-01,
2008-09-02,-6.5289
2008-09-03,-0.1768
2008-09-04,-1.1072
2008-09-05,-0.7165
2008-09-06,
2008-09-07,
2008-09-08,-3.6536
2008-09-09,-8.9654
2008-09-10,3.2399
2008-09-11,0.0249
2008-09-12,5.2291
2008-09-13,
2008-09-14,
2008-09-15,-9.2049
2008-09-16,0.6516
2008-09-17,-3.7804
2008-09-18,3.7944
2008-09-19,8.1929
2008-09-20,
2008-09-21,
2008-09-22,-2.0129
2008-09-23,0.1223
2008-09-24,-3.1998
2008-09-25,2.0187
2008-09-26,-6.1588
2008-09-27,
2008-09-28,
2008-09-29,-13.8772
2008-09-30,10.0
2008-10-01,-4.3503
2008-10-02,-12.3324
2008-10-03,-3.8244
2008-10-04,
2008-10-05,
2008-10-06,-8.3679
2008-10-07,-15.4717
2008-10-08,0.0446
2008-10-09,-20.9728
2008-10-10,-6.7194
2008-10-11,
2008-10-12,
2008-10-13,22.276
2008-10-14,6.8317
2008-10-15,-24.2817
2008-10-16,12.3011
2008-10-17,11.5531
2008-10-18,
2008-10-19,
2008-10-20,13.9228
2008-10-21,0.0
2008-10-22,-9.434
2008-10-23,1.5625
2008-10-24,-4.8951
2008-10-25,
2008-10-26,
2008-10-27,-13.4804
2008-10-28,10.3116
2008-10-29,6.0606
2008-10-30,6.8765
2008-10-31,-0.4531
2008-11-01,
2008-11-02,
2008-11-03,-6.0992
2008-11-04,11.2458
2008-11-05,8.1917
2008-11-06,-9.263
2008-11-07,3.8171
2008-11-08,
2008-11-09,
2008-11-10,1.1971
2008-11-11,-5.5344
2008-11-12,-9.9732
2008-11-13,8.3954
2008-11-14,-2.7039
2008-11-15,
2008-11-16,
2008-11-17,-0.8008
2008-11-18,0.2374
2008-11-19,-8.5741
2008-11-20,-27.564799999999998
2008-11-21,21.3877
2008-11-22,
2008-11-23,
2008-11-24,7.6016
2008-11-25,-0.1095
2008-11-26,10.9649
2008-11-27,
2008-11-28,-15.1186
2008-11-29,
2008-11-30,
2008-12-01,-12.6892
2008-12-02,-5.0
2008-12-03,-1.0526
2008-12-04,-16.0284
2008-12-05,-4.3919
2008-12-06,
2008-12-07,
2008-12-08,24.3816
2008-12-09,2.7699
2008-12-10,23.2205
2008-12-11,-7.0667
2008-12-12,0.4225
2008-12-13,
2008-12-14,
2008-12-15,-5.9495000000000005
2008-12-16,3.6422
2008-12-17,-0.8015
2008-12-18,-1.9888
2008-12-19,1.2682
2008-12-20,
2008-12-21,
2008-12-22,-2.1916
2008-12-23,-2.4328
2008-12-24,-0.3937
2008-12-25,
2008-12-26,1.4493
2008-12-27,
2008-12-28,
2008-12-29,1.2987
2008-12-30,0.8013
2008-12-31,3.3227
2009-01-01,
2009-01-02,6.8027
2009-01-03,
2009-01-04,
2009-01-05,4.9797
2009-01-06,5.2951
2009-01-07,-4.1907
2009-01-08,-3.7179
2009-01-09,-5.2811
2009-01-10,
2009-01-11,
2009-01-12,-3.777
2009-01-13,1.2461
2009-01-14,-5.1692
2009-01-15,-0.5191
2009-01-16,-0.4566
2009-01-17,
2009-01-18,
2009-01-19,
2009-01-20,-9.9607
2009-01-21,10.1164
2009-01-22,-6.1467
2009-01-23,4.9296
2009-01-24,
2009-01-25,
2009-01-26,6.0403
2009-01-27,-1.0127
2009-01-28,7.0972
2009-01-29,-0.2985
2009-01-30,-5.3293
2009-01-31,
2009-02-01,
2009-02-02,-0.3163
2009-02-03,4.5685
2009-02-04,3.7015000000000002
2009-02-05,4.6811
2009-02-06,1.2297
2009-02-07,
2009-02-08,
2009-02-09,4.1966
2009-02-10,-4.6635
2009-02-11,0.2223
2009-02-12,2.2185
2009-02-13,0.9224
2009-02-14,
2009-02-15,
2009-02-16,
2009-02-17,-7.957
2009-02-18,-4.3224
2009-02-19,2.0757
2009-02-20,-6.1005
2009-02-21,
2009-02-22,
2009-02-23,-5.4777000000000005
2009-02-24,5.0539
2009-02-25,2.8865
2009-02-26,-3.7406
2009-02-27,1.2953000000000001
2009-02-28,
2009-03-01,
2009-03-02,-13.6829
2009-03-03,3.5556
2009-03-04,5.5794
2009-03-05,-2.0325
2009-03-06,-2.7663
2009-03-07,
2009-03-08,
2009-03-09,0.0
2009-03-10,5.0498
2009-03-11,5.6872
2009-03-12,1.9218
2009-03-13,-2.8284000000000002
2009-03-14,
2009-03-15,
2009-03-16,2.8461
2009-03-17,6.6667
2009-03-18,3.2429
2009-03-19,2.6271
2009-03-20,-1.8364
2009-03-21,
2009-03-22,
2009-03-23,10.5442
2009-03-24,-0.5641
2009-03-25,-0.4642
2009-03-26,-1.5544
2009-03-27,-3.4737
2009-03-28,
2009-03-29,
2009-03-30,-4.4984
2009-03-31,-2.1789
2009-04-01,2.8722
2009-04-02,7.4074
2009-04-03,5.8355
2009-04-04,
2009-04-05,
2009-04-06,-0.7018
2009-04-07,-6.2595
2009-04-08,4.9542
2009-04-09,6.2083
2009-04-10,
2009-04-11,
2009-04-12,
2009-04-13,0.1932
2009-04-14,1.2054
2009-04-15,-0.2859
2009-04-16,0.0478
2009-04-17,3.2951
2009-04-18,
2009-04-19,
2009-04-20,-9.5238
2009-04-21,0.511
2009-04-22,-1.4235
2009-04-23,2.7849
2009-04-24,4.3653
2009-04-25,
2009-04-26,
2009-04-27,-2.4519
2009-04-28,-2.0207
2009-04-29,0.3521
2009-04-30,-1.203
2009-05-01,5.9868
2009-05-02,
2009-05-03,
2009-05-04,9.2389
2009-05-05,-10.6047
2009-05-06,4.8529
2009-05-07,2.4778000000000002
2009-05-08,8.7591
2009-05-09,
2009-05-10,
2009-05-11,-6.0822
2009-05-12,-0.9379
2009-05-13,-7.7998
2009-05-14,1.3203
2009-05-15,-3.7161999999999997
2009-05-16,
2009-05-17,
2009-05-18,5.6642
2009-05-19,2.7039999999999997
2009-05-20,1.5242
2009-05-21,-5.05
2009-05-22,-1.7729
2009-05-23,
2009-05-24,
2009-05-25,
2009-05-26,2.0976
2009-05-27,-0.4778
2009-05-28,6.9611
2009-05-29,1.7056
2009-05-30,
2009-05-31,
2009-06-01,8.2083
2009-06-02,-1.7537
2009-06-03,-5.8115
2009-06-04,3.0851
2009-06-05,-0.4703
2009-06-06,
2009-06-07,
2009-06-08,-1.5464
2009-06-09,-0.1745
2009-06-10,4.5455
2009-06-11,1.6303999999999998
2009-06-12,-1.9334
2009-06-13,
2009-06-14,
2009-06-15,-3.6074
2009-06-16,-1.9146999999999998
2009-06-17,-1.7746
2009-06-18,-1.3098
2009-06-19,-4.119
2009-06-20,
2009-06-21,
2009-06-22,-7.5895
2009-06-23,-0.4649
2009-06-24,1.5049000000000001
2009-06-25,0.2556
2009-06-26,0.153
2009-06-27,
2009-06-28,
2009-06-29,-0.5346
2009-06-30,1.9013
2009-07-01,-0.8069
2009-07-02,-5.033
2009-07-03,
2009-07-04,
2009-07-05,
2009-07-06,-4.015
2009-07-07,-1.8405
2009-07-08,-1.1932
2009-07-09,3.1052
2009-07-10,-0.4462
2009-07-11,
2009-07-12,
2009-07-13,2.1289
2009-07-14,1.2068
2009-07-15,4.1192
2009-07-16,3.1754
2009-07-17,1.5135999999999998
2009-07-18,
2009-07-19,
2009-07-20,1.2425
2009-07-21,0.7855
2009-07-22,-0.7306
2009-07-23,3.7782
2009-07-24,0.6619
2009-07-25,
2009-07-26,
2009-07-27,1.1273
2009-07-28,-2.5080999999999998
2009-07-29,-1.9533
2009-07-30,3.6443
2009-07-31,0.5157
2009-08-01,
2009-08-02,
2009-08-03,4.291
2009-08-04,4.0698
2009-08-05,0.1719
2009-08-06,4.8477
2009-08-07,0.0
2009-08-08,
2009-08-09,
2009-08-10,0.2046
2009-08-11,-2.8991
2009-08-12,-0.5887
2009-08-13,3.2149
2009-08-14,-3.0328
2009-08-15,
2009-08-16,
2009-08-17,-5.9594000000000005
2009-08-18,1.3933
2009-08-19,1.8174000000000001
2009-08-20,0.2177
2009-08-21,3.3449
2009-08-22,
2009-08-23,
2009-08-24,0.6305
2009-08-25,-2.4645
2009-08-26,-0.1713
2009-08-27,-0.4719
2009-08-28,1.681
2009-08-29,
2009-08-30,
2009-08-31,-3.1793
2009-09-01,-1.4886
2009-09-02,-1.6444
2009-09-03,-2.4853
2009-09-04,2.873
2009-09-05,
2009-09-06,
2009-09-07,
2009-09-08,4.009
2009-09-09,2.4253
2009-09-10,6.7653
2009-09-11,3.4455
2009-09-12,
2009-09-13,
2009-09-14,3.7136
2009-09-15,4.5035
2009-09-16,2.1547
2009-09-17,-3.2849
2009-09-18,-0.429
2009-09-19,
2009-09-20,
2009-09-21,0.9336
2009-09-22,3.5575
2009-09-23,-2.7824999999999998
2009-09-24,-1.6961
2009-09-25,-1.0424
2009-09-26,
2009-09-27,
2009-09-28,2.3247
2009-09-29,1.7572
2009-09-30,-0.6646
2009-10-01,-6.6901
2009-10-02,0.7547
2009-10-03,
2009-10-04,
2009-10-05,2.9962999999999997
2009-10-06,0.8727
2009-10-07,-0.5407
2009-10-08,2.5009
2009-10-09,1.3437000000000001
2009-10-10,
2009-10-11,
2009-10-12,1.2212
2009-10-13,1.5512000000000001
2009-10-14,-3.2926
2009-10-15,1.5444
2009-10-16,-0.8987
2009-10-17,
2009-10-18,
2009-10-19,1.0464
2009-10-20,-0.4142
2009-10-21,-0.0693
2009-10-22,-3.0871
2009-10-23,-4.3307
2009-10-24,
2009-10-25,
2009-10-26,-3.7411
2009-10-27,2.3708
2009-10-28,-5.9605
2009-10-29,5.1272
2009-10-30,-5.914
2009-10-31,
2009-11-01,
2009-11-02,-1.4694
2009-11-03,1.5327
2009-11-04,-0.6528
2009-11-05,1.9302000000000001
2009-11-06,-2.4173999999999998
2009-11-07,
2009-11-08,
2009-11-09,4.294
2009-11-10,0.3167
2009-11-11,-0.6314
2009-11-12,-1.8666
2009-11-13,1.295
2009-11-14,
2009-11-15,
2009-11-16,0.4395
2009-11-17,-3.3413
2009-11-18,-0.9053
2009-11-19,-2.907
2009-11-20,-1.4969999999999999
2009-11-21,
2009-11-22,
2009-11-23,0.7382
2009-11-24,1.9397
2009-11-25,5.1163
2009-11-26,
2009-11-27,-2.7755
2009-11-28,
2009-11-29,
2009-11-30,-1.0343
2009-12-01,0.7525
2009-12-02,-2.9046
2009-12-03,-1.5812
2009-12-04,-1.9973999999999998
2009-12-05,
2009-12-06,
2009-12-07,1.0191
2009-12-08,-1.0965
2009-12-09,-0.4878
2009-12-10,3.2531
2009-12-11,-0.6042
2009-12-12,
2009-12-13,
2009-12-14,5.8185
2009-12-15,0.6976
2009-12-16,1.5077
2009-12-17,0.3613
2009-12-18,4.24
2009-12-19,
2009-12-20,
2009-12-21,1.2279
2009-12-22,1.63
2009-12-23,1.9022999999999999
2009-12-24,1.8668
2009-12-25,
2009-12-26,
2009-12-27,
2009-12-28,-0.8624
2009-12-29,-3.1171
2009-12-30,-1.1036
2009-12-31,-1.8209
2010-01-01,
2010-01-02,
2010-01-03,
2010-01-04,8.5394
2010-01-05,3.1328
2010-01-06,-1.1046
2010-01-07,0.2443
2010-01-08,0.6616
2010-01-09,
2010-01-10,
2010-01-11,-3.1477
2010-01-12,-1.5
2010-01-13,0.8702
2010-01-14,-0.5392
2010-01-15,0.8674
2010-01-16,
2010-01-17,
2010-01-18,
2010-01-19,1.0749
2010-01-20,-1.9497
2010-01-21,-1.7354
2010-01-22,-2.0603
2010-01-23,
2010-01-24,
2010-01-25,1.2772000000000001
2010-01-26,-1.595
2010-01-27,-2.2616
2010-01-28,-1.6197
2010-01-29,-2.8616
2010-01-30,
2010-01-31,
2010-02-01,4.3584
2010-02-02,1.5081
2010-02-03,-1.6
2010-02-04,-6.3879
2010-02-05,1.4061
2010-02-06,
2010-02-07,
2010-02-08,-1.1419
2010-02-09,1.1139000000000001
2010-02-10,-0.4488
2010-02-11,2.9918
2010-02-12,-0.6765
2010-02-13,
2010-02-14,
2010-02-15,
2010-02-16,3.4856
2010-02-17,2.0519
2010-02-18,4.173
2010-02-19,0.4734
2010-02-20,
2010-02-21,
2010-02-22,-1.776
2010-02-23,-2.952
2010-02-24,0.9125
2010-02-25,0.7159
2010-02-26,-0.5986
2010-02-27,
2010-02-28,
2010-03-01,0.414
2010-03-02,0.2249
2010-03-03,0.2244
2010-03-04,-2.2761
2010-03-05,0.4582
2010-03-06,
2010-03-07,
2010-03-08,-2.7366
2010-03-09,0.4299
2010-03-10,-0.1556
2010-03-11,0.5066
2010-03-12,-0.5816
2010-03-13,
2010-03-14,
2010-03-15,-0.858
2010-03-16,0.0
2010-03-17,-1.4555
2010-03-18,-5.0299
2010-03-19,1.7654
2010-03-20,
2010-03-21,
2010-03-22,-4.0066
2010-03-23,0.1291
2010-03-24,-0.6876
2010-03-25,-2.9424
2010-03-26,-0.2675
2010-03-27,
2010-03-28,
2010-03-29,4.0679
2010-03-30,1.0095
2010-03-31,0.8532
2010-04-01,2.0305
2010-04-02,
2010-04-03,
2010-04-04,
2010-04-05,1.9071
2010-04-06,-0.2441
2010-04-07,-1.7537
2010-04-08,0.083
2010-04-09,1.8664
2010-04-10,
2010-04-11,
2010-04-12,-0.9365
2010-04-13,0.9864
2010-04-14,0.4477
2010-04-15,-1.2561
2010-04-16,-2.0107
2010-04-17,
2010-04-18,
2010-04-19,-0.5444
2010-04-20,0.5053
2010-04-21,-0.796
2010-04-22,0.8446
2010-04-23,4.2295
2010-04-24,
2010-04-25,
2010-04-26,-1.6874
2010-04-27,-3.351
2010-04-28,0.296
2010-04-29,-0.4637
2010-04-30,0.8047
2010-05-01,
2010-05-02,
2010-05-03,1.1764999999999999
2010-05-04,-1.9102999999999999
2010-05-05,-1.9052
2010-05-06,-3.0211
2010-05-07,-2.4922
2010-05-08,
2010-05-09,
2010-05-10,5.4313
2010-05-11,0.7792
2010-05-12,1.0739
2010-05-13,-1.02
2010-05-14,-2.8768000000000002
2010-05-15,
2010-05-16,
2010-05-17,-1.4588999999999999
2010-05-18,-0.1795
2010-05-19,-0.6742
2010-05-20,-4.8869
2010-05-21,-0.0476
2010-05-22,
2010-05-23,
2010-05-24,-1.2375
2010-05-25,0.1928
2010-05-26,1.7797
2010-05-27,5.0095
2010-05-28,0.5401
2010-05-29,
2010-05-30,
2010-05-31,
2010-06-01,-3.2229
2010-06-02,7.8631
2010-06-03,6.6038
2010-06-04,-3.0973
2010-06-05,
2010-06-06,
2010-06-07,-0.5812
2010-06-08,0.167
2010-06-09,-2.2926
2010-06-10,4.1382
2010-06-11,0.9422
2010-06-12,
2010-06-13,
2010-06-14,-0.0812
2010-06-15,3.0057
2010-06-16,-0.7098
2010-06-17,-1.1914
2010-06-18,-1.0852
2010-06-19,
2010-06-20,
2010-06-21,-0.4876
2010-06-22,-3.3891
2010-06-23,-0.7185
2010-06-24,-2.5968
2010-06-25,0.4371
2010-06-26,
2010-06-27,
2010-06-28,-2.3064
2010-06-29,-4.922
2010-06-30,-1.5045
2010-07-01,-0.6205
2010-07-02,-1.4889999999999999
2010-07-03,
2010-07-04,
2010-07-05,
2010-07-06,0.1463
2010-07-07,4.2843
2010-07-08,0.0934
2010-07-09,0.1866
2010-07-10,
2010-07-11,
2010-07-12,-1.0242
2010-07-13,0.7056
2010-07-14,0.0
2010-07-15,0.1401
2010-07-16,-2.6586
2010-07-17,
2010-07-18,
2010-07-19,0.3354
2010-07-20,2.7221
2010-07-21,-1.7201
2010-07-22,2.649
2010-07-23,0.5069
2010-07-24,
2010-07-25,
2010-07-26,0.7795
2010-07-27,-3.1847
2010-07-28,-0.7519
2010-07-29,-0.0947
2010-07-30,-0.3318
2010-07-31,
2010-08-01,
2010-08-02,2.9957000000000003
2010-08-03,0.7849
2010-08-04,2.7943
2010-08-05,-0.3119
2010-08-06,-0.3576
2010-08-07,
2010-08-08,
2010-08-09,-1.2562
2010-08-10,1.045
2010-08-11,-3.732
2010-08-12,-1.7282
2010-08-13,-1.2357
2010-08-14,
2010-08-15,
2010-08-16,0.7218
2010-08-17,1.8634
2010-08-18,-2.0638
2010-08-19,-0.3352
2010-08-20,-2.0663
2010-08-21,
2010-08-22,
2010-08-23,0.9814
2010-08-24,-1.7006999999999999
2010-08-25,-0.9392
2010-08-26,0.1497
2010-08-27,3.6871
2010-08-28,
2010-08-29,
2010-08-30,0.0961
2010-08-31,-0.7201
2010-09-01,2.7079
2010-09-02,0.6591
2010-09-03,1.5903
2010-09-04,
2010-09-05,
2010-09-06,
2010-09-07,-2.0718
2010-09-08,-0.7052
2010-09-09,-0.9943
2010-09-10,1.3869
2010-09-11,
2010-09-12,
2010-09-13,2.1698
2010-09-14,-0.7849
2010-09-15,-0.2792
2010-09-16,0.9333
2010-09-17,-0.7859
2010-09-18,
2010-09-19,
2010-09-20,1.3048
2010-09-21,-2.5759
2010-09-22,-1.2276
2010-09-23,-0.1434
2010-09-24,3.2073
2010-09-25,
2010-09-26,
2010-09-27,0.4638
2010-09-28,0.1385
2010-09-29,4.3568
2010-09-30,0.3989
2010-10-01,0.6623
2010-10-02,
2010-10-03,
2010-10-04,-2.2807
2010-10-05,0.1795
2010-10-06,1.2097
2010-10-07,-0.4869
2010-10-08,2.5356
2010-10-09,
2010-10-10,
2010-10-11,1.0846
2010-10-12,2.4464
2010-10-13,-2.6393
2010-10-14,-1.2048
2010-10-15,0.1307
2010-10-16,
2010-10-17,
2010-10-18,-1.3049
2010-10-19,-3.2173
2010-10-20,0.9107
2010-10-21,-0.9477
2010-10-22,-3.4169
2010-10-23,
2010-10-24,
2010-10-25,-0.1887
2010-10-26,0.4726
2010-10-27,0.5174
2010-10-28,-0.1872
2010-10-29,1.7346
2010-10-30,
2010-10-31,
2010-11-01,0.5991
2010-11-02,1.0078
2010-11-03,1.1791
2010-11-04,-0.0896
2010-11-05,-0.0897
2010-11-06,
2010-11-07,
2010-11-08,1.9308
2010-11-09,1.5859
2010-11-10,1.5178
2010-11-11,-0.8543
2010-11-12,-2.1112
2010-11-13,
2010-11-14,
2010-11-15,-1.7606000000000002
2010-11-16,-1.6129
2010-11-17,0.6375
2010-11-18,0.6787
2010-11-19,1.7528000000000001
2010-11-20,
2010-11-21,
2010-11-22,-0.4417
2010-11-23,-3.1943
2010-11-24,1.6499000000000001
2010-11-25,
2010-11-26,-0.7665
2010-11-27,
2010-11-28,
2010-11-29,0.1817
2010-11-30,-4.2177
2010-12-01,1.3731
2010-12-02,1.0276
2010-12-03,2.4503
2010-12-04,
2010-12-05,
2010-12-06,1.7599
2010-12-07,0.8426
2010-12-08,0.6596
2010-12-09,-0.2621
2010-12-10,0.3942
2010-12-11,
2010-12-12,
2010-12-13,-0.0436
2010-12-14,0.4801
2010-12-15,2.1286
2010-12-16,0.2552
2010-12-17,-1.1455
2010-12-18,
2010-12-19,
2010-12-20,8.8412
2010-12-21,0.0789
2010-12-22,0.1182
2010-12-23,0.7871
2010-12-24,
2010-12-25,
2010-12-26,
2010-12-27,-0.1562
2010-12-28,1.095
2010-12-29,1.1605
2010-12-30,-0.4015
2010-12-31,-0.231
2011-01-01,
2011-01-02,
2011-01-03,2.3157
2011-01-04,-1.0939
2011-01-05,1.0679
2011-01-06,0.6415
2011-01-07,1.0499
2011-01-08,
2011-01-09,
2011-01-10,0.0371
2011-01-11,1.4095
2011-01-12,2.0117
2011-01-13,-0.6812
2011-01-14,-0.1444
2011-01-15,
2011-01-16,
2011-01-17,
2011-01-18,0.0362
2011-01-19,0.5782
2011-01-20,-0.0719
2011-01-21,-0.036
2011-01-22,
2011-01-23,
2011-01-24,1.259
2011-01-25,-2.5577
2011-01-26,2.2603
2011-01-27,-1.2478
2011-01-28,-1.3357
2011-01-29,
2011-01-30,
2011-01-31,8.0498
2011-02-01,2.3705
2011-02-02,0.9262
2011-02-03,-0.1311
2011-02-04,-1.3456000000000001
2011-02-05,
2011-02-06,
2011-02-07,4.0253
2011-02-08,0.8634
2011-02-09,-2.1243
2011-02-10,-0.162
2011-02-11,0.0649
2011-02-12,
2011-02-13,
2011-02-14,2.2374
2011-02-15,-2.569
2011-02-16,-0.1302
2011-02-17,-0.6193
2011-02-18,-0.1968
2011-02-19,
2011-02-20,
2011-02-21,
2011-02-22,5.1922
2011-02-23,7.2477
2011-02-24,0.0583
2011-02-25,2.9694000000000003
2011-02-26,
2011-02-27,
2011-02-28,0.6785
2011-03-01,-5.3637
2011-03-02,0.5638
2011-03-03,-0.7672
2011-03-04,-0.1784
2011-03-05,
2011-03-06,
2011-03-07,-0.3575
2011-03-08,-2.5411
2011-03-09,2.9141
2011-03-10,-4.3219
2011-03-11,2.2118
2011-03-12,
2011-03-13,
2011-03-14,2.2859
2011-03-15,0.149
2011-03-16,3.0943
2011-03-17,-1.8759000000000001
2011-03-18,-1.8529
2011-03-19,
2011-03-20,
2011-03-21,1.1387
2011-03-22,-0.1481
2011-03-23,0.089
2011-03-24,0.4447
2011-03-25,1.0626
2011-03-26,
2011-03-27,
2011-03-28,-3.4463
2011-03-29,0.9377
2011-03-30,3.1016
2011-03-31,-2.3595
2011-04-01,-0.0597
2011-04-02,
2011-04-03,
2011-04-04,0.9851
2011-04-05,-0.0591
2011-04-06,-0.3845
2011-04-07,2.4050000000000002
2011-04-08,-1.3627
2011-04-09,
2011-04-10,
2011-04-11,-1.9988000000000001
2011-04-12,-4.2292
2011-04-13,1.472
2011-04-14,0.7716
2011-04-15,0.245
2011-04-16,
2011-04-17,
2011-04-18,-2.2915
2011-04-19,0.0
2011-04-20,0.7505
2011-04-21,1.4586999999999999
2011-04-22,
2011-04-23,
2011-04-24,
2011-04-25,-0.5506
2011-04-26,1.7841
2011-04-27,0.0907
2011-04-28,0.3019
2011-04-29,1.3546
2011-04-30,
2011-05-01,
2011-05-02,-1.3068
2011-05-03,-5.7177
2011-05-04,-1.9151
2011-05-05,0.423
2011-05-06,0.2916
2011-05-07,
2011-05-08,
2011-05-09,1.1309
2011-05-10,1.0224
2011-05-11,-2.2138
2011-05-12,-1.423
2011-05-13,-2.2965999999999998
2011-05-14,
2011-05-15,
2011-05-16,-0.5373
2011-05-17,-1.7893
2011-05-18,2.9563
2011-05-19,-0.1336
2011-05-20,2.3738
2011-05-21,
2011-05-22,
2011-05-23,-1.3717
2011-05-24,2.3841
2011-05-25,0.2587
2011-05-26,0.2581
2011-05-27,0.0965
2011-05-28,
2011-05-29,
2011-05-30,
2011-05-31,0.7393
2011-06-01,-3.0313
2011-06-02,0.5265
2011-06-03,-0.0655
2011-06-04,
2011-06-05,
2011-06-06,-2.7841
2011-06-07,0.1685
2011-06-08,-0.4709
2011-06-09,0.5407
2011-06-10,-1.7143000000000002
2011-06-11,
2011-06-12,
2011-06-13,-3.1464
2011-06-14,2.3305
2011-06-15,-0.7591
2011-06-16,-2.0515
2011-06-17,-0.5325
2011-06-18,
2011-06-19,
2011-06-20,0.2855
2011-06-21,2.4555
2011-06-22,0.6947
2011-06-23,-0.069
2011-06-24,-3.3138
2011-06-25,
2011-06-26,
2011-06-27,-0.0357
2011-06-28,1.8214000000000001
2011-06-29,2.201
2011-06-30,2.2031
2011-07-01,1.3809
2011-07-02,
2011-07-03,
2011-07-04,
2011-07-05,0.6312
2011-07-06,-0.3632
2011-07-07,1.0934
2011-07-08,0.2294
2011-07-09,
2011-07-10,
2011-07-11,-2.7142
2011-07-12,0.0672
2011-07-13,0.571
2011-07-14,0.9018
2011-07-15,9.1029
2011-07-16,
2011-07-17,
2011-07-18,-0.2124
2011-07-19,2.3411
2011-07-20,0.1783
2011-07-21,0.7711
2011-07-22,1.2066
2011-07-23,
2011-07-24,
2011-07-25,-1.5121
2011-07-26,0.7086
2011-07-27,-2.0815
2011-07-28,0.0898
2011-07-29,2.752
2011-07-30,
2011-07-31,
2011-08-01,0.0
2011-08-02,-0.5822
2011-08-03,0.2343
2011-08-04,-8.4137
2011-08-05,-2.1372
2011-08-06,
2011-08-07,
2011-08-08,-11.3429
2011-08-09,7.0588
2011-08-10,-1.1676
2011-08-11,7.3315
2011-08-12,1.3273
2011-08-13,
2011-08-14,
2011-08-15,3.1629
2011-08-16,-1.9510999999999998
2011-08-17,0.1263
2011-08-18,-5.9306
2011-08-19,-1.7103000000000002
2011-08-20,
2011-08-21,
2011-08-22,-3.0365
2011-08-23,4.3279
2011-08-24,1.7875
2011-08-25,-2.0875
2011-08-26,3.2826
2011-08-27,
2011-08-28,
2011-08-29,4.0957
2011-08-30,2.0774
2011-08-31,-0.1233
2011-09-01,2.2229
2011-09-02,-3.0202
2011-09-03,
2011-09-04,
2011-09-05,
2011-09-06,-3.706
2011-09-07,1.9082
2011-09-08,1.4281
2011-09-09,-4.9437
2011-09-10,
2011-09-11,
2011-09-12,1.2508
2011-09-13,2.3731999999999998
2011-09-14,0.0953
2011-09-15,0.6345
2011-09-16,0.3153
2011-09-17,
2011-09-18,
2011-09-19,-2.3884
2011-09-20,-2.0927
2011-09-21,-3.2555
2011-09-22,-7.9538
2011-09-23,-3.8405
2011-09-24,
2011-09-25,
2011-09-26,5.7219999999999995
2011-09-27,0.5449
2011-09-28,-1.4812
2011-09-29,-1.476
2011-09-30,-4.593
2011-10-01,
2011-10-02,
2011-10-03,-6.2231
2011-10-04,4.8414
2011-10-05,1.0748
2011-10-06,2.0481
2011-10-07,-2.1612999999999998
2011-10-08,
2011-10-09,
2011-10-10,5.5227
2011-10-11,-0.486
2011-10-12,0.4884
2011-10-13,0.3738
2011-10-14,3.352
2011-10-15,
2011-10-16,
2011-10-17,-1.6216
2011-10-18,0.2198
2011-10-19,-0.9503
2011-10-20,0.738
2011-10-21,1.8681
2011-10-22,
2011-10-23,
2011-10-24,1.8338999999999999
2011-10-25,-3.5664
2011-10-26,3.0758
2011-10-27,3.5879
2011-10-28,1.9889999999999999
2011-10-29,
2011-10-30,
2011-10-31,-5.4472
2011-11-01,-3.9829
2011-11-02,3.7407
2011-11-03,3.6416
2011-11-04,-6.7516
2011-11-05,
2011-11-06,
2011-11-07,-0.8496
2011-11-08,0.9314
2011-11-09,-5.6109
2011-11-10,-0.1173
2011-11-11,3.5629999999999997
2011-11-12,
2011-11-13,
2011-11-14,-2.949
2011-11-15,-0.7791
2011-11-16,-0.0393
2011-11-17,-2.9065
2011-11-18,-1.5777
2011-11-19,
2011-11-20,
2011-11-21,-1.0686
2011-11-22,-1.7034
2011-11-23,-4.0152
2011-11-24,
2011-11-25,-1.2770000000000001
2011-11-26,
2011-11-27,
2011-11-28,4.1927
2011-11-29,1.7979
2011-11-30,6.5601
2011-12-01,-0.1579
2011-12-02,0.5534
2011-12-03,
2011-12-04,
2011-12-05,-1.1399
2011-12-06,2.1074
2011-12-07,-0.5841
2011-12-08,-5.092
2011-12-09,1.7747000000000002
2011-12-10,
2011-12-11,
2011-12-12,-3.8118
2011-12-13,-1.2226
2011-12-14,-3.6705
2011-12-15,0.9304
2011-12-16,0.878
2011-12-17,
2011-12-18,
2011-12-19,-4.0035
2011-12-20,3.4451
2011-12-21,0.745
2011-12-22,2.3054
2011-12-23,0.8929
2011-12-24,
2011-12-25,
2011-12-26,
2011-12-27,-0.885
2011-12-28,-3.6565
2011-12-29,0.3089
2011-12-30,-1.9358
2011-12-31,
2012-01-01,
2012-01-02,
2012-01-03,5.8771
2012-01-04,1.1017
2012-01-05,-1.0059
2012-01-06,1.5241
2012-01-07,
2012-01-08,
2012-01-09,-1.7515
2012-01-10,-1.1885
2012-01-11,-3.0069
2012-01-12,-1.4283000000000001
2012-01-13,-3.4281
2012-01-14,
2012-01-15,
2012-01-16,
2012-01-17,-2.8024
2012-01-18,3.0754
2012-01-19,-3.5897
2012-01-20,1.354
2012-01-21,
2012-01-22,
2012-01-23,6.2977
2012-01-24,0.9425
2012-01-25,3.9573
2012-01-26,-6.3302
2012-01-27,0.6849
2012-01-28,
2012-01-29,
2012-01-30,-1.6327
2012-01-31,-2.5818
2012-02-01,-0.7572
2012-02-02,5.484
2012-02-03,0.859
2012-02-04,
2012-02-05,
2012-02-06,1.524
2012-02-07,-2.0751
2012-02-08,-0.3156
2012-02-09,1.0403
2012-02-10,-0.94
2012-02-11,
2012-02-12,
2012-02-13,2.3949
2012-02-14,0.2207
2012-02-15,1.365
2012-02-16,3.258
2012-02-17,3.9546
2012-02-18,
2012-02-19,
2012-02-20,
2012-02-21,-0.3642
2012-02-22,-2.3964
2012-02-23,3.9534000000000002
2012-02-24,1.8815
2012-02-25,
2012-02-26,
2012-02-27,-1.336
2012-02-28,-0.2389
2012-02-29,-0.1996
2012-03-01,-0.28
2012-03-02,-2.4067
2012-03-03,
2012-03-04,
2012-03-05,-0.411
2012-03-06,-2.7652
2012-03-07,2.2071
2012-03-08,2.0764
2012-03-09,-0.1221
2012-03-10,
2012-03-11,
2012-03-12,-1.3849
2012-03-13,2.024
2012-03-14,-1.8622999999999998
2012-03-15,0.8251
2012-03-16,2.5368
2012-03-17,
2012-03-18,
2012-03-19,1.5962
2012-03-20,0.4713
2012-03-21,-1.5246
2012-03-22,-3.0171
2012-03-23,0.9415
2012-03-24,
2012-03-25,
2012-03-26,-1.8248
2012-03-27,0.1239
2012-03-28,-4.0842
2012-03-29,-0.172
2012-03-30,-0.1723
2012-03-31,
2012-04-01,
2012-04-02,0.6042
2012-04-03,-2.5311
2012-04-04,-2.1567
2012-04-05,-0.3599
2012-04-06,
2012-04-07,
2012-04-08,
2012-04-09,-3.07
2012-04-10,-3.633
2012-04-11,-2.9483
2012-04-12,3.3242
2012-04-13,-3.4366
2012-04-14,
2012-04-15,
2012-04-16,-3.8095
2012-04-17,-0.3648
2012-04-18,-5.5439
2012-04-19,-0.3322
2012-04-20,-3.1111
2012-04-21,
2012-04-22,
2012-04-23,3.211
2012-04-24,-1.2778
2012-04-25,2.0259
2012-04-26,-3.144
2012-04-27,0.9112
2012-04-28,
2012-04-29,
2012-04-30,4.0632
2012-05-01,6.2907
2012-05-02,-14.5918
2012-05-03,2.6882
2012-05-04,1.1635
2012-05-05,
2012-05-06,
2012-05-07,-1.4950999999999999
2012-05-08,-1.1675
2012-05-09,3.2487
2012-05-10,-1.7162
2012-05-11,-13.7951
2012-05-12,
2012-05-13,
2012-05-14,4.7941
2012-05-15,-5.6057
2012-05-16,-4.1638
2012-05-17,-3.49
2012-05-18,5.9779
2012-05-19,
2012-05-20,
2012-05-21,3.8301
2012-05-22,0.0671
2012-05-23,1.1394
2012-05-24,3.2472
2012-05-25,1.4763
2012-05-26,
2012-05-27,
2012-05-28,
2012-05-29,3.4156
2012-05-30,0.5505
2012-05-31,2.7981
2012-06-01,-7.8107
2012-06-02,
2012-06-03,
2012-06-04,6.0334
2012-06-05,2.9055999999999997
2012-06-06,7.1176
2012-06-07,-1.9769
2012-06-08,2.8571
2012-06-09,
2012-06-10,
2012-06-11,-4.085
2012-06-12,-0.795
2012-06-13,-3.091
2012-06-14,2.3627000000000002
2012-06-15,4.4432
2012-06-16,
2012-06-17,
2012-06-18,-2.3757
2012-06-19,5.8857
2012-06-20,1.7638
2012-06-21,-4.8319
2012-06-22,2.7042
2012-06-23,
2012-06-24,
2012-06-25,-8.4901
2012-06-26,0.1174
2012-06-27,5.1613
2012-06-28,-0.8366
2012-06-29,4.6119
2012-06-30,
2012-07-01,
2012-07-02,0.6989
2012-07-03,3.3636
2012-07-04,
2012-07-05,1.4463
2012-07-06,2.0367
2012-07-07,
2012-07-08,
2012-07-09,-0.2994
2012-07-10,-6.4565
2012-07-11,2.0867
2012-07-12,-1.7427000000000001
2012-07-13,2.4116
2012-07-14,
2012-07-15,
2012-07-16,0.3663
2012-07-17,0.3128
2012-07-18,-0.2079
2012-07-19,-4.7917
2012-07-20,-5.9081
2012-07-21,
2012-07-22,
2012-07-23,1.3953
2012-07-24,-3.555
2012-07-25,2.7348
2012-07-26,5.0347
2012-07-27,1.708
2012-07-28,
2012-07-29,
2012-07-30,1.3001
2012-07-31,0.6417
2012-08-01,-0.797
2012-08-02,-3.9636
2012-08-03,-0.2231
2012-08-04,
2012-08-05,
2012-08-06,-1.062
2012-08-07,9.435
2012-08-08,2.7362
2012-08-09,2.0603
2012-08-10,-3.1019
2012-08-11,
2012-08-12,
2012-08-13,-3.1504
2012-08-14,0.787
2012-08-15,-1.0411
2012-08-16,0.1052
2012-08-17,0.578
2012-08-18,
2012-08-19,
2012-08-20,1.3584
2012-08-21,1.701
2012-08-22,0.9123
2012-08-23,-3.0638
2012-08-24,0.4663
2012-08-25,
2012-08-26,
2012-08-27,-0.4642
2012-08-28,0.3627
2012-08-29,0.7744
2012-08-30,-2.459
2012-08-31,1.6282
2012-09-01,
2012-09-02,
2012-09-03,
2012-09-04,-0.8269
2012-09-05,1.8239
2012-09-06,0.8188
2012-09-07,3.2487
2012-09-08,
2012-09-09,
2012-09-10,-3.7856
2012-09-11,2.7082
2012-09-12,-1.0448
2012-09-13,0.0503
2012-09-14,3.1156
2012-09-15,
2012-09-16,
2012-09-17,-1.7057
2012-09-18,-0.9916
2012-09-19,-1.4522
2012-09-20,-0.9146
2012-09-21,-0.7179
2012-09-22,
2012-09-23,
2012-09-24,0.1033
2012-09-25,-1.4964
2012-09-26,-1.5191
2012-09-27,1.5957
2012-09-28,-1.2042
2012-09-29,
2012-09-30,
2012-10-01,2.2258
2012-10-02,1.296
2012-10-03,-2.7636
2012-10-04,2.4737
2012-10-05,-1.2327
2012-10-06,
2012-10-07,
2012-10-08,0.988
2012-10-09,0.8754
2012-10-10,-0.7657
2012-10-11,4.0509
2012-10-12,0.1986
2012-10-13,
2012-10-14,
2012-10-15,-0.7433
2012-10-16,1.7473999999999998
2012-10-17,3.4838
2012-10-18,2.3234
2012-10-19,-3.5681000000000003
2012-10-20,
2012-10-21,
2012-10-22,-0.0961
2012-10-23,-1.7797
2012-10-24,-1.665
2012-10-25,0.6972
2012-10-26,-0.5935
2012-10-27,
2012-10-28,
2012-10-29,
2012-10-30,
2012-10-31,0.796
2012-11-01,-0.9378
2012-11-02,-7.8724
2012-11-03,
2012-11-04,
2012-11-05,-1.1898
2012-11-06,1.4778
2012-11-07,-5.2859
2012-11-08,-2.0501
2012-11-09,-0.9302
2012-11-10,
2012-11-11,
2012-11-12,1.115
2012-11-13,0.9286
2012-11-14,-3.1052
2012-11-15,-2.73
2012-11-16,1.4033
2012-11-17,
2012-11-18,
2012-11-19,5.1143
2012-11-20,0.7441
2012-11-21,-0.0568
2012-11-22,
2012-11-23,1.3644
2012-11-24,
2012-11-25,
2012-11-26,-3.309
2012-11-27,0.9861
2012-11-28,0.2298
2012-11-29,0.4585
2012-11-30,-2.8523
2012-12-01,
2012-12-02,
2012-12-03,-0.7634
2012-12-04,-0.1775
2012-12-05,0.5928
2012-12-06,0.7661
2012-12-07,0.8772
2012-12-08,
2012-12-09,
2012-12-10,-1.5072
2012-12-11,0.5886
2012-12-12,-0.7607
2012-12-13,-1.6509
2012-12-14,-0.7194
2012-12-15,
2012-12-16,
2012-12-17,1.087
2012-12-18,3.0466
2012-12-19,-0.2899
2012-12-20,2.2093
2012-12-21,-1.479
2012-12-22,
2012-12-23,
2012-12-24,-1.7321
2012-12-25,
2012-12-26,0.7638
2012-12-27,-1.6909999999999998
2012-12-28,-1.7793999999999999
2012-12-29,
2012-12-30,
2012-12-31,0.3623
2013-01-01,
2013-01-02,-0.1203
2013-01-03,1.0241
2013-01-04,4.0549
2013-01-05,
2013-01-06,
2013-01-07,0.9742
2013-01-08,-4.1998
2013-01-09,1.1848
2013-01-10,-2.0492
2013-01-11,1.3598
2013-01-12,
2013-01-13,
2013-01-14,0.4149
2013-01-15,2.5384
2013-01-16,-0.3454
2013-01-17,1.3865
2013-01-18,1.5385
2013-01-19,
2013-01-20,
2013-01-21,
2013-01-22,5.1066
2013-01-23,-1.228
2013-01-24,1.4595
2013-01-25,3.1433
2013-01-26,
2013-01-27,
2013-01-28,-2.2211
2013-01-29,0.2113
2013-01-30,6.0095
2013-01-31,0.3481
2013-02-01,0.7433
2013-02-02,
2013-02-03,
2013-02-04,-1.0821
2013-02-05,2.1382
2013-02-06,-0.1461
2013-02-07,-1.3652
2013-02-08,0.0
2013-02-09,
2013-02-10,
2013-02-11,-0.8898
2013-02-12,-0.1995
2013-02-13,2.7986
2013-02-14,-0.8264
2013-02-15,-1.9118
2013-02-16,
2013-02-17,
2013-02-18,
2013-02-19,1.7490999999999999
2013-02-20,-0.5894
2013-02-21,-0.247
2013-02-22,1.5354
2013-02-23,
2013-02-24,
2013-02-25,-6.7805
2013-02-26,3.349
2013-02-27,1.9747
2013-02-28,0.0993
2013-03-01,-2.4306
2013-03-02,
2013-03-03,
2013-03-04,-0.9151
2013-03-05,0.0513
2013-03-06,1.2308
2013-03-07,5.6231
2013-03-08,2.3022
2013-03-09,
2013-03-10,
2013-03-11,0.6095
2013-03-12,0.1398
2013-03-13,-0.4188
2013-03-14,5.2336
2013-03-15,-0.2664
2013-03-16,
2013-03-17,
2013-03-18,-1.2912
2013-03-19,-5.097
2013-03-20,-0.7605
2013-03-21,-1.0536
2013-03-22,-1.3069
2013-03-23,
2013-03-24,
2013-03-25,-0.1962
2013-03-26,1.8673
2013-03-27,-0.9648
2013-03-28,-0.5845
2013-03-29,
2013-03-30,
2013-03-31,
2013-04-01,-0.294
2013-04-02,-1.9165
2013-04-03,-3.9078
2013-04-04,0.7299
2013-04-05,2.2257
2013-04-06,
2013-04-07,
2013-04-08,0.0
2013-04-09,1.9747
2013-04-10,1.0924
2013-04-11,-0.6508
2013-04-12,-2.284
2013-04-13,
2013-04-14,
2013-04-15,-3.811
2013-04-16,0.6867
2013-04-17,-3.0955
2013-04-18,2.653
2013-04-19,-1.9515
2013-04-20,
2013-04-21,
2013-04-22,0.0538
2013-04-23,1.8279999999999998
2013-04-24,1.8479
2013-04-25,-0.0518
2013-04-26,-0.1556
2013-04-27,
2013-04-28,
2013-04-29,0.4156
2013-04-30,1.0864
2013-05-01,-1.7912
2013-05-02,-0.2084
2013-05-03,0.5222
2013-05-04,
2013-05-05,
2013-05-06,0.987
2013-05-07,-1.5947
2013-05-08,0.3136
2013-05-09,2.0323
2013-05-10,2.9111000000000002
2013-05-11,
2013-05-12,
2013-05-13,2.0347
2013-05-14,0.9728
2013-05-15,-0.4817
2013-05-16,-3.727
2013-05-17,1.9104999999999999
2013-05-18,
2013-05-19,
2013-05-20,2.6147
2013-05-21,0.2404
2013-05-22,1.199
2013-05-23,2.654
2013-05-24,0.0462
2013-05-25,
2013-05-26,
2013-05-27,
2013-05-28,2.2612
2013-05-29,1.8953
2013-05-30,-0.2214
2013-05-31,-3.0626
2013-06-01,
2013-06-02,
2013-06-03,1.5568
2013-06-04,-2.0739
2013-06-05,-0.9208
2013-06-06,0.697
2013-06-07,1.5228000000000002
2013-06-08,
2013-06-09,
2013-06-10,-0.3636
2013-06-11,-2.8285
2013-06-12,-1.0329
2013-06-13,-0.3795
2013-06-14,-1.5238
2013-06-15,
2013-06-16,
2013-06-17,1.7408000000000001
2013-06-18,0.9981
2013-06-19,-2.1176
2013-06-20,-3.4615
2013-06-21,0.6972
2013-06-22,
2013-06-23,
2013-06-24,-3.0663
2013-06-25,0.9694
2013-06-26,2.9308
2013-06-27,1.0309
2013-06-28,-0.9718
2013-06-29,
2013-06-30,
2013-07-01,1.9136
2013-07-02,0.7222
2013-07-03,0.4302
2013-07-04,
2013-07-05,0.1428
2013-07-06,
2013-07-07,
2013-07-08,-0.5228
2013-07-09,1.0033
2013-07-10,1.2299
2013-07-11,-0.1051
2013-07-12,-0.2349
2013-07-13,
2013-07-14,
2013-07-15,2.0716
2013-07-16,0.3229
2013-07-17,0.0
2013-07-18,2.6667
2013-07-19,1.1196
2013-07-20,
2013-07-21,
2013-07-22,-0.7972
2013-07-23,-0.3571
2013-07-24,-0.5376
2013-07-25,1.7568000000000001
2013-07-26,1.151
2013-07-27,
2013-07-28,
2013-07-29,-0.4376
2013-07-30,1.3187
2013-07-31,1.0846
2013-08-01,7.0815
2013-08-02,0.0
2013-08-03,
2013-08-04,
2013-08-05,2.1242
2013-08-06,-1.2951
2013-08-07,-1.1928
2013-08-08,0.6439
2013-08-09,-0.04
2013-08-10,
2013-08-11,
2013-08-12,0.08
2013-08-13,0.04
2013-08-14,-0.4794
2013-08-15,0.3212
2013-08-16,0.04
2013-08-17,
2013-08-18,
2013-08-19,-0.92
2013-08-20,1.9782
2013-08-21,-0.0396
2013-08-22,1.0297
2013-08-23,2.8224
2013-08-24,
2013-08-25,
2013-08-26,0.4575
2013-08-27,-1.2524
2013-08-28,1.2298
2013-08-29,-1.4806
2013-08-30,-0.5395
2013-08-31,
2013-09-01,
2013-09-02,
2013-09-03,1.3561
2013-09-04,-0.1529
2013-09-05,0.1914
2013-09-06,-0.535
2013-09-07,
2013-09-08,
2013-09-09,1.4214
2013-09-10,-0.2273
2013-09-11,2.0881
2013-09-12,0.1116
2013-09-13,-0.9287
2013-09-14,
2013-09-15,
2013-09-16,-0.5624
2013-09-17,2.4133
2013-09-18,0.5155
2013-09-19,-1.4652
2013-09-20,-1.1896
2013-09-21,
2013-09-22,
2013-09-23,-0.7524
2013-09-24,0.0
2013-09-25,0.4549
2013-09-26,-0.3396
2013-09-27,-0.7573
2013-09-28,
2013-09-29,
2013-09-30,-1.2591
2013-10-01,1.391
2013-10-02,-0.2668
2013-10-03,0.0382
2013-10-04,1.2223
2013-10-05,
2013-10-06,
2013-10-07,-0.8679
2013-10-08,-0.8375
2013-10-09,-0.2303
2013-10-10,1.9527
2013-10-11,0.2272
2013-10-12,
2013-10-13,
2013-10-14,-0.0756
2013-10-15,0.189
2013-10-16,3.8868
2013-10-17,0.3632
2013-10-18,2.2439
2013-10-19,
2013-10-20,
2013-10-21,-0.708
2013-10-22,0.4991
2013-10-23,-3.1926
2013-10-24,3.9575
2013-10-25,0.3525
2013-10-26,
2013-10-27,
2013-10-28,-1.0889
2013-10-29,0.5682
2013-10-30,-0.6003
2013-10-31,-0.675
2013-11-01,0.1431
2013-11-02,
2013-11-03,
2013-11-04,3.0
2013-11-05,-2.4272
2013-11-06,-6.7875
2013-11-07,-3.1643
2013-11-08,1.2205
2013-11-09,
2013-11-10,
2013-11-11,-0.0778
2013-11-12,-0.545
2013-11-13,1.4481
2013-11-14,0.1157
2013-11-15,-0.2697
2013-11-16,
2013-11-17,
2013-11-18,-1.7774
2013-11-19,-0.4721
2013-11-20,0.9881
2013-11-21,3.0528
2013-11-22,-0.1139
2013-11-23,
2013-11-24,
2013-11-25,-0.1141
2013-11-26,0.1523
2013-11-27,1.2923
2013-11-28,
2013-11-29,0.8255
2013-11-30,
2013-12-01,
2013-12-02,-0.3349
2013-12-03,0.8588
2013-12-04,0.3332
2013-12-05,-0.1845
2013-12-06,-2.1072
2013-12-07,
2013-12-08,
2013-12-09,-0.3776
2013-12-10,1.63
2013-12-11,-1.3801
2013-12-12,1.0968
2013-12-13,1.0101
2013-12-14,
2013-12-15,
2013-12-16,-0.8519
2013-12-17,-1.5316
2013-12-18,1.0622
2013-12-19,2.1396
2013-12-20,-0.3675
2013-12-21,
2013-12-22,
2013-12-23,1.1804000000000001
2013-12-24,0.6562
2013-12-25,
2013-12-26,0.3984
2013-12-27,-0.8297
2013-12-28,
2013-12-29,
2013-12-30,-1.6006
2013-12-31,0.3327
2014-01-01,
2014-01-02,-1.916
2014-01-03,-0.7513
2014-01-04,
2014-01-05,
2014-01-06,-0.8327
2014-01-07,0.4198
2014-01-08,-1.7484
2014-01-09,-0.9284
2014-01-10,0.3905
2014-01-11,
2014-01-12,
2014-01-13,-1.8378
2014-01-14,1.9085
2014-01-15,-0.6633
2014-01-16,1.8853
2014-01-17,-1.889
2014-01-18,
2014-01-19,
2014-01-20,
2014-01-21,3.9293
2014-01-22,2.5709
2014-01-23,-0.8478
2014-01-24,-0.0743
2014-01-25,
2014-01-26,
2014-01-27,-3.2366
2014-01-28,2.8834999999999997
2014-01-29,1.5321
2014-01-30,-0.6993
2014-01-31,-0.2595
2014-02-01,
2014-02-02,
2014-02-03,-3.4188
2014-02-04,2.1162
2014-02-05,-1.2434
2014-02-06,-6.8676
2014-02-07,0.7374
2014-02-08,
2014-02-09,
2014-02-10,0.366
2014-02-11,0.5673
2014-02-12,-0.282
2014-02-13,0.8081
2014-02-14,0.7615
2014-02-15,
2014-02-16,
2014-02-17,
2014-02-18,2.7446
2014-02-19,2.2067
2014-02-20,0.947
2014-02-21,-0.3002
2014-02-22,
2014-02-23,
2014-02-24,2.7098
2014-02-25,-1.2825
2014-02-26,-4.9369
2014-02-27,1.1324
2014-02-28,0.0386
2014-03-01,
2014-03-02,
2014-03-03,-1.1964
2014-03-04,0.2734
2014-03-05,-0.6623
2014-03-06,0.0784
2014-03-07,1.2931
2014-03-08,
2014-03-09,
2014-03-10,-0.8511
2014-03-11,-1.4436
2014-03-12,-0.4751
2014-03-13,0.2784
2014-03-14,-0.714
2014-03-15,
2014-03-16,
2014-03-17,-1.3584
2014-03-18,1.0531
2014-03-19,-1.1222
2014-03-20,0.0811
2014-03-21,-0.081
2014-03-22,
2014-03-23,
2014-03-24,0.1621
2014-03-25,2.1044
2014-03-26,-1.625
2014-03-27,3.9887
2014-03-28,-0.5424
2014-03-29,
2014-03-30,
2014-03-31,-0.1948
2014-04-01,1.9906000000000001
2014-04-02,1.2246
2014-04-03,0.6427
2014-04-04,-0.1127
2014-04-05,
2014-04-06,
2014-04-07,-2.3317
2014-04-08,0.6161
2014-04-09,0.9185
2014-04-10,0.6352
2014-04-11,-1.0964
2014-04-12,
2014-04-13,
2014-04-14,2.1407
2014-04-15,1.6841
2014-04-16,1.1778
2014-04-17,2.4736000000000002
2014-04-18,
2014-04-19,
2014-04-20,
2014-04-21,1.2425
2014-04-22,-0.2104
2014-04-23,1.9677
2014-04-24,0.6892
2014-04-25,-1.4374
2014-04-26,
2014-04-27,
2014-04-28,-0.1389
2014-04-29,1.1127
2014-04-30,-1.1348
2014-05-01,-1.1478
2014-05-02,-0.4926
2014-05-03,
2014-05-04,
2014-05-05,0.1061
2014-05-06,0.1413
2014-05-07,4.4444
2014-05-08,-1.5873
2014-05-09,2.2992
2014-05-10,
2014-05-11,
2014-05-12,1.7444
2014-05-13,-0.9561
2014-05-14,-2.6964
2014-05-15,-0.8211
2014-05-16,-4.6568000000000005
2014-05-17,
2014-05-18,
2014-05-19,1.1577
2014-05-20,0.2146
2014-05-21,0.5353
2014-05-22,-0.781
2014-05-23,-0.966
2014-05-24,
2014-05-25,
2014-05-26,
2014-05-27,2.3121
2014-05-28,0.3178
2014-05-29,1.6895
2014-05-30,-0.5884
2014-05-31,
2014-06-01,
2014-06-02,2.0543
2014-06-03,-0.2047
2014-06-04,0.1368
2014-06-05,1.9802
2014-06-06,-0.5022
2014-06-07,
2014-06-08,
2014-06-09,-0.4711
2014-06-10,-1.217
2014-06-11,2.7721
2014-06-12,1.5318
2014-06-13,-0.0656
2014-06-14,
2014-06-15,
2014-06-16,-0.0656
2014-06-17,0.3284
2014-06-18,0.491
2014-06-19,0.0651
2014-06-20,0.5534
2014-06-21,
2014-06-22,
2014-06-23,1.3273
2014-06-24,-3.2907
2014-06-25,2.4777
2014-06-26,-1.6118999999999999
2014-06-27,-0.3932
2014-06-28,
2014-06-29,
2014-06-30,2.2368
2014-07-01,-0.537
2014-07-02,0.0342
2014-07-03,0.8547
2014-07-04,
2014-07-05,
2014-07-06,
2014-07-07,-4.6102
2014-07-08,1.6702
2014-07-09,2.4467
2014-07-10,-0.9894
2014-07-11,-2.8946
2014-07-12,
2014-07-13,
2014-07-14,0.5944
2014-07-15,-2.8308999999999997
2014-07-16,1.3838
2014-07-17,-3.6638
2014-07-18,0.6711
2014-07-19,
2014-07-20,
2014-07-21,-0.8889
2014-07-22,0.3363
2014-07-23,0.8566
2014-07-24,0.8124
2014-07-25,-1.0623
2014-07-26,
2014-07-27,
2014-07-28,-0.6294
2014-07-29,0.8197
2014-07-30,-0.1848
2014-07-31,-2.3695
2014-08-01,-1.1377
2014-08-02,
2014-08-03,
2014-08-04,2.9152
2014-08-05,-2.8699
2014-08-06,0.4988
2014-08-07,-0.9927
2014-08-08,2.5453
2014-08-09,
2014-08-10,
2014-08-11,-0.6769
2014-08-12,-2.0825
2014-08-13,-0.4254
2014-08-14,-0.3883
2014-08-15,-0.3899
2014-08-16,
2014-08-17,
2014-08-18,-0.3523
2014-08-19,2.7100999999999997
2014-08-20,0.6883
2014-08-21,0.4937
2014-08-22,-1.6629
2014-08-23,
2014-08-24,
2014-08-25,2.7671
2014-08-26,-1.0471
2014-08-27,-0.1134
2014-08-28,2.081
2014-08-29,0.8154
2014-08-30,
2014-08-31,
2014-09-01,
2014-09-02,-1.4706000000000001
2014-09-03,-1.1567
2014-09-04,-1.7365
2014-09-05,0.5378
2014-09-06,
2014-09-07,
2014-09-08,-2.2545
2014-09-09,0.0391
2014-09-10,-0.2345
2014-09-11,-0.7051
2014-09-12,-1.7357
2014-09-13,
2014-09-14,
2014-09-15,0.562
2014-09-16,1.2375
2014-09-17,-0.0394
2014-09-18,-2.288
2014-09-19,-0.4037
2014-09-20,
2014-09-21,
2014-09-22,-1.4593
2014-09-23,-0.2057
2014-09-24,-1.3603
2014-09-25,-2.4655
2014-09-26,0.6855
2014-09-27,
2014-09-28,
2014-09-29,0.5957
2014-09-30,-2.7496
2014-10-01,-2.4358
2014-10-02,-0.8917
2014-10-03,-2.1592000000000002
2014-10-04,
2014-10-05,
2014-10-06,-1.931
2014-10-07,-1.8753
2014-10-08,-1.4333
2014-10-09,-7.0286
2014-10-10,-0.6387
2014-10-11,
2014-10-12,
2014-10-13,-6.0095
2014-10-14,-1.9069
2014-10-15,1.6009
2014-10-16,16.9949
2014-10-17,-3.0303
2014-10-18,
2014-10-19,
2014-10-20,2.3810000000000002
2014-10-21,4.9419
2014-10-22,-0.4155
2014-10-23,1.0199
2014-10-24,-0.872
2014-10-25,
2014-10-26,
2014-10-27,-3.75
2014-10-28,3.8961
2014-10-29,-0.0463
2014-10-30,-1.1116
2014-10-31,3.8876
2014-11-01,
2014-11-02,
2014-11-03,-1.7583
2014-11-04,-2.2946
2014-11-05,6.9047
2014-11-06,0.0
2014-11-07,2.8559
2014-11-08,
2014-11-09,
2014-11-10,-2.1786
2014-11-11,2.3144
2014-11-12,-0.0854
2014-11-13,-2.9901999999999997
2014-11-14,2.2016999999999998
2014-11-15,
2014-11-16,
2014-11-17,0.7324
2014-11-18,-1.3687
2014-11-19,-0.0434
2014-11-20,3.9046
2014-11-21,0.8768
2014-11-22,
2014-11-23,
2014-11-24,-0.4139
2014-11-25,-1.4963
2014-11-26,-2.7848
2014-11-27,
2014-11-28,-12.066
2014-11-29,
2014-11-30,
2014-12-01,-0.9378
2014-12-02,-1.0962
2014-12-03,0.2519
2014-12-04,-2.0101
2014-12-05,-1.0769
2014-12-06,
2014-12-07,
2014-12-08,-6.5837
2014-12-09,1.8313000000000001
2014-12-10,-6.594
2014-12-11,-2.5088
2014-12-12,3.1718
2014-12-13,
2014-12-14,
2014-12-15,-0.116
2014-12-16,1.3357
2014-12-17,7.0487
2014-12-18,2.4625
2014-12-19,3.7618
2014-12-20,
2014-12-21,
2014-12-22,-7.2508
2014-12-23,10.152
2014-12-24,-2.2178
2014-12-25,
2014-12-26,-0.6552
2014-12-27,
2014-12-28,
2014-12-29,1.5221
2014-12-30,-1.8491
2014-12-31,-0.3564
2015-01-01,
2015-01-02,0.9709
2015-01-03,
2015-01-04,
2015-01-05,-6.4271
2015-01-06,-2.7042
2015-01-07,-0.3335
2015-01-08,2.6771000000000003
2015-01-09,-0.2173
2015-01-10,
2015-01-11,
2015-01-12,-3.7016999999999998
2015-01-13,1.3991
2015-01-14,5.098
2015-01-15,-2.2921
2015-01-16,3.8189
2015-01-17,
2015-01-18,
2015-01-19,
2015-01-20,0.2627
2015-01-21,4.1405
2015-01-22,-1.2582
2015-01-23,0.2039
2015-01-24,
2015-01-25,
2015-01-26,2.4415
2015-01-27,0.5462
2015-01-28,-5.5309
2015-01-29,0.4182
2015-01-30,-0.1562
2015-01-31,
2015-02-01,
2015-02-02,6.9864
2015-02-03,2.3879
2015-02-04,-2.3322
2015-02-05,1.6082
2015-02-06,-0.2878
2015-02-07,
2015-02-08,
2015-02-09,-1.443
2015-02-10,-1.2689
2015-02-11,-0.8403
2015-02-12,2.1934
2015-02-13,2.8293
2015-02-14,
2015-02-15,
2015-02-16,
2015-02-17,0.8539
2015-02-18,-2.3989
2015-02-19,-1.6867
2015-02-20,-0.4902
2015-02-21,
2015-02-22,
2015-02-23,-2.9064
2015-02-24,0.8625
2015-02-25,-9.5573
2015-02-26,-4.3382
2015-02-27,-3.0233
2015-02-28,
2015-03-01,
2015-03-02,-0.4796
2015-03-03,-2.4096
2015-03-04,-4.3827
2015-03-05,2.776
2015-03-06,-4.7111
2015-03-07,
2015-03-08,
2015-03-09,-6.1305
2015-03-10,-2.809
2015-03-11,3.2514
2015-03-12,-2.5892
2015-03-13,-0.8621
2015-03-14,
2015-03-15,
2015-03-16,1.1594
2015-03-17,-1.0745
2015-03-18,2.3172
2015-03-19,-4.4586
2015-03-20,0.8148
2015-03-21,
2015-03-22,
2015-03-23,3.6738
2015-03-24,1.0631
2015-03-25,0.561
2015-03-26,-0.8368
2015-03-27,-1.3361
2015-03-28,
2015-03-29,
2015-03-30,-0.4277
2015-03-31,1.3601
2015-04-01,1.3418
2015-04-02,1.6724999999999999
2015-04-03,
2015-04-04,
2015-04-05,
2015-04-06,3.8382
2015-04-07,1.3201
2015-04-08,-1.6287
2015-04-09,0.8609
2015-04-10,-1.9698
2015-04-11,
2015-04-12,
2015-04-13,-0.4856
2015-04-14,3.2498
2015-04-15,5.0492
2015-04-16,-0.9363
2015-04-17,-2.6465
2015-04-18,
2015-04-19,
2015-04-20,-0.9709
2015-04-21,-4.7712
2015-04-22,-1.0981
2015-04-23,0.9022
2015-04-24,0.0
2015-04-25,
2015-04-26,
2015-04-27,-1.0316
2015-04-28,1.1118999999999999
2015-04-29,3.7801
2015-04-30,4.4371
2015-05-01,4.8827
2015-05-02,
2015-05-03,
2015-05-04,-0.9069
2015-05-05,-3.2337
2015-05-06,-7.1879
2015-05-07,-1.4946
2015-05-08,5.3793
2015-05-09,
2015-05-10,
2015-05-11,-0.6545
2015-05-12,1.7787
2015-05-13,-1.4239
2015-05-14,-0.9192
2015-05-15,-0.5964
2015-05-16,
2015-05-17,
2015-05-18,-0.7333
2015-05-19,-2.1491
2015-05-20,1.2354
2015-05-21,3.7965999999999998
2015-05-22,-1.6329
2015-05-23,
2015-05-24,
2015-05-25,
2015-05-26,-0.9296
2015-05-27,-1.0724
2015-05-28,-4.8103
2015-05-29,0.427
2015-05-30,
2015-05-31,
2015-06-01,-1.7718
2015-06-02,1.3709
2015-06-03,-3.4875
2015-06-04,-3.8348
2015-06-05,0.8436
2015-06-06,
2015-06-07,
2015-06-08,0.076
2015-06-09,0.4559
2015-06-10,-1.2103
2015-06-11,-4.2879
2015-06-12,-2.0
2015-06-13,
2015-06-14,
2015-06-15,-0.3265
2015-06-16,2.6208
2015-06-17,-3.5116
2015-06-18,-1.737
2015-06-19,-0.7576
2015-06-20,
2015-06-21,
2015-06-22,0.8482
2015-06-23,-0.9251
2015-06-24,-1.9525000000000001
2015-06-25,-3.8095
2015-06-26,0.45
2015-06-27,
2015-06-28,
2015-06-29,-1.1649
2015-06-30,1.2692999999999999
2015-07-01,-5.5506
2015-07-02,2.0853
2015-07-03,
2015-07-04,
2015-07-05,
2015-07-06,-3.2498
2015-07-07,9.9808
2015-07-08,-1.3089
2015-07-09,3.2714
2015-07-10,-2.6541
2015-07-11,
2015-07-12,
2015-07-13,-4.1337
2015-07-14,4.4037
2015-07-15,-0.7909
2015-07-16,2.5686
2015-07-17,-5.5268
2015-07-18,
2015-07-19,
2015-07-20,-6.1243
2015-07-21,-9.5424
2015-07-22,-2.5834
2015-07-23,-3.7569
2015-07-24,-4.9369
2015-07-25,
2015-07-26,
2015-07-27,1.087
2015-07-28,7.5269
2015-07-29,1.6667
2015-07-30,-1.9672
2015-07-31,-3.456
2015-08-01,
2015-08-02,
2015-08-03,-5.8891
2015-08-04,-1.8405
2015-08-05,-12.125
2015-08-06,16.5007
2015-08-07,1.5873
2015-08-08,
2015-08-09,
2015-08-10,3.726
2015-08-11,-4.8667
2015-08-12,-2.3143000000000002
2015-08-13,-6.4838000000000005
2015-08-14,-0.1333
2015-08-15,
2015-08-16,
2015-08-17,1.0681
2015-08-18,2.5099
2015-08-19,-5.4124
2015-08-20,-2.5886
2015-08-21,-3.9161
2015-08-22,
2015-08-23,
2015-08-24,-3.7846
2015-08-25,-8.7746
2015-08-26,5.141
2015-08-27,10.7256
2015-08-28,5.2707
2015-08-29,
2015-08-30,
2015-08-31,5.6834
2015-09-01,-3.073
2015-09-02,-2.5099
2015-09-03,0.813
2015-09-04,-2.2849
2015-09-05,
2015-09-06,
2015-09-07,
2015-09-08,5.5021
2015-09-09,-0.5215
2015-09-10,-0.5242
2015-09-11,-0.2635
2015-09-12,
2015-09-13,
2015-09-14,4.6235
2015-09-15,-0.3788
2015-09-16,14.0684
2015-09-17,-4.3333
2015-09-18,4.065
2015-09-19,
2015-09-20,
2015-09-21,-4.2411
2015-09-22,-6.7599
2015-09-23,-5.25
2015-09-24,2.3747
2015-09-25,-4.768
2015-09-26,
2015-09-27,
2015-09-28,-9.2016
2015-09-29,1.1923
2015-09-30,7.9529
2015-10-01,-1.6371
2015-10-02,9.4313
2015-10-03,
2015-10-04,
2015-10-05,6.7174
2015-10-06,6.6508
2015-10-07,1.8931
2015-10-08,2.0765
2015-10-09,-4.9251000000000005
2015-10-10,
2015-10-11,
2015-10-12,-7.2072
2015-10-13,-3.034
2015-10-14,2.8786
2015-10-15,1.5815000000000001
2015-10-16,0.5988
2015-10-17,
2015-10-18,
2015-10-19,-3.6905
2015-10-20,1.2361
2015-10-21,-3.9072
2015-10-22,-0.8895
2015-10-23,0.3846
2015-10-24,
2015-10-25,
2015-10-26,-8.94
2015-10-27,-5.7504
2015-10-28,3.7202
2015-10-29,-0.4304
2015-10-30,2.7378
2015-10-31,
2015-11-01,
2015-11-02,4.4881
2015-11-03,2.1477
2015-11-04,-1.9710999999999999
2015-11-05,0.8043
2015-11-06,-2.3936
2015-11-07,
2015-11-08,
2015-11-09,-0.9537
2015-11-10,-2.8886
2015-11-11,-7.3654
2015-11-12,-3.3639
2015-11-13,-3.481
2015-11-14,
2015-11-15,
2015-11-16,3.9344
2015-11-17,-7.4132
2015-11-18,2.2147
2015-11-19,-10.0
2015-11-20,-5.9259
2015-11-21,
2015-11-22,
2015-11-23,1.1811
2015-11-24,6.8093
2015-11-25,-1.4572
2015-11-26,
2015-11-27,-2.7725999999999997
2015-11-28,
2015-11-29,
2015-11-30,0.1901
2015-12-01,4.5541
2015-12-02,0.1815
2015-12-03,-11.7754
2015-12-04,-6.5708
2015-12-05,
2015-12-06,
2015-12-07,-6.1538
2015-12-08,3.0445
2015-12-09,1.5909
2015-12-10,2.0134
2015-12-11,-8.7719
2015-12-12,
2015-12-13,
2015-12-14,-3.8462
2015-12-15,-6.0
2015-12-16,3.7234
2015-12-17,-4.6154
2015-12-18,8.871
2015-12-19,
2015-12-20,
2015-12-21,0.2469
2015-12-22,-1.9704000000000002
2015-12-23,10.5528
2015-12-24,1.1364
2015-12-25,
2015-12-26,
2015-12-27,
2015-12-28,-8.5393
2015-12-29,12.5307
2015-12-30,-3.9301
2015-12-31,2.2727
2016-01-01,
2016-01-02,
2016-01-03,
2016-01-04,10.0
2016-01-05,1.2121
2016-01-06,-6.5868
2016-01-07,-5.7692
2016-01-08,0.6803
2016-01-09,
2016-01-10,
2016-01-11,-6.0811
2016-01-12,-2.8777
2016-01-13,-10.1235
2016-01-14,1.9231
2016-01-15,-4.0431
2016-01-16,
2016-01-17,
2016-01-18,
2016-01-19,-13.4831
2016-01-20,7.7922
2016-01-21,6.9277
2016-01-22,-1.1268
2016-01-23,
2016-01-24,
2016-01-25,-15.9544
2016-01-26,8.1356
2016-01-27,2.8213
2016-01-28,-3.6585
2016-01-29,7.2785
2016-01-30,
2016-01-31,
2016-02-01,-5.3097
2016-02-02,-6.8536
2016-02-03,12.3746
2016-02-04,-2.9762
2016-02-05,-6.135
2016-02-06,
2016-02-07,
2016-02-08,-33.3333
2016-02-09,-4.4118
2016-02-10,-12.8205
2016-02-11,4.7059
2016-02-12,-10.6742
2016-02-13,
2016-02-14,
2016-02-15,
2016-02-16,16.9811
2016-02-17,1.0753
2016-02-18,5.3191
2016-02-19,1.0101
2016-02-20,
2016-02-21,
2016-02-22,19.5
2016-02-23,-8.3682
2016-02-24,22.8311
2016-02-25,-4.8327
2016-02-26,5.4688
2016-02-27,
2016-02-28,
2016-02-29,-3.3333
2016-03-01,5.7471
2016-03-02,23.1884
2016-03-03,25.5882
2016-03-04,18.9696
2016-03-05,
2016-03-06,
2016-03-07,2.9528
2016-03-08,-17.782
2016-03-09,7.6744
2016-03-10,-0.432
2016-03-11,1.9523000000000001
2016-03-12,
2016-03-13,
2016-03-14,-6.8085
2016-03-15,-4.5662
2016-03-16,5.0239
2016-03-17,9.1116
2016-03-18,2.5052
2016-03-19,
2016-03-20,
2016-03-21,-0.611
2016-03-22,-1.2295
2016-03-23,-14.3154
2016-03-24,2.9055999999999997
2016-03-25,
2016-03-26,
2016-03-27,
2016-03-28,-2.3529
2016-03-29,-2.6506
2016-03-30,-0.7426
2016-03-31,2.7431
2016-04-01,-7.0388
2016-04-02,
2016-04-03,
2016-04-04,-2.8721
2016-04-05,1.0753
2016-04-06,-0.7979
2016-04-07,-3.2172
2016-04-08,4.1551
2016-04-09,
2016-04-10,
2016-04-11,19.6809
2016-04-12,34.4444
2016-04-13,0.1653
2016-04-14,-0.8251
2016-04-15,0.3328
2016-04-16,
2016-04-17,
2016-04-18,-1.1609
2016-04-19,2.6846
2016-04-20,4.902
2016-04-21,-3.5826000000000002
2016-04-22,5.8158
2016-04-23,
2016-04-24,
2016-04-25,-2.2901
2016-04-26,3.125
2016-04-27,8.1818
2016-04-28,-5.042
2016-04-29,1.3274
2016-04-30,
2016-05-01,
2016-05-02,-4.0757
2016-05-03,-11.9879
2016-05-04,-2.5862
2016-05-05,1.0619
2016-05-06,-19.6147
2016-05-07,
2016-05-08,
2016-05-09,-10.6754
2016-05-10,4.878
2016-05-11,1.3953
2016-05-12,-4.3578
2016-05-13,-2.6379
2016-05-14,
2016-05-15,
2016-05-16,-3.9409
2016-05-17,0.7692
2016-05-18,-2.0356
2016-05-19,0.2597
2016-05-20,-3.6269
2016-05-21,
2016-05-22,
2016-05-23,-1.3441
2016-05-24,10.3542
2016-05-25,7.4074
2016-05-26,-2.7586
2016-05-27,-1.6548
2016-05-28,
2016-05-29,
2016-05-30,
2016-05-31,3.125
2016-06-01,1.8648
2016-06-02,-2.746
2016-06-03,-3.7647
2016-06-04,
2016-06-05,
2016-06-06,11.7359
2016-06-07,2.1882
2016-06-08,6.424
2016-06-09,-1.8109
2016-06-10,-9.4262
2016-06-11,
2016-06-12,
2016-06-13,-2.0362
2016-06-14,-1.1547
2016-06-15,0.0
2016-06-16,-0.9346
2016-06-17,6.3679
2016-06-18,
2016-06-19,
2016-06-20,3.3259
2016-06-21,-0.8584
2016-06-22,-2.3810000000000002
2016-06-23,2.8825
2016-06-24,-5.819
2016-06-25,
2016-06-26,
2016-06-27,-7.0938
2016-06-28,5.4187
2016-06-29,3.271
2016-06-30,-3.1673999999999998
2016-07-01,7.243
2016-07-02,
2016-07-03,
2016-07-04,
2016-07-05,-6.3181
2016-07-06,1.1628
2016-07-07,-2.7586
2016-07-08,0.2364
2016-07-09,
2016-07-10,
2016-07-11,-1.4151
2016-07-12,9.5694
2016-07-13,-5.0218
2016-07-14,3.4483
2016-07-15,-1.7778
2016-07-16,
2016-07-17,
2016-07-18,4.0724
2016-07-19,-2.1739
2016-07-20,5.3333
2016-07-21,4.8523
2016-07-22,8.4507
2016-07-23,
2016-07-24,
2016-07-25,-4.6382
2016-07-26,4.0856
2016-07-27,-2.9907
2016-07-28,0.0
2016-07-29,4.4315999999999995
2016-07-30,
2016-07-31,
2016-08-01,-6.0886
2016-08-02,-3.7328
2016-08-03,7.9592
2016-08-04,-3.0246
2016-08-05,-4.6784
2016-08-06,
2016-08-07,
2016-08-08,2.454
2016-08-09,-3.992
2016-08-10,-0.2079
2016-08-11,4.7917
2016-08-12,-0.1988
2016-08-13,
2016-08-14,
2016-08-15,9.5618
2016-08-16,7.4545
2016-08-17,-3.8917
2016-08-18,9.1549
2016-08-19,-1.7742
2016-08-20,
2016-08-21,
2016-08-22,0.0
2016-08-23,6.0755
2016-08-24,-3.096
2016-08-25,1.1182
2016-08-26,1.1058
2016-08-27,
2016-08-28,
2016-08-29,0.625
2016-08-30,1.087
2016-08-31,-2.4577999999999998
2016-09-01,-1.5748
2016-09-02,5.6
2016-09-03,
2016-09-04,
2016-09-05,
2016-09-06,3.0303
2016-09-07,0.1471
2016-09-08,13.6564
2016-09-09,-1.5504
2016-09-10,
2016-09-11,
2016-09-12,5.643
2016-09-13,-8.323
2016-09-14,-2.8455
2016-09-15,1.1158
2016-09-16,1.3793
2016-09-17,
2016-09-18,
2016-09-19,-7.3469
2016-09-20,-3.6711
2016-09-21,2.7439
2016-09-22,1.9287999999999998
2016-09-23,-3.4934
2016-09-24,
2016-09-25,
2016-09-26,-0.1508
2016-09-27,-5.8911999999999995
2016-09-28,8.3467
2016-09-29,-9.3333
2016-09-30,2.451
2016-10-01,
2016-10-02,
2016-10-03,2.0734
2016-10-04,-0.4688
2016-10-05,6.7504
2016-10-06,-2.2059
2016-10-07,-4.5113
2016-10-08,
2016-10-09,
2016-10-10,1.4173
2016-10-11,-2.4845
2016-10-12,0.1592
2016-10-13,2.2258
2016-10-14,2.0218
2016-10-15,
2016-10-16,
2016-10-17,-3.2012
2016-10-18,2.6772
2016-10-19,3.0675
2016-10-20,2.8274
2016-10-21,-3.3285
2016-10-22,
2016-10-23,
2016-10-24,-4.7904
2016-10-25,-3.9308
2016-10-26,-1.8003
2016-10-27,1.3333
2016-10-28,-4.7697
2016-10-29,
2016-10-30,
2016-10-31,-4.8359
2016-11-01,-2.7223
2016-11-02,-0.9328
2016-11-03,1.6949
2016-11-04,-2.037
2016-11-05,
2016-11-06,
2016-11-07,3.0246
2016-11-08,-2.5688
2016-11-09,8.6629
2016-11-10,-1.2132
2016-11-11,-4.7368
2016-11-12,
2016-11-13,
2016-11-14,0.7366
2016-11-15,10.6033
2016-11-16,-2.314
2016-11-17,-0.3384
2016-11-18,0.8489
2016-11-19,
2016-11-20,
2016-11-21,7.0707
2016-11-22,1.2579
2016-11-23,3.1056
2016-11-24,
2016-11-25,-0.753
2016-11-26,
2016-11-27,
2016-11-28,-3.7936
2016-11-29,0.4732
2016-11-30,9.8901
2016-12-01,0.7143
2016-12-02,2.5532
2016-12-03,
2016-12-04,
2016-12-05,3.4577999999999998
2016-12-06,1.3369
2016-12-07,0.0
2016-12-08,0.2639
2016-12-09,1.5789
2016-12-10,
2016-12-11,
2016-12-12,-4.7927
2016-12-13,0.2721
2016-12-14,-3.9349
2016-12-15,-0.7062
2016-12-16,2.1337
2016-12-17,
2016-12-18,
2016-12-19,1.8106
2016-12-20,-0.2736
2016-12-21,1.9203999999999999
2016-12-22,-1.2113
2016-12-23,1.3624
2016-12-24,
2016-12-25,
2016-12-26,
2016-12-27,2.0161
2016-12-28,-4.7431
2016-12-29,-0.9682
2016-12-30,-1.9553
2016-12-31,
2017-01-01,
2017-01-02,
2017-01-03,-1.4245
2017-01-04,1.1561
2017-01-05,2.5714
2017-01-06,-2.3677
2017-01-07,
2017-01-08,
2017-01-09,-1.9971
2017-01-10,0.7278
2017-01-11,0.0
2017-01-12,0.1445
2017-01-13,-0.1443
2017-01-14,
2017-01-15,
2017-01-16,
2017-01-17,1.3006
2017-01-18,-0.428
2017-01-19,-5.1576
2017-01-20,1.0574
2017-01-21,
2017-01-22,
2017-01-23,-0.1495
2017-01-24,3.4431
2017-01-25,3.1838
2017-01-26,-0.1403
2017-01-27,-2.809
2017-01-28,
2017-01-29,
2017-01-30,-6.6474
2017-01-31,-0.1548
2017-02-01,-0.7752
2017-02-02,0.7813
2017-02-03,1.8605
2017-02-04,
2017-02-05,
2017-02-06,-2.8919
2017-02-07,-3.2915
2017-02-08,-0.8104
2017-02-09,3.1046
2017-02-10,1.1094
2017-02-11,
2017-02-12,
2017-02-13,-0.7837
2017-02-14,1.7378
2017-02-15,-1.8634
2017-02-16,-3.7975
2017-02-17,0.3289
2017-02-18,
2017-02-19,
2017-02-20,
2017-02-21,-0.3279
2017-02-22,-2.6316
2017-02-23,-2.8716
2017-02-24,-1.5652
2017-02-25,
2017-02-26,
2017-02-27,-0.7067
2017-02-28,-3.0249
2017-03-01,2.2018
2017-03-02,-3.7702
2017-03-03,-0.7463
2017-03-04,
2017-03-05,
2017-03-06,0.5639
2017-03-07,-1.6822
2017-03-08,-6.0837
2017-03-09,3.8462
2017-03-10,0.3899
2017-03-11,
2017-03-12,
2017-03-13,3.4951
2017-03-14,-1.6886
2017-03-15,4.0076
2017-03-16,0.0
2017-03-17,-2.9358
2017-03-18,
2017-03-19,
2017-03-20,-2.0794
2017-03-21,-2.1236
2017-03-22,-1.3807
2017-03-23,1.8
2017-03-24,2.5540000000000003
2017-03-25,
2017-03-26,
2017-03-27,-1.1494
2017-03-28,4.4574
2017-03-29,7.7922
2017-03-30,0.6885
2017-03-31,1.5385
2017-04-01,
2017-04-02,
2017-04-03,-0.3367
2017-04-04,6.7568
2017-04-05,-3.3228
2017-04-06,2.7823
2017-04-07,-1.2739
2017-04-08,
2017-04-09,
2017-04-10,0.4839
2017-04-11,-0.8026
2017-04-12,-0.4854
2017-04-13,-4.2276
2017-04-14,
2017-04-15,
2017-04-16,
2017-04-17,-3.3956
2017-04-18,-0.5272
2017-04-19,-2.8269
2017-04-20,1.0909
2017-04-21,-0.7194
2017-04-22,
2017-04-23,
2017-04-24,-2.5362
2017-04-25,2.4164
2017-04-26,-0.726
2017-04-27,-3.2907
2017-04-28,-0.5671
2017-04-29,
2017-04-30,
2017-05-01,0.9506
2017-05-02,0.1883
2017-05-03,4.1353
2017-05-04,-7.4007
2017-05-05,6.4327
2017-05-06,
2017-05-07,
2017-05-08,1.6484
2017-05-09,-2.7027
2017-05-10,6.4815
2017-05-11,-0.5217
2017-05-12,-1.5734
2017-05-13,
2017-05-14,
2017-05-15,-1.0657
2017-05-16,-0.5386
2017-05-17,-0.9025
2017-05-18,1.4572
2017-05-19,3.7702
2017-05-20,
2017-05-21,
2017-05-22,-0.8651
2017-05-23,-1.0471
2017-05-24,-2.1164
2017-05-25,-6.6667
2017-05-26,2.1236
2017-05-27,
2017-05-28,
2017-05-29,
2017-05-30,-3.5917
2017-05-31,-0.7843
2017-06-01,0.7905
2017-06-02,-2.7451
2017-06-03,
2017-06-04,
2017-06-05,-1.4113
2017-06-06,3.0675
2017-06-07,-4.7619
2017-06-08,-1.25
2017-06-09,4.8523
2017-06-10,
2017-06-11,
2017-06-12,1.8109
2017-06-13,4.3478
2017-06-14,-4.9242
2017-06-15,-0.3984
2017-06-16,2.0
2017-06-17,
2017-06-18,
2017-06-19,-2.1569
2017-06-20,-1.6032
2017-06-21,-7.943
2017-06-22,-0.4425
2017-06-23,1.5556
2017-06-24,
2017-06-25,
2017-06-26,2.1882
2017-06-27,2.7837
2017-06-28,1.25
2017-06-29,2.0576
2017-06-30,0.2016
2017-07-01,
2017-07-02,
2017-07-03,3.0181
2017-07-04,
2017-07-05,-6.6406
2017-07-06,-2.5105
2017-07-07,-2.5751
2017-07-08,
2017-07-09,
2017-07-10,2.6432
2017-07-11,1.2876
2017-07-12,-1.0593
2017-07-13,2.3555
2017-07-14,1.8828
2017-07-15,
2017-07-16,
2017-07-17,-0.4107
2017-07-18,-1.8557000000000001
2017-07-19,4.2017
2017-07-20,-2.4194
2017-07-21,-3.0992
2017-07-22,
2017-07-23,
2017-07-24,-0.6397
2017-07-25,4.0773
2017-07-26,-0.2062
2017-07-27,4.5455
2017-07-28,0.0
2017-07-29,
2017-07-30,
2017-07-31,-1.9763
2017-08-01,-3.4274
2017-08-02,-3.5491
2017-08-03,-2.5974
2017-08-04,0.6667
2017-08-05,
2017-08-06,
2017-08-07,-3.9735
2017-08-08,1.1494
2017-08-09,-0.6818
2017-08-10,-5.2632
2017-08-11,0.0
2017-08-12,
2017-08-13,
2017-08-14,-1.6907999999999999
2017-08-15,-2.2113
2017-08-16,0.5025
2017-08-17,-3.0
2017-08-18,2.0619
2017-08-19,
2017-08-20,
2017-08-21,-3.5354
2017-08-22,0.7853
2017-08-23,1.039
2017-08-24,-0.7712
2017-08-25,-1.8135
2017-08-26,
2017-08-27,
2017-08-28,-3.6939
2017-08-29,-0.274
2017-08-30,-0.8242
2017-08-31,0.831
2017-09-01,3.2967
2017-09-02,
2017-09-03,
2017-09-04,
2017-09-05,-1.5957
2017-09-06,1.6216
2017-09-07,2.9255
2017-09-08,-5.9432
2017-09-09,
2017-09-10,
2017-09-11,-0.2747
2017-09-12,3.0303
2017-09-13,5.3476
2017-09-14,4.0609
2017-09-15,-2.439
2017-09-16,
2017-09-17,
2017-09-18,1.25
2017-09-19,-0.2469
2017-09-20,3.7129
2017-09-21,-0.4773
2017-09-22,1.199
2017-09-23,
2017-09-24,
2017-09-25,3.5545
2017-09-26,0.0
2017-09-27,1.1442
2017-09-28,-1.5836999999999999
2017-09-29,-1.1494
2017-09-30,
2017-10-01,
2017-10-02,1.1628
2017-10-03,-1.3793
2017-10-04,-0.4662
2017-10-05,0.7026
2017-10-06,-2.3256
2017-10-07,
2017-10-08,
2017-10-09,-0.2381
2017-10-10,-6.6826
2017-10-11,1.023
2017-10-12,-2.5316
2017-10-13,0.7792
2017-10-14,
2017-10-15,
2017-10-16,-1.5464
2017-10-17,-1.0471
2017-10-18,-0.2646
2017-10-19,1.8568
2017-10-20,-1.0417
2017-10-21,
2017-10-22,
2017-10-23,-5.0
2017-10-24,1.108
2017-10-25,-2.7397
2017-10-26,-0.5634
2017-10-27,6.7989
2017-10-28,
2017-10-29,
2017-10-30,1.8568
2017-10-31,1.5625
2017-11-01,1.5385
2017-11-02,-7.5758
2017-11-03,2.1858
2017-11-04,
2017-11-05,
2017-11-06,11.7647
2017-11-07,0.0
2017-11-08,-5.0239
2017-11-09,3.5263999999999998
2017-11-10,0.7299
2017-11-11,
2017-11-12,
2017-11-13,0.2415
2017-11-14,-5.0602
2017-11-15,-2.2843
2017-11-16,0.0
2017-11-17,4.4156
2017-11-18,
2017-11-19,
2017-11-20,-3.7313
2017-11-21,-1.5504
2017-11-22,4.1995000000000005
2017-11-23,
2017-11-24,-1.2594
2017-11-25,
2017-11-26,
2017-11-27,-2.8061
2017-11-28,1.5748
2017-11-29,4.6512
2017-11-30,0.4938
2017-12-01,0.4914
2017-12-02,
2017-12-03,
2017-12-04,-3.423
2017-12-05,-0.7595
2017-12-06,-3.8265000000000002
2017-12-07,-1.8568
2017-12-08,-0.5405
2017-12-09,
2017-12-10,
2017-12-11,4.0761
2017-12-12,-0.5222
2017-12-13,-2.3622
2017-12-14,-2.1505
2017-12-15,-3.5714
2017-12-16,
2017-12-17,
2017-12-18,5.1282
2017-12-19,-2.168
2017-12-20,4.7091
2017-12-21,1.5873
2017-12-22,0.2604
2017-12-23,
2017-12-24,
2017-12-25,
2017-12-26,3.8961
2017-12-27,-3.0
2017-12-28,4.1237
2017-12-29,-1.9802
2017-12-30,
2017-12-31,
2018-01-01,
2018-01-02,3.5354
2018-01-03,-0.7317
2018-01-04,-0.4914
2018-01-05,-1.4815
2018-01-06,
2018-01-07,
2018-01-08,-0.5013
2018-01-09,2.0151
2018-01-10,-1.2346
2018-01-11,4.75
2018-01-12,2.148
2018-01-13,
2018-01-14,
2018-01-15,
2018-01-16,-3.271
2018-01-17,-1.2077
2018-01-18,-2.445
2018-01-19,-1.0025
2018-01-20,
2018-01-21,
2018-01-22,0.5063
2018-01-23,2.5189
2018-01-24,0.2457
2018-01-25,-2.9412000000000003
2018-01-26,1.0101
2018-01-27,
2018-01-28,
2018-01-29,-3.0
2018-01-30,-6.4433
2018-01-31,-3.5813
2018-02-01,-1.1429
2018-02-02,-3.7572
2018-02-03,
2018-02-04,
2018-02-05,-7.2072
2018-02-06,1.2945
2018-02-07,-7.6677
2018-02-08,-2.4221
2018-02-09,1.0638
2018-02-10,
2018-02-11,
2018-02-12,0.0
2018-02-13,-3.8596
2018-02-14,2.1898
2018-02-15,2.1429
2018-02-16,-4.5455
2018-02-17,
2018-02-18,
2018-02-19,
2018-02-20,1.4652
2018-02-21,-5.0542
2018-02-22,21.673000000000002
2018-02-23,0.0
2018-02-24,
2018-02-25,
2018-02-26,0.3125
2018-02-27,-4.6729
2018-02-28,-7.8431
2018-03-01,-0.7092
2018-03-02,5.7143
2018-03-03,
2018-03-04,
2018-03-05,5.4054
2018-03-06,-0.3205
2018-03-07,-2.2508
2018-03-08,-2.3026
2018-03-09,4.3771
2018-03-10,
2018-03-11,
2018-03-12,0.3226
2018-03-13,0.3215
2018-03-14,-2.8846
2018-03-15,-0.33
2018-03-16,1.3245
2018-03-17,
2018-03-18,
2018-03-19,-1.634
2018-03-20,3.3223
2018-03-21,3.8585000000000003
2018-03-22,-3.7152
2018-03-23,-1.2862
2018-03-24,
2018-03-25,
2018-03-26,1.6287
2018-03-27,-5.4487
2018-03-28,1.3559
2018-03-29,1.0033
2018-03-30,
2018-03-31,
2018-04-01,
2018-04-02,-1.6556
2018-04-03,-1.6835
2018-04-04,-0.3425
2018-04-05,5.8419
2018-04-06,-3.2468
2018-04-07,
2018-04-08,
2018-04-09,-0.6711
2018-04-10,4.3919
2018-04-11,3.2362
2018-04-12,-1.2539
2018-04-13,-0.3175
2018-04-14,
2018-04-15,
2018-04-16,-0.9554
2018-04-17,-2.2508
2018-04-18,2.9605
2018-04-19,-3.1949
2018-04-20,-0.9901
2018-04-21,
2018-04-22,
2018-04-23,-0.6667
2018-04-24,-1.3423
2018-04-25,1.3605
2018-04-26,1.3423
2018-04-27,-2.3179
2018-04-28,
2018-04-29,
2018-04-30,0.678
2018-05-01,0.3367
2018-05-02,-1.6779
2018-05-03,-0.3413
2018-05-04,4.4521
2018-05-05,
2018-05-06,
2018-05-07,2.623
2018-05-08,0.0
2018-05-09,4.1534
2018-05-10,2.7607
2018-05-11,0.2985
2018-05-12,
2018-05-13,
2018-05-14,7.1429
2018-05-15,3.0556
2018-05-16,5.9299
2018-05-17,9.1603
2018-05-18,-5.3613
2018-05-19,
2018-05-20,
2018-05-21,13.5468
2018-05-22,-1.5184
2018-05-23,2.2026
2018-05-24,-1.9397
2018-05-25,-5.4945
2018-05-26,
2018-05-27,
2018-05-28,
2018-05-29,-0.4651
2018-05-30,5.3738
2018-05-31,-0.8869
2018-06-01,1.3423
2018-06-02,
2018-06-03,
2018-06-04,-4.6358
2018-06-05,0.0
2018-06-06,1.1574
2018-06-07,7.5515
2018-06-08,2.3404
2018-06-09,
2018-06-10,
2018-06-11,2.2869
2018-06-12,-2.2358000000000002
2018-06-13,-1.0395
2018-06-14,-0.6303
2018-06-15,-1.9026999999999998
2018-06-16,
2018-06-17,
2018-06-18,2.1552
2018-06-19,1.0549
2018-06-20,1.8789
2018-06-21,-0.2049
2018-06-22,3.6961
2018-06-23,
2018-06-24,
2018-06-25,-3.1683
2018-06-26,2.863
2018-06-27,2.5845000000000002
2018-06-28,0.3876
2018-06-29,1.1583
2018-06-30,
2018-07-01,
2018-07-02,-1.145
2018-07-03,1.9304999999999999
2018-07-04,
2018-07-05,-0.1894
2018-07-06,0.3795
2018-07-07,
2018-07-08,
2018-07-09,1.8904
2018-07-10,0.1855
2018-07-11,-4.6296
2018-07-12,-0.5825
2018-07-13,1.3672
2018-07-14,
2018-07-15,
2018-07-16,-5.5877
2018-07-17,-2.6531000000000002
2018-07-18,-2.3061
2018-07-19,0.2146
2018-07-20,-2.5696
2018-07-21,
2018-07-22,
2018-07-23,-0.8791
2018-07-24,0.2217
2018-07-25,-2.4336
2018-07-26,-0.2268
2018-07-27,0.2273
2018-07-28,
2018-07-29,
2018-07-30,5.8957
2018-07-31,1.0707
2018-08-01,-5.7203
2018-08-02,-0.8989
2018-08-03,1.1338
2018-08-04,
2018-08-05,
2018-08-06,5.3812
2018-08-07,0.0
2018-08-08,-0.8511
2018-08-09,-0.6438
2018-08-10,0.6479
2018-08-11,
2018-08-12,
2018-08-13,-4.721
2018-08-14,1.5766
2018-08-15,-2.439
2018-08-16,-3.4091
2018-08-17,1.4118
2018-08-18,
2018-08-19,
2018-08-20,2.5522
2018-08-21,3.1673999999999998
2018-08-22,3.2895
2018-08-23,-0.6369
2018-08-24,-2.3504
2018-08-25,
2018-08-26,
2018-08-27,-0.2188
2018-08-28,-2.8509
2018-08-29,1.5800999999999998
2018-08-30,0.2222
2018-08-31,-1.7738
2018-09-01,
2018-09-02,
2018-09-03,
2018-09-04,-2.7088
2018-09-05,0.0
2018-09-06,-5.8004999999999995
2018-09-07,-0.7389
2018-09-08,
2018-09-09,
2018-09-10,1.2407
2018-09-11,-0.4902
2018-09-12,0.0
2018-09-13,-1.2315
2018-09-14,-0.2494
2018-09-15,
2018-09-16,
2018-09-17,-0.5
2018-09-18,3.7688
2018-09-19,4.1162
2018-09-20,2.5581
2018-09-21,0.6803
2018-09-22,
2018-09-23,
2018-09-24,5.1802
2018-09-25,-1.0707
2018-09-26,-4.7619
2018-09-27,1.3636
2018-09-28,0.6726
2018-09-29,
2018-09-30,
2018-10-01,2.0045
2018-10-02,-1.31
2018-10-03,4.646
2018-10-04,-2.9598
2018-10-05,-2.3965
2018-10-06,
2018-10-07,
2018-10-08,4.2411
2018-10-09,4.2827
2018-10-10,-5.3388
2018-10-11,-5.2061
2018-10-12,1.8307
2018-10-13,
2018-10-14,
2018-10-15,3.3708
2018-10-16,4.7826
2018-10-17,-2.4896
2018-10-18,-0.8511
2018-10-19,0.6438
2018-10-20,
2018-10-21,
2018-10-22,-3.1983
2018-10-23,-1.7621
2018-10-24,-12.1076
2018-10-25,2.0408
2018-10-26,-4.5
2018-10-27,
2018-10-28,
2018-10-29,-2.6178
2018-10-30,-12.0968
2018-10-31,7.3394
2018-11-01,1.7094
2018-11-02,-2.2409
2018-11-03,
2018-11-04,
2018-11-05,8.596
2018-11-06,-3.6939
2018-11-07,1.9178
2018-11-08,-4.8387
2018-11-09,2.5423999999999998
2018-11-10,
2018-11-11,
2018-11-12,-4.6832
2018-11-13,2.8902
2018-11-14,3.0899
2018-11-15,1.6349
2018-11-16,-4.0214
2018-11-17,
2018-11-18,
2018-11-19,-2.7933
2018-11-20,-8.046
2018-11-21,1.875
2018-11-22,
2018-11-23,-3.3742
2018-11-24,
2018-11-25,
2018-11-26,0.0
2018-11-27,-5.0794
2018-11-28,0.6689
2018-11-29,0.6645
2018-11-30,-3.6304
2018-12-01,
2018-12-02,
2018-12-03,5.8219
2018-12-04,-6.4725
2018-12-05,
2018-12-06,-5.8824
2018-12-07,0.0
2018-12-08,
2018-12-09,
2018-12-10,-2.5735
2018-12-11,-3.0189
2018-12-12,0.0
2018-12-13,0.3891
2018-12-14,-9.6899
2018-12-15,
2018-12-16,
2018-12-17,-3.4335
2018-12-18,-5.7778
2018-12-19,-4.717
2018-12-20,-8.9109
2018-12-21,3.2609
2018-12-22,
2018-12-23,
2018-12-24,-8.9474
2018-12-25,
2018-12-26,26.5896
2018-12-27,0.9132
2018-12-28,-2.7149
2018-12-29,
2018-12-30,
2018-12-31,-2.3256
2019-01-01,
2019-01-02,4.2857
2019-01-03,-2.7397
2019-01-04,5.6338
2019-01-05,
2019-01-06,
2019-01-07,5.3333
2019-01-08,3.3755
2019-01-09,12.6531
2019-01-10,-1.087
2019-01-11,-0.3663
2019-01-12,
2019-01-13,
2019-01-14,0.3676
2019-01-15,4.3956
2019-01-16,0.0
2019-01-17,1.4035
2019-01-18,2.7682
2019-01-19,
2019-01-20,
2019-01-21,
2019-01-22,-7.7440999999999995
2019-01-23,-1.8248
2019-01-24,2.2305
2019-01-25,1.0909
2019-01-26,
2019-01-27,
2019-01-28,1.4388
2019-01-29,-0.7092
2019-01-30,3.5714
2019-01-31,-1.7241
2019-02-01,-0.3509
2019-02-02,
2019-02-03,
2019-02-04,-1.7606000000000002
2019-02-05,-3.2258
2019-02-06,-3.7037
2019-02-07,-5.0
2019-02-08,-3.2389
2019-02-09,
2019-02-10,
2019-02-11,0.4184
2019-02-12,0.4167
2019-02-13,3.3195
2019-02-14,0.8032
2019-02-15,4.3825
2019-02-16,
2019-02-17,
2019-02-18,
2019-02-19,2.2901
2019-02-20,2.6119
2019-02-21,-5.4545
2019-02-22,0.0
2019-02-23,
2019-02-24,
2019-02-25,1.5385
2019-02-26,-0.3788
2019-02-27,10.2662
2019-02-28,2.069
2019-03-01,5.7432
2019-03-02,
2019-03-03,
2019-03-04,1.9169
2019-03-05,-1.5674000000000001
2019-03-06,-5.0955
2019-03-07,-0.3356
2019-03-08,-8.0808
2019-03-09,
2019-03-10,
2019-03-11,0.7326
2019-03-12,4.7273
2019-03-13,4.8611
2019-03-14,2.649
2019-03-15,-4.1935
2019-03-16,
2019-03-17,
2019-03-18,6.0606
2019-03-19,0.3175
2019-03-20,3.1646
2019-03-21,-0.3067
2019-03-22,-4.0
2019-03-23,
2019-03-24,
2019-03-25,-0.641
2019-03-26,2.9032
2019-03-27,0.0
2019-03-28,-1.5674000000000001
2019-03-29,-1.2739
2019-03-30,
2019-03-31,
2019-04-01,1.6129
2019-04-02,1.5873
2019-04-03,-1.875
2019-04-04,2.2293
2019-04-05,6.2305
2019-04-06,
2019-04-07,
2019-04-08,0.8798
2019-04-09,-2.907
2019-04-10,1.7964
2019-04-11,-2.0588
2019-04-12,-4.8048
2019-04-13,
2019-04-14,
2019-04-15,-3.1546
2019-04-16,0.6515
2019-04-17,-0.9709
2019-04-18,-4.902
2019-04-19,
2019-04-20,
2019-04-21,
2019-04-22,6.5292
2019-04-23,2.2580999999999998
2019-04-24,-3.1546
2019-04-25,-4.2345
2019-04-26,1.0204
2019-04-27,
2019-04-28,
2019-04-29,-0.6734
2019-04-30,-1.3559
2019-05-01,-2.7491
2019-05-02,-3.5336
2019-05-03,3.2967
2019-05-04,
2019-05-05,
2019-05-06,2.4823
2019-05-07,-3.8062
2019-05-08,3.9568
2019-05-09,-7.2664
2019-05-10,-2.6119
2019-05-11,
2019-05-12,
2019-05-13,-8.046
2019-05-14,6.6667
2019-05-15,-2.3438
2019-05-16,1.2
2019-05-17,-4.7431
2019-05-18,
2019-05-19,
2019-05-20,-4.5643
2019-05-21,3.4783
2019-05-22,-7.9832
2019-05-23,-5.9361
2019-05-24,-2.4272
2019-05-25,
2019-05-26,
2019-05-27,
2019-05-28,-3.4826
2019-05-29,10.3093
2019-05-30,-4.6729
2019-05-31,-5.8824
2019-06-01,
2019-06-02,
2019-06-03,2.0833
2019-06-04,2.551
2019-06-05,-6.4677
2019-06-06,1.5957
2019-06-07,-1.0471
2019-06-08,
2019-06-09,
2019-06-10,0.0
2019-06-11,0.5291
2019-06-12,-7.3684
2019-06-13,3.9773
2019-06-14,-3.2787
2019-06-15,
2019-06-16,
2019-06-17,3.3898
2019-06-18,3.8251
2019-06-19,-3.6842
2019-06-20,8.1967
2019-06-21,-1.5152
2019-06-22,
2019-06-23,
2019-06-24,-2.0513
2019-06-25,-4.1885
2019-06-26,4.3716
2019-06-27,-1.5707
2019-06-28,3.7234
2019-06-29,
2019-06-30,
2019-07-01,0.5128
2019-07-02,-5.6122
2019-07-03,-0.5405
2019-07-04,
2019-07-05,0.5435
2019-07-06,
2019-07-07,
2019-07-08,-2.1622
2019-07-09,0.0
2019-07-10,5.5249
2019-07-11,-0.5236
2019-07-12,1.5789
2019-07-13,
2019-07-14,
2019-07-15,-5.1813
2019-07-16,-3.2787
2019-07-17,-3.9548
2019-07-18,-7.0588
2019-07-19,2.5316
2019-07-20,
2019-07-21,
2019-07-22,1.2346
2019-07-23,2.439
2019-07-24,2.9762
2019-07-25,-2.8902
2019-07-26,-1.7856999999999998
2019-07-27,
2019-07-28,
2019-07-29,-0.6061
2019-07-30,9.7561
2019-07-31,0.5556
2019-08-01,-8.8398
2019-08-02,-0.6061
2019-08-03,
2019-08-04,
2019-08-05,-4.878
2019-08-06,-10.8974
2019-08-07,0.0
2019-08-08,5.7554
2019-08-09,-2.0408
2019-08-10,
2019-08-11,
2019-08-12,-2.7778
2019-08-13,3.5714
2019-08-14,-6.8966
2019-08-15,-4.4444
2019-08-16,7.7519
2019-08-17,
2019-08-18,
2019-08-19,15.1079
2019-08-20,-0.625
2019-08-21,1.8868
2019-08-22,-0.6173
2019-08-23,-8.6957
2019-08-24,
2019-08-25,
2019-08-26,1.3605
2019-08-27,-6.7114
2019-08-28,5.7554
2019-08-29,4.7619
2019-08-30,-6.4935
2019-08-31,
2019-09-01,
2019-09-02,
2019-09-03,-4.1667
2019-09-04,6.5217
2019-09-05,8.8435
2019-09-06,-1.25
2019-09-07,
2019-09-08,
2019-09-09,19.6203
2019-09-10,-3.1746
2019-09-11,0.0
2019-09-12,-2.1858
2019-09-13,-0.5587
2019-09-14,
2019-09-15,
2019-09-16,15.7303
2019-09-17,-14.0777
2019-09-18,-10.1695
2019-09-19,3.1447
2019-09-20,-3.6585
2019-09-21,
2019-09-22,
2019-09-23,-3.7975
2019-09-24,-5.9211
2019-09-25,-0.6993
2019-09-26,-0.7042
2019-09-27,-0.7092
2019-09-28,
2019-09-29,
2019-09-30,0.7143
2019-10-01,-5.6738
2019-10-02,-0.7519
2019-10-03,3.0303
2019-10-04,0.0
2019-10-05,
2019-10-06,
2019-10-07,-2.2059
2019-10-08,-3.7594
2019-10-09,-0.7813
2019-10-10,1.5748
2019-10-11,7.7519
2019-10-12,
2019-10-13,
2019-10-14,-3.5971
2019-10-15,0.0
2019-10-16,-2.2388
2019-10-17,0.0
2019-10-18,-1.5267
2019-10-19,
2019-10-20,
2019-10-21,5.4264
2019-10-22,-0.7353
2019-10-23,5.9259
2019-10-24,3.4965
2019-10-25,5.4054
2019-10-26,
2019-10-27,
2019-10-28,-5.7692
2019-10-29,0.0
2019-10-30,-4.7619
2019-10-31,-4.2857
2019-11-01,7.4627
2019-11-02,
2019-11-03,
2019-11-04,8.3333
2019-11-05,-17.9487
2019-11-06,-29.1484
2019-11-07,-0.0662
2019-11-08,-0.6951
2019-11-09,
2019-11-10,
2019-11-11,-10.2556
2019-11-12,-17.0732
2019-11-13,4.7775
2019-11-14,-1.6814
2019-11-15,1.5072
2019-11-16,
2019-11-17,
2019-11-18,-8.1097
2019-11-19,-13.6576
2019-11-20,2.6633
2019-11-21,1.3322
2019-11-22,1.8509
2019-11-23,
2019-11-24,
2019-11-25,-1.4946
2019-11-26,2.7759
2019-11-27,3.8416
2019-11-28,
2019-11-29,-3.8288
2019-11-30,
2019-12-01,
2019-12-02,1.8646
2019-12-03,5.1286
2019-12-04,16.549
2019-12-05,-3.1763
2019-12-06,5.6575
2019-12-07,
2019-12-08,
2019-12-09,3.8811
2019-12-10,-1.8237
2019-12-11,-3.8829000000000002
2019-12-12,5.0329
2019-12-13,0.8433
2019-12-14,
2019-12-15,
2019-12-16,-2.4835
2019-12-17,6.0681
2019-12-18,10.2536
2019-12-19,2.0333
2019-12-20,3.7461
2019-12-21,
2019-12-22,
2019-12-23,-0.2834
2019-12-24,-1.2947
2019-12-25,
2019-12-26,0.7252
2019-12-27,-9.5712
2019-12-28,
2019-12-29,
2019-12-30,-2.4236
2019-12-31,-0.9359
2020-01-01,
2020-01-02,4.1667
2020-01-03,6.6279
2020-01-04,
2020-01-05,
2020-01-06,-4.9073
2020-01-07,3.211
2020-01-08,-8.3222
2020-01-09,-4.7146
2020-01-10,-7.0211
2020-01-11,
2020-01-12,
2020-01-13,-6.7852
2020-01-14,-1.2328000000000001
2020-01-15,1.3819
2020-01-16,1.1139000000000001
2020-01-17,-4.1455
2020-01-18,
2020-01-19,
2020-01-20,
2020-01-21,-9.7838
2020-01-22,-0.6872
2020-01-23,-3.2236
2020-01-24,-2.6683
2020-01-25,
2020-01-26,
2020-01-27,-4.4974
2020-01-28,-2.7767
2020-01-29,3.9173999999999998
2020-01-30,-1.8199
2020-01-31,-3.1965
2020-02-01,
2020-02-02,
2020-02-03,-0.762
2020-02-04,-0.5316
2020-02-05,10.6097
2020-02-06,-2.8096
2020-02-07,-5.708
2020-02-08,
2020-02-09,
2020-02-10,-2.0699
2020-02-11,0.2592
2020-02-12,0.3182
2020-02-13,-2.7954
2020-02-14,-8.2195
2020-02-15,
2020-02-16,
2020-02-17,
2020-02-18,-2.9333
2020-02-19,9.7299
2020-02-20,-0.146
2020-02-21,-6.3936
2020-02-22,
2020-02-23,
2020-02-24,-1.6964000000000001
2020-02-25,0.7947
2020-02-26,-30.4798
2020-02-27,-15.7161
2020-02-28,5.7286
2020-02-29,
2020-03-01,
2020-03-02,-20.9091
2020-03-03,16.3218
2020-03-04,-1.5415
2020-03-05,-7.226
2020-03-06,-6.058
2020-03-07,
2020-03-08,
2020-03-09,-27.5449
2020-03-10,4.2594
2020-03-11,-8.3537
2020-03-12,1.8629
2020-03-13,95.9504
2020-03-14,
2020-03-15,
2020-03-16,-32.7667
2020-03-17,6.1973
2020-03-18,-15.1261
2020-03-19,4.5105
2020-03-20,-0.1053
2020-03-21,
2020-03-22,
2020-03-23,-7.2181
2020-03-24,13.0608
2020-03-25,-6.7805
2020-03-26,1.778
2020-03-27,-9.9524
2020-03-28,
2020-03-29,
2020-03-30,-1.9988000000000001
2020-03-31,3.5993
2020-04-01,-14.0127
2020-04-02,13.1987
2020-04-03,3.7478
2020-04-04,
2020-04-05,
2020-04-06,-3.2683
2020-04-07,-6.0462
2020-04-08,7.8864
2020-04-09,-0.5848
2020-04-10,
2020-04-11,
2020-04-12,
2020-04-13,-5.8824
2020-04-14,-18.0
2020-04-15,-37.5762
2020-04-16,-5.0061
2020-04-17,-7.1337
2020-04-18,
2020-04-19,
2020-04-20,-0.4844
2020-04-21,23.5744
2020-04-22,13.5622
2020-04-23,36.224
2020-04-24,45.2892
2020-04-25,
2020-04-26,
2020-04-27,-21.1317
2020-04-28,-7.3651
2020-04-29,-7.9849
2020-04-30,-34.8231
2020-05-01,-14.4
2020-05-02,
2020-05-03,
2020-05-04,3.9386
2020-05-05,-0.6423
2020-05-06,-4.0078
2020-05-07,-1.6835
2020-05-08,0.6849
2020-05-09,
2020-05-10,
2020-05-11,-12.2449
2020-05-12,-14.8837
2020-05-13,-12.5683
2020-05-14,-9.2708
2020-05-15,23.8806
2020-05-16,
2020-05-17,
2020-05-18,15.7553
2020-05-19,-4.1633
2020-05-20,10.6934
2020-05-21,6.8679
2020-05-22,-3.178
2020-05-23,
2020-05-24,
2020-05-25,
2020-05-26,1.0941
2020-05-27,-0.3608
2020-05-28,-3.6206
2020-05-29,-2.2539
2020-05-30,
2020-05-31,
2020-06-01,0.0
2020-06-02,-1.3836
2020-06-03,2.1824
2020-06-04,7.1701
2020-06-05,76.5125
2020-06-06,
2020-06-07,
2020-06-08,181.9355
2020-06-09,-66.0326
2020-06-10,-29.2211
2020-06-11,4.9375
2020-06-12,9.0136
2020-06-13,
2020-06-14,
2020-06-15,-1.8721
2020-06-16,-18.601
2020-06-17,-13.8021
2020-06-18,-2.1903
2020-06-19,-1.3900000000000001
2020-06-20,
2020-06-21,
2020-06-22,-3.3673
2020-06-23,-0.6483
2020-06-24,-4.4861
2020-06-25,9.1375
2020-06-26,-7.277
