ticker,HAL US Equity
field,DAY_TO_DAY_TOT_RETURN_GROSS_DVDS
date,
2000-01-03,-4.8137
2000-01-04,0.4894
2000-01-05,-4.3831
2000-01-06,4.0747
2000-01-07,6.199
2000-01-10,-3.9939
2000-01-11,3.68
2000-01-12,-6.7901
2000-01-13,1.3245
2000-01-14,0.817
2000-01-18,8.1037
2000-01-19,1.1994
2000-01-20,-3.2593
2000-01-21,3.8285
2000-01-24,-5.8997
2000-01-25,0.3135
2000-01-26,-3.2813
2000-01-27,-3.0695
2000-01-28,-4.5
2000-01-31,0.8726
2000-02-01,0.692
2000-02-02,2.0619
2000-02-03,0.6734
2000-02-04,-1.505
2000-02-07,1.528
2000-02-08,-1.3378
2000-02-09,-3.7288
2000-02-10,-0.1761
2000-02-11,-3.351
2000-02-14,4.927
2000-02-15,7.1304
2000-02-16,1.6234
2000-02-17,-1.5974
2000-02-18,-4.7078
2000-02-22,-3.2368
2000-02-23,-3.3451
2000-02-24,3.2787
2000-02-25,-4.9383
2000-02-28,3.8961
2000-02-29,9.4643
2000-03-01,7.2013
2000-03-02,3.0534
2000-03-03,-3.1111
2000-03-06,0.9174
2000-03-07,7.8788
2000-03-08,-10.3933
2000-03-09,0.627
2000-03-10,-1.4019
2000-03-13,-1.7378
2000-03-14,-1.869
2000-03-15,-0.7168
2000-03-16,3.9604
2000-03-17,-2.5397
2000-03-20,-5.7003
2000-03-21,3.6269
2000-03-22,3.1667
2000-03-23,-2.1002
2000-03-24,2.9703
2000-03-27,-2.2436
2000-03-28,-1.1475
2000-03-29,6.7993
2000-03-30,0.7764
2000-03-31,1.3867
2000-04-03,3.3435
2000-04-04,-5.8824
2000-04-05,-5.0
2000-04-06,3.125
2000-04-07,1.1164
2000-04-10,-3.3123
2000-04-11,4.894
2000-04-12,1.5552000000000001
2000-04-13,-3.6753
2000-04-14,-1.1129
2000-04-17,-1.1254
2000-04-18,8.4553
2000-04-19,-0.5997
2000-04-20,1.9607999999999999
2000-04-24,-1.4793
2000-04-25,-0.4505
2000-04-26,5.279
2000-04-27,4.298
2000-04-28,-2.8846
2000-05-01,0.1414
2000-05-02,7.0621
2000-05-03,-4.4855
2000-05-04,3.8674
2000-05-05,-0.266
2000-05-08,3.2
2000-05-09,1.1628
2000-05-10,0.5109
2000-05-11,2.4142
2000-05-12,-0.5738
2000-05-15,2.9481
2000-05-16,-0.1212
2000-05-17,-0.9709
2000-05-18,-2.6961
2000-05-19,2.5189
2000-05-22,-6.8796
2000-05-23,2.9024
2000-05-24,-0.5128
2000-05-25,-0.3866
2000-05-26,-2.9754
2000-05-30,4.8
2000-05-31,3.9541
2000-06-01,-0.3681
2000-06-02,-4.9261
2000-06-05,-5.5699
2000-06-06,6.4472
2000-06-07,-2.0619
2000-06-08,-1.8420999999999998
2000-06-09,-2.0107
2000-06-12,5.7456
2000-06-13,0.2587
2000-06-14,-1.5484
2000-06-15,-2.4902
2000-06-16,5.3008
2000-06-19,-1.9705
2000-06-20,-0.651
2000-06-21,4.325
2000-06-22,-4.397
2000-06-23,0.0
2000-06-26,-0.7884
2000-06-27,1.0596
2000-06-28,-3.0636
2000-06-29,4.7828
2000-06-30,-2.5806
2000-07-03,-0.5298
2000-07-05,-5.0599
2000-07-06,-0.1403
2000-07-07,-1.8258
2000-07-10,-3.8627000000000002
2000-07-11,10.7143
2000-07-12,-1.2097
2000-07-13,-1.3605
2000-07-14,-0.4138
2000-07-17,-5.0208
2000-07-18,4.7029
2000-07-19,0.1393
2000-07-20,0.4172
2000-07-21,-6.3712
2000-07-24,-1.3314
2000-07-25,1.3493
2000-07-26,3.1065
2000-07-27,4.1607
2000-07-28,0.1722
2000-07-31,1.4438
2000-08-01,1.5249000000000001
2000-08-02,1.6021
2000-08-03,-0.9198
2000-08-04,2.4204
2000-08-07,0.9064
2000-08-08,2.2457
2000-08-09,5.6793
2000-08-10,-0.9204
2000-08-11,-2.1875999999999998
2000-08-14,2.451
2000-08-15,-1.5550000000000002
2000-08-16,5.0198
2000-08-17,-0.499
2000-08-18,-1.9767000000000001
2000-08-21,1.4235
2000-08-22,-0.2339
2000-08-23,1.0551
2000-08-24,-1.3921000000000001
2000-08-25,-0.8235
2000-08-28,1.7793999999999999
2000-08-29,0.2696
2000-08-30,-1.3513
2000-08-31,-0.0442
2000-09-01,1.4146
2000-09-05,-0.0365
2000-09-06,1.9814
2000-09-07,-2.2857
2000-09-08,-2.5731
2000-09-11,4.1642
2000-09-12,0.2665
2000-09-13,-4.4828
2000-09-14,-0.8424
2000-09-15,2.3058
2000-09-18,-3.1657
2000-09-19,-0.8959
2000-09-20,-3.8319
2000-09-21,-1.2852999999999999
2000-09-22,-1.9938
2000-09-25,-0.6643
2000-09-26,2.7166
2000-09-27,1.4323000000000001
2000-09-28,-0.0882
2000-09-29,0.6022
2000-10-02,2.9374000000000002
2000-10-03,-1.4888
2000-10-04,-6.801
2000-10-05,0.0
2000-10-06,-5.0
2000-10-09,0.9957
2000-10-10,3.662
2000-10-11,0.9511
2000-10-12,2.5572
2000-10-13,-4.9869
2000-10-16,-4.558
2000-10-17,0.4342
2000-10-18,-1.1527
2000-10-19,-0.1458
2000-10-20,2.9196999999999997
2000-10-23,-6.5248
2000-10-24,1.0622
2000-10-25,-10.961
2000-10-26,0.1686
2000-10-27,-0.3367
2000-10-30,-0.6757
2000-10-31,0.8503
2000-11-01,4.0472
2000-11-02,-2.269
2000-11-03,0.0
2000-11-06,1.4925
2000-11-07,-0.6536
2000-11-08,1.3158
2000-11-09,-1.461
2000-11-10,-2.1417
2000-11-13,-1.0101
2000-11-14,2.3810000000000002
2000-11-15,2.99
2000-11-16,-1.4516
2000-11-17,-2.6187
2000-11-20,-1.8487
2000-11-21,-0.5137
2000-11-22,-1.2048
2000-11-24,3.1359
2000-11-27,-0.8446
2000-11-28,-2.0443
2000-11-29,-2.9668
2000-11-30,-3.9568
2000-12-01,1.4981
2000-12-04,0.9225
2000-12-05,1.4625
2000-12-06,0.1802
2000-12-07,3.2374
2000-12-08,2.439
2000-12-11,3.2313
2000-12-12,0.3295
2000-12-13,-1.1494
2000-12-14,-1.8272
2000-12-15,0.846
2000-12-18,4.0268
2000-12-19,0.8065
2000-12-20,-3.36
2000-12-21,-1.9868000000000001
2000-12-22,-2.7027
2000-12-26,4.5139
2000-12-27,-1.6611
2000-12-28,0.3378
2000-12-29,-2.3569
2001-01-02,1.5516999999999999
2001-01-03,-1.3582
2001-01-04,-0.3442
2001-01-05,-0.3454
2001-01-08,1.3865
2001-01-09,4.1026
2001-01-10,3.2841
2001-01-11,2.0668
2001-01-12,-0.1558
2001-01-16,1.248
2001-01-17,-3.8521
2001-01-18,-3.6859
2001-01-19,-1.1647
2001-01-22,0.5051
2001-01-23,3.5176
2001-01-24,3.0744
2001-01-25,4.5526
2001-01-26,-2.1021
2001-01-29,-2.0859
2001-01-30,0.9023
2001-01-31,2.31
2001-02-01,-2.4035
2001-02-02,-0.2239
2001-02-05,2.4682
2001-02-06,3.7713
2001-02-07,0.8206
2001-02-08,-0.4651
2001-02-09,-0.771
2001-02-12,0.4238
2001-02-13,1.4068
2001-02-14,-0.2543
2001-02-15,-3.732
2001-02-16,0.8909
2001-02-20,-0.5012
2001-02-21,-0.4557
2001-02-22,-3.4217
2001-02-23,-1.3224
2001-02-26,3.0594
2001-02-27,1.9995
2001-02-28,-3.9324
2001-03-01,0.9794
2001-03-02,2.7605
2001-03-05,1.9361000000000002
2001-03-06,1.7330999999999999
2001-03-07,4.4341
2001-03-08,0.9162
2001-03-09,-1.4393
2001-03-12,-3.2577
2001-03-13,-4.366
2001-03-14,-0.7771
2001-03-15,-2.1292
2001-03-16,-2.2256
2001-03-19,3.8619
2001-03-20,1.2066
2001-03-21,-5.6204
2001-03-22,-2.3975
2001-03-23,2.6149
2001-03-26,0.3089
2001-03-27,-2.4891
2001-03-28,-3.1842
2001-03-29,-4.5121
2001-03-30,4.6114
2001-04-02,-6.9388
2001-04-03,-5.2339
2001-04-04,1.4809999999999999
2001-04-05,4.135
2001-04-06,-0.2044
2001-04-09,3.5401
2001-04-10,2.8539
2001-04-11,-3.3516
2001-04-12,-0.398
2001-04-16,3.5959
2001-04-17,2.2865
2001-04-18,-2.6932
2001-04-19,-2.491
2001-04-20,5.1093
2001-04-23,2.7545
2001-04-24,-1.2878
2001-04-25,2.8222
2001-04-26,9.0886
2001-04-27,-0.0475
2001-04-30,2.6122
2001-05-01,-1.7357
2001-05-02,-5.0871
2001-05-03,0.4963
2001-05-04,3.1111
2001-05-07,-1.6284
2001-05-08,0.3651
2001-05-09,3.1045
2001-05-10,0.2117
2001-05-11,-1.9014
2001-05-14,5.1687
2001-05-15,3.1854
2001-05-16,0.1323
2001-05-17,4.1841
2001-05-18,1.0569
2001-05-21,2.9073
2001-05-22,-2.4593
2001-05-23,-2.8548
2001-05-24,-0.0644
2001-05-25,1.9747
2001-05-29,-0.9682
2001-05-30,-2.2954
2001-05-31,1.675
2001-06-01,-1.3265
2001-06-04,3.2849
2001-06-05,-0.2315
2001-06-06,-5.0633
2001-06-07,-1.2889
2001-06-08,0.8555
2001-06-11,-1.6295
2001-06-12,1.5884
2001-06-13,-1.0498
2001-06-14,-2.3251
2001-06-15,-0.3467
2001-06-18,-1.6928999999999998
2001-06-19,0.4482
2001-06-20,-2.5364
2001-06-21,-5.4458
2001-06-22,0.051
2001-06-25,0.8406
2001-06-26,3.8899
2001-06-27,-6.0297
2001-06-28,-3.8292
2001-06-29,-4.2238
2001-07-02,-4.073
2001-07-03,-0.2928
2001-07-05,-0.3231
2001-07-06,-2.2687
2001-07-09,-1.1155
2001-07-10,1.4939
2001-07-11,-0.2103
2001-07-12,-4.3648
2001-07-13,1.1961
2001-07-16,-5.4432
2001-07-17,0.8553
2001-07-18,1.1416
2001-07-19,1.7414
2001-07-20,6.9414
2001-07-23,-0.2964
2001-07-24,-3.5672
2001-07-25,5.5795
2001-07-26,3.6496
2001-07-27,1.6901000000000002
2001-07-30,0.9695
2001-07-31,-3.9506
2001-08-01,-1.5995
2001-08-02,3.0189
2001-08-03,-0.9298
2001-08-06,0.3982
2001-08-07,0.17
2001-08-08,-5.2602
2001-08-09,-4.4776
2001-08-10,-1.5625
2001-08-13,-2.2222
2001-08-14,-0.8442
2001-08-15,7.5311
2001-08-16,-1.6442999999999999
2001-08-17,-1.1764999999999999
2001-08-20,-1.3784
2001-08-21,1.8107
2001-08-22,-1.9033
2001-08-23,-1.9083999999999999
2001-08-24,0.7782
2001-08-27,0.7079
2001-08-28,-2.7157
2001-08-29,-0.9852
2001-08-30,-7.131
2001-08-31,-0.5
2001-09-04,4.038
2001-09-05,0.5198
2001-09-06,0.6894
2001-09-07,-3.1838
2001-09-10,1.5912
2001-09-17,-7.2398
2001-09-18,-8.0675
2001-09-19,-7.551
2001-09-20,-4.8124
2001-09-21,4.731
2001-09-24,-6.1116
2001-09-25,-5.3774
2001-09-26,-1.7946
2001-09-27,6.0914
2001-09-28,7.8947
2001-10-01,-2.8825
2001-10-02,-2.1918
2001-10-03,4.2484
2001-10-04,6.3592
2001-10-05,-1.5579
2001-10-08,2.8657
2001-10-09,0.9563
2001-10-10,6.8781
2001-10-11,-0.8092
2001-10-12,-1.554
2001-10-15,-3.0387
2001-10-16,1.221
2001-10-17,-2.0507
2001-10-18,-5.3777
2001-10-19,4.1215
2001-10-22,2.2917
2001-10-23,1.2627
2001-10-24,0.362
2001-10-25,9.6192
2001-10-26,2.0841
2001-10-29,-0.4298
2001-10-30,-5.2158
2001-10-31,-6.2998
2001-11-01,-2.8757
2001-11-02,-2.5855
2001-11-05,-3.2962
2001-11-06,-3.8513
2001-11-07,1.9797
2001-11-08,2.5734
2001-11-09,0.1761
2001-11-12,0.1318
2001-11-13,0.9215
2001-11-14,-6.087
2001-11-15,-7.1759
2001-11-16,1.0474
2001-11-19,0.4442
2001-11-20,4.6683
2001-11-21,-1.8779
2001-11-23,2.7751
2001-11-26,-1.8155999999999999
2001-11-27,4.2437
2001-11-28,-2.516
2001-11-29,1.8300999999999998
2001-11-30,-1.2442
2001-12-03,2.9398
2001-12-04,-0.7253
2001-12-05,0.4566
2001-12-06,-5.2273
2001-12-07,-42.446
2001-12-10,16.6667
2001-12-11,0.0
2001-12-12,-5.2143
2001-12-13,0.6782
2001-12-14,-2.7695
2001-12-17,-1.2317
2001-12-18,0.0
2001-12-19,0.7794
2001-12-20,-0.8507
2001-12-21,1.4041000000000001
2001-12-24,2.6154
2001-12-26,-2.9234999999999998
2001-12-27,0.2317
2001-12-28,1.6179000000000001
2001-12-31,-0.6823
2002-01-02,-6.3359
2002-01-03,-11.0839
2002-01-04,-6.3245000000000005
2002-01-07,7.9256
2002-01-08,-0.3626
2002-01-09,10.3731
2002-01-10,-4.7815
2002-01-11,-5.1948
2002-01-14,-1.6438000000000001
2002-01-15,-0.9285
2002-01-16,-3.9363
2002-01-17,-0.2927
2002-01-18,-1.5655999999999999
2002-01-22,1.8887
2002-01-23,5.3659
2002-01-24,24.3519
2002-01-25,6.7759
2002-01-28,-5.9275
2002-01-29,4.0771
2002-01-30,-4.6296
2002-01-31,2.6886
2002-02-01,1.0909
2002-02-04,-2.446
2002-02-05,-0.885
2002-02-06,-3.1994
2002-02-07,0.6149
2002-02-08,6.5699
2002-02-11,7.7419
2002-02-12,-3.1271
2002-02-13,2.7473
2002-02-14,-2.0053
2002-02-15,10.9823
2002-02-19,-2.2741
2002-02-20,-1.2579
2002-02-21,0.5732
2002-02-22,4.4332
2002-02-25,-0.0606
2002-02-26,0.3944
2002-02-27,0.4263
2002-02-28,0.0606
2002-03-01,2.4242
2002-03-04,2.2485
2002-03-05,-0.9838
2002-03-06,-0.1753
2002-03-07,1.7564
2002-03-08,-0.748
2002-03-11,-1.2753999999999999
2002-03-12,0.411
2002-03-13,-2.0468
2002-03-14,-4.0597
2002-03-15,3.7337
2002-03-18,-0.4199
2002-03-19,1.9277
2002-03-20,-1.4775
2002-03-21,-2.1596
2002-03-22,-3.74
2002-03-25,1.9108
2002-03-26,2.1875
2002-03-27,4.7706
2002-03-28,-0.3503
2002-04-01,-1.8161
2002-04-02,1.5513
2002-04-03,-2.2327
2002-04-04,0.4207
2002-04-05,-0.2992
2002-04-08,4.0816
2002-04-09,1.5571000000000002
2002-04-10,-0.0568
2002-04-11,-1.875
2002-04-12,-5.1534
2002-04-15,4.3956
2002-04-16,2.1637
2002-04-17,3.0338
2002-04-18,-2.1111
2002-04-19,0.681
2002-04-22,-0.7892
2002-04-23,-0.1705
2002-04-24,0.683
2002-04-25,0.2261
2002-04-26,-1.41
2002-04-29,-1.7162
2002-04-30,-1.1059
2002-05-01,2.472
2002-05-02,-0.1149
2002-05-03,-3.5078
2002-05-06,-7.5089
2002-05-07,1.6753
2002-05-08,3.8023
2002-05-09,-0.1221
2002-05-10,1.467
2002-05-13,2.2892
2002-05-14,-0.9423
2002-05-15,-0.4162
2002-05-16,0.0597
2002-05-17,1.611
2002-05-20,1.2331
2002-05-21,1.1021
2002-05-22,3.2702
2002-05-23,7.7778
2002-05-24,-1.5464
2002-05-28,1.3089
2002-05-29,-3.2558
2002-05-30,-1.2286
2002-05-31,0.3245
2002-06-03,-1.186
2002-06-04,-1.5548
2002-06-05,-0.7813
2002-06-06,-0.8999
2002-06-07,0.3405
2002-06-10,-3.3937
2002-06-11,-3.4543
2002-06-12,3.0928
2002-06-13,0.5882
2002-06-14,-1.7544
2002-06-17,1.6667
2002-06-18,-0.7611
2002-06-19,-1.0619
2002-06-20,-1.3119
2002-06-21,-1.8127
2002-06-24,-0.0615
2002-06-25,-0.9852
2002-06-26,-3.4826
2002-06-27,1.482
2002-06-28,1.2063
2002-07-01,-4.8934
2002-07-02,-4.3536
2002-07-03,-0.6897
2002-07-05,4.0278
2002-07-08,-4.3391
2002-07-09,-1.4655
2002-07-10,-4.0368
2002-07-11,-2.0664
2002-07-12,1.8839000000000001
2002-07-15,-3.1065
2002-07-16,-0.3817
2002-07-17,-1.5326
2002-07-18,-1.0895
2002-07-19,-9.1267
2002-07-22,-13.6797
2002-07-23,-8.7262
2002-07-24,23.0769
2002-07-25,11.9643
2002-07-26,3.5088
2002-07-29,6.8567
2002-07-30,-1.9466
2002-07-31,-2.9412000000000003
2002-08-01,-4.8485
2002-08-02,-4.7771
2002-08-05,-3.8462
2002-08-06,5.7391
2002-08-07,0.1645
2002-08-08,8.4565
2002-08-09,4.3149
2002-08-12,-0.9434
2002-08-13,-2.0513
2002-08-14,6.0583
2002-08-15,6.6291
2002-08-16,-1.7856999999999998
2002-08-19,0.1347
2002-08-20,-5.2455
2002-08-21,0.9936
2002-08-22,5.4111
2002-08-23,-2.1333
2002-08-26,2.1117
2002-08-27,2.068
2002-08-28,-2.2876
2002-08-29,-1.3378
2002-08-30,3.0508
2002-09-03,-8.3882
2002-09-04,0.0725
2002-09-05,-0.9413
2002-09-06,1.1696
2002-09-09,-0.0723
2002-09-10,3.4707
2002-09-11,0.2795
2002-09-12,-2.439
2002-09-13,0.9286
2002-09-16,3.3263
2002-09-17,-3.0822
2002-09-18,-1.2014
2002-09-19,-5.5794
2002-09-20,-1.6667
2002-09-23,1.6949
2002-09-24,-6.2121
2002-09-25,5.0081
2002-09-26,3.8462
2002-09-27,-2.2963
2002-09-30,-2.1228
2002-10-01,8.830400000000001
2002-10-02,-0.4982
2002-10-03,4.4349
2002-10-04,-2.0548
2002-10-07,-2.0979
2002-10-08,-4.0714
2002-10-09,-4.8399
2002-10-10,6.8858
2002-10-11,3.0015
2002-10-14,4.833
2002-10-15,1.6949
2002-10-16,-2.2
2002-10-17,1.9087
2002-10-18,2.5418
2002-10-21,2.805
2002-10-22,-3.5533
2002-10-23,3.1579
2002-10-24,-3.5714
2002-10-25,-1.5873
2002-10-28,0.0672
2002-10-29,-0.7388
2002-10-30,3.2476
2002-10-31,6.0288
2002-11-01,5.686
2002-11-04,-2.807
2002-11-05,-2.0457
2002-11-06,10.258
2002-11-07,-7.7994
2002-11-08,0.1813
2002-11-11,-2.8951000000000002
2002-11-12,-1.4285999999999999
2002-11-13,-1.8273000000000001
2002-11-14,13.7997
2002-11-15,0.6768
2002-11-18,-0.2801
2002-11-19,-0.8427
2002-11-20,2.4363
2002-11-21,5.6969
2002-11-22,-1.3605
2002-11-25,-2.2016
2002-11-26,1.6383999999999999
2002-11-27,3.1166
2002-11-29,11.3601
2002-12-02,-2.7609
2002-12-03,-2.8393
2002-12-04,-2.1793
2002-12-05,0.8608
2002-12-06,1.3554
2002-12-09,-3.4175
2002-12-10,1.6923
2002-12-11,2.8744
2002-12-12,-1.9607999999999999
2002-12-13,-1.25
2002-12-16,2.5316
2002-12-17,0.4938
2002-12-18,-3.9312
2002-12-19,-0.2558
2002-12-20,-2.1538
2002-12-23,1.0482
2002-12-24,0.2075
2002-12-26,-1.9151
2002-12-27,-2.9024
2002-12-30,0.5435
2002-12-31,1.1351
2003-01-02,2.512
2003-01-03,-1.0428
2003-01-06,-0.4215
2003-01-07,-3.0688
2003-01-08,3.0022
2003-01-09,1.1129
2003-01-10,2.9874
2003-01-13,-0.8142
2003-01-14,-3.0272
2003-01-15,0.4762
2003-01-16,1.0532
2003-01-17,-1.9281000000000001
2003-01-21,-3.6132
2003-01-22,1.1577
2003-01-23,1.0899
2003-01-24,-0.8086
2003-01-27,-3.3696
2003-01-28,3.4871
2003-01-29,1.087
2003-01-30,1.0753
2003-01-31,-0.2128
2003-02-03,0.7463
2003-02-04,1.3228
2003-02-05,-0.9922
2003-02-06,1.6878
2003-02-07,-2.0747
2003-02-10,3.2839
2003-02-11,0.4615
2003-02-12,-1.4803
2003-02-13,-2.6425
2003-02-14,2.1288
2003-02-18,1.9281000000000001
2003-02-19,-0.818
2003-02-20,0.1031
2003-02-21,2.9866
2003-02-24,2.4
2003-02-25,-2.6367000000000003
2003-02-26,1.8054000000000001
2003-02-27,-1.6256
2003-02-28,1.4522
2003-03-03,1.1846
2003-03-04,-2.122
2003-03-05,0.3009
2003-03-06,2.05
2003-03-07,1.2248999999999999
2003-03-10,-2.5169
2003-03-11,-2.9791
2003-03-12,-1.74
2003-03-13,1.1979
2003-03-14,0.6176
2003-03-17,2.3018
2003-03-18,4.5
2003-03-19,-1.9139
2003-03-20,2.9756
2003-03-21,-1.9422000000000001
2003-03-24,-2.8019
2003-03-25,2.6839
2003-03-26,0.1452
2003-03-27,3.9149000000000003
2003-03-28,-0.2791
2003-03-31,-3.3116
2003-04-01,1.3989
2003-04-02,1.4272
2003-04-03,-3.3771
2003-04-04,-0.3398
2003-04-07,1.3639000000000001
2003-04-08,0.0
2003-04-09,0.1922
2003-04-10,2.8777
2003-04-11,0.6993
2003-04-14,0.2315
2003-04-15,-3.9723
2003-04-16,-2.5012
2003-04-17,3.3547000000000002
2003-04-21,-0.9069
2003-04-22,1.2524
2003-04-23,0.666
2003-04-24,0.9452
2003-04-25,-0.7491
2003-04-28,0.5189
2003-04-29,-1.5016
2003-04-30,2.001
2003-05-01,-0.7473
2003-05-02,3.2941
2003-05-05,0.9567
2003-05-06,2.2563
2003-05-07,3.0891
2003-05-08,0.6421
2003-05-09,0.8082
2003-05-12,-1.9830999999999999
2003-05-13,2.8842
2003-05-14,1.2971
2003-05-15,0.6609
2003-05-16,-2.462
2003-05-19,-2.3559
2003-05-20,-0.5601
2003-05-21,3.7695
2003-05-22,-0.6263
2003-05-23,-0.4622
2003-05-27,1.3086
2003-05-28,-1.8333
2003-05-29,-1.7402
2003-05-30,3.1102
2003-06-02,-1.6757
2003-06-03,-0.4048
2003-06-04,2.1075
2003-06-05,-0.1685
2003-06-06,1.4768
2003-06-09,-1.6632
2003-06-10,0.8457
2003-06-11,4.2767
2003-06-12,-0.965
2003-06-13,-1.2992
2003-06-16,0.9461
2003-06-17,0.4075
2003-06-18,0.0406
2003-06-19,-0.8925
2003-06-20,-5.1985
2003-06-23,-2.5475
2003-06-24,1.1077
2003-06-25,2.7169
2003-06-26,-0.0853
2003-06-27,-1.2810000000000001
2003-06-30,-0.519
2003-07-01,-1.2174
2003-07-02,0.0
2003-07-03,-1.5405
2003-07-07,-0.6258
2003-07-08,2.6991
2003-07-09,2.7157
2003-07-10,-2.9851
2003-07-11,-0.6593
2003-07-14,-1.4602
2003-07-15,-1.8859
2003-07-16,-1.6018
2003-07-17,-1.1628
2003-07-18,4.9412
2003-07-21,-3.1839
2003-07-22,0.0
2003-07-23,-0.7411
2003-07-24,-1.3532
2003-07-25,-0.1892
2003-07-28,0.4739
2003-07-29,-1.2264
2003-07-30,0.8118
2003-07-31,5.0213
2003-08-01,0.3157
2003-08-04,0.1799
2003-08-05,-0.5835
2003-08-06,1.5800999999999998
2003-08-07,3.3778
2003-08-08,0.7309
2003-08-11,-0.128
2003-08-12,-0.2991
2003-08-13,-1.1144
2003-08-14,0.4768
2003-08-15,0.9922
2003-08-18,0.1282
2003-08-19,-0.5973
2003-08-20,1.8455
2003-08-21,0.4214
2003-08-22,-2.2241
2003-08-25,-0.6438
2003-08-26,0.6479
2003-08-27,-0.6867
2003-08-28,3.8894
2003-08-29,0.5824
2003-09-02,1.8404
2003-09-03,0.4082
2003-09-04,-1.2602
2003-09-05,0.8646
2003-09-08,2.1224
2003-09-09,-1.9984
2003-09-10,-0.7749
2003-09-11,-1.5619
2003-09-12,1.2109
2003-09-15,-0.9488
2003-09-16,2.1241
2003-09-17,-1.5905
2003-09-18,0.6631
2003-09-19,0.3294
2003-09-22,0.6565
2003-09-23,1.4268
2003-09-24,0.5225
2003-09-25,-1.1595
2003-09-26,-2.7913
2003-09-29,2.2056
2003-09-30,-1.2622
2003-10-01,2.8866
2003-10-02,1.1222
2003-10-03,0.6342
2003-10-06,-0.8665
2003-10-07,1.47
2003-10-08,-1.0963
2003-10-09,-1.9794
2003-10-10,-0.0404
2003-10-13,-1.6162
2003-10-14,0.1232
2003-10-15,-1.4356
2003-10-16,1.1236
2003-10-17,-0.7819
2003-10-20,-0.7051
2003-10-21,1.6291
2003-10-22,-1.5619
2003-10-23,0.4175
2003-10-24,-0.2911
2003-10-27,1.5013
2003-10-28,-1.0682
2003-10-29,-2.3256
2003-10-30,-0.6378
2003-10-31,2.1823
2003-11-03,-0.7538
2003-11-04,0.8017
2003-11-05,1.9255
2003-11-06,-1.0267
2003-11-07,0.4564
2003-11-10,-1.4043999999999999
2003-11-11,-0.1676
2003-11-12,0.3777
2003-11-13,1.0452
2003-11-14,0.1655
2003-11-17,-2.1066
2003-11-18,-0.1266
2003-11-19,-1.0139
2003-11-20,-0.2561
2003-11-21,-0.9414
2003-11-24,0.3456
2003-11-25,0.0861
2003-11-26,0.6882
2003-11-28,0.2777
2003-12-01,0.1713
2003-12-02,0.6413
2003-12-03,-0.9346
2003-12-04,0.9863
2003-12-05,3.6093
2003-12-08,0.9836
2003-12-09,-0.3653
2003-12-10,1.833
2003-12-11,-1.24
2003-12-12,3.1187
2003-12-15,-3.1422
2003-12-16,1.9465
2003-12-17,1.8298
2003-12-18,5.9375
2003-12-19,-1.1799
2003-12-22,0.709
2003-12-23,-3.6310000000000002
2003-12-24,0.7689
2003-12-26,0.1145
2003-12-29,-0.2668
2003-12-30,0.1911
2003-12-31,-0.8391
2004-01-02,0.1154
2004-01-05,0.3458
2004-01-06,2.7948
2004-01-07,-1.1918
2004-01-08,1.6962000000000002
2004-01-09,3.7805999999999997
2004-01-12,0.1786
2004-01-13,-0.2496
2004-01-14,-2.1086
2004-01-15,-1.9715
2004-01-16,2.3836
2004-01-20,3.3103
2004-01-21,0.3169
2004-01-22,-0.9126
2004-01-23,2.4442
2004-01-26,1.2448
2004-01-27,-0.5464
2004-01-28,0.9959
2004-01-29,2.7882
2004-01-30,-0.2646
2004-02-02,1.1277
2004-02-03,-0.9511
2004-02-04,-0.3311
2004-02-05,-2.3256
2004-02-06,0.8503
2004-02-09,1.2816
2004-02-10,1.0989
2004-02-11,2.2398
2004-02-12,1.9008
2004-02-13,0.0316
2004-02-17,0.4741
2004-02-18,-2.6423
2004-02-19,0.7431
2004-02-20,-0.8659
2004-02-23,0.3559
2004-02-24,0.0645
2004-02-25,0.3222
2004-02-26,1.8947
2004-02-27,0.7249
2004-03-01,1.7208999999999999
2004-03-02,-1.4918
2004-03-03,-1.2539
2004-03-04,0.2222
2004-03-05,-0.1901
2004-03-08,0.3174
2004-03-09,-2.8788
2004-03-10,-2.3779
2004-03-11,-5.7724
2004-03-12,3.3994
2004-03-15,-0.0685
2004-03-16,-1.0966
2004-03-17,4.6431000000000004
2004-03-18,0.3974
2004-03-19,-2.7704
2004-03-22,-1.3229
2004-03-23,-0.8594
2004-03-24,-2.0458
2004-03-25,0.0708
2004-03-26,2.4407
2004-03-29,0.7942
2004-03-30,2.8434
2004-03-31,1.2325
2004-04-01,-1.1517
2004-04-02,-0.0666
2004-04-05,-2.1319
2004-04-06,0.1021
2004-04-07,0.9521
2004-04-08,0.5389
2004-04-12,2.1776
2004-04-13,-2.4262
2004-04-14,0.1344
2004-04-15,0.906
2004-04-16,2.0286
2004-04-19,-0.5867
2004-04-20,-1.8361
2004-04-21,-0.334
2004-04-22,3.1836
2004-04-23,0.1949
2004-04-26,0.1621
2004-04-27,2.4919000000000002
2004-04-28,-2.084
2004-04-29,-2.4186
2004-04-30,-1.5202
2004-05-03,2.2819
2004-05-04,-1.4108
2004-05-05,-1.0316
2004-05-06,-1.6812
2004-05-07,-3.4884
2004-05-10,-0.9922
2004-05-11,3.4359
2004-05-12,0.2076
2004-05-13,1.3122
2004-05-14,-0.6476
2004-05-17,-0.789
2004-05-18,-0.1383
2004-05-19,-0.9349
2004-05-20,-0.9437
2004-05-21,0.4234
2004-05-24,1.8974
2004-05-25,2.1379
2004-05-26,-0.7427
2004-05-27,-2.7211
2004-05-28,1.5385
2004-06-01,0.9814
2004-06-02,-1.3014000000000001
2004-06-03,-0.8675
2004-06-04,0.98
2004-06-07,1.9064
2004-06-08,-0.4422
2004-06-09,-1.0933
2004-06-10,0.829
2004-06-14,-0.2055
2004-06-15,0.8582
2004-06-16,3.3016
2004-06-17,-0.4942
2004-06-18,-0.5629
2004-06-21,-0.7326
2004-06-22,0.8051
2004-06-23,1.8968
2004-06-24,-0.3592
2004-06-25,1.7699
2004-06-28,-1.8035
2004-06-29,-2.0007
2004-06-30,1.2718
2004-07-01,0.033
2004-07-02,-0.1652
2004-07-06,-0.9265
2004-07-07,1.2024
2004-07-08,-0.7591
2004-07-09,-0.7981
2004-07-12,-0.8381
2004-07-13,0.2028
2004-07-14,2.9352
2004-07-15,1.7699
2004-07-16,1.4493
2004-07-19,-0.7619
2004-07-20,0.5438
2004-07-21,-1.5272000000000001
2004-07-22,0.2908
2004-07-23,-1.5786
2004-07-26,-1.4403000000000001
2004-07-27,2.5905
2004-07-28,1.0036
2004-07-29,0.8974
2004-07-30,0.8577
2004-08-02,-1.4173
2004-08-03,0.2556
2004-08-04,-2.3901
2004-08-05,-1.6977
2004-08-06,-1.4613
2004-08-09,0.7752
2004-08-10,-0.2341
2004-08-11,-2.4807
2004-08-12,-2.7500999999999998
2004-08-13,-0.7423
2004-08-16,-1.0328
2004-08-17,-1.7631999999999999
2004-08-18,3.2967
2004-08-19,0.0
2004-08-20,1.9504000000000001
2004-08-23,-1.287
2004-08-24,-0.6342
2004-08-25,0.7092
2004-08-26,1.3732
2004-08-27,0.5557
2004-08-30,0.2073
2004-08-31,0.9824
2004-09-01,2.434
2004-09-02,-0.6024
2004-09-03,1.4141
2004-09-07,-2.158
2004-09-08,1.4929999999999999
2004-09-09,1.5379
2004-09-10,-0.1976
2004-09-13,1.4847000000000001
2004-09-14,-0.0975
2004-09-15,0.5857
2004-09-16,0.55
2004-09-17,1.4157
2004-09-20,0.2221
2004-09-21,2.1526
2004-09-22,-0.6508
2004-09-23,0.5614
2004-09-24,4.1563
2004-09-27,-1.0721
2004-09-28,1.5352000000000001
2004-09-29,-1.5713
2004-09-30,1.4759
2004-10-01,2.1075
2004-10-04,-1.5407
2004-10-05,0.2952
2004-10-06,2.4139
2004-10-07,0.7473
2004-10-08,0.913
2004-10-11,-2.7707
2004-10-12,-0.8433
2004-10-13,-0.9384
2004-10-14,1.9538
2004-10-15,-0.3775
2004-10-18,-1.7488000000000001
2004-10-19,-0.5043
2004-10-20,3.22
2004-10-21,0.3755
2004-10-22,-0.8921
2004-10-25,-0.2613
2004-10-26,4.0175
2004-10-27,2.7708
2004-10-28,-1.28
2004-10-29,2.1793
2004-11-01,-0.8099
2004-11-02,-3.2662
2004-11-03,4.3331
2004-11-04,-0.4854
2004-11-05,0.0813
2004-11-08,-1.4081000000000001
2004-11-09,-0.0549
2004-11-10,2.5282
2004-11-11,-0.0804
2004-11-12,1.9313
2004-11-15,-2.6052999999999997
2004-11-16,1.0808
2004-11-17,1.1762
2004-11-18,2.8534
2004-11-19,2.3118
2004-11-22,0.3766
2004-11-23,1.2256
2004-11-24,0.7907
2004-11-26,0.1226
2004-11-29,0.5999
2004-11-30,0.9521
2004-12-01,-3.6276
2004-12-02,-3.1117
2004-12-03,0.3367
2004-12-06,0.9809
2004-12-07,-1.7127
2004-12-08,-0.2601
2004-12-09,2.6858
2004-12-10,-2.3108
2004-12-13,0.9618
2004-12-14,1.8795
2004-12-15,1.5415999999999999
2004-12-16,-1.7422
2004-12-17,-0.6079
2004-12-20,0.0765
2004-12-21,1.808
2004-12-22,-0.9505
2004-12-23,0.5051
2004-12-27,-2.3618
2004-12-28,1.1065
2004-12-29,0.9672
2004-12-30,-1.0083
2004-12-31,-0.0764
2005-01-03,-3.1091
2005-01-04,0.1052
2005-01-05,-1.2612
2005-01-06,1.7829000000000002
2005-01-07,-0.7059
2005-01-10,-0.3686
2005-01-11,0.9249
2005-01-12,3.4826
2005-01-13,2.7328
2005-01-14,1.7241
2005-01-18,1.2591
2005-01-19,0.9087
2005-01-20,-0.9716
2005-01-21,0.0239
2005-01-24,0.4785
2005-01-25,1.4285999999999999
2005-01-26,0.3286
2005-01-27,1.8016
2005-01-28,-6.1365
2005-01-31,0.7101
2005-02-01,-0.4619
2005-02-02,1.49
2005-02-03,0.5535
2005-02-04,0.4548
2005-02-07,-2.335
2005-02-08,-0.0732
2005-02-09,-0.708
2005-02-10,3.2702
2005-02-11,-0.2381
2005-02-14,-1.1456
2005-02-15,-0.1449
2005-02-16,2.6596
2005-02-17,-1.5779999999999998
2005-02-18,1.675
2005-02-22,-0.8473
2005-02-23,2.3024
2005-02-24,1.0209
2005-02-25,2.7791
2005-02-28,-1.7429999999999999
2005-03-01,-2.2629
2005-03-02,2.077
2005-03-03,0.7773
2005-03-04,1.6334
2005-03-07,-2.2991
2005-03-08,-0.7996
2005-03-09,-2.971
2005-03-10,-2.6584
2005-03-11,-1.5362
2005-03-14,4.0119
2005-03-15,-1.0952
2005-03-16,0.8666
2005-03-17,1.7184
2005-03-18,3.0502
2005-03-21,-0.8652
2005-03-22,-0.1837
2005-03-23,-3.6355
2005-03-24,0.4298
2005-03-28,1.0937000000000001
2005-03-29,-2.4459
2005-03-30,1.5911
2005-03-31,2.6341
2005-04-01,3.237
2005-04-04,0.5599
2005-04-05,-1.0022
2005-04-06,2.4747
2005-04-07,-0.966
2005-04-08,-1.7290999999999999
2005-04-11,0.5865
2005-04-12,-1.4577
2005-04-13,-2.6855
2005-04-14,-0.9588
2005-04-15,-4.1322
2005-04-18,1.4285999999999999
2005-04-19,4.0311
2005-04-20,-2.4276
2005-04-21,3.6603
2005-04-22,1.177
2005-04-25,0.8212
2005-04-26,-0.0452
2005-04-27,-3.2141
2005-04-28,-2.8297
2005-04-29,0.0963
2005-05-02,2.8613
2005-05-03,-1.9868999999999999
2005-05-04,0.6439
2005-05-05,0.8768
2005-05-06,-0.1879
2005-05-09,1.5533000000000001
2005-05-10,-2.2711
2005-05-11,1.0434
2005-05-12,-4.5764
2005-05-13,0.5903
2005-05-16,-0.489
2005-05-17,1.9902
2005-05-18,-1.7586
2005-05-19,1.2751000000000001
2005-05-20,1.0412
2005-05-23,0.5751
2005-05-24,0.7863
2005-05-25,0.9456
2005-05-26,-0.0937
2005-05-27,1.2658
2005-05-31,-0.7755
2005-06-01,1.2401
2005-06-02,-0.5315
2005-06-03,0.8597
2005-06-06,1.0366
2005-06-07,-1.4592
2005-06-08,-0.0694
2005-06-09,3.2878
2005-06-10,0.4259
2005-06-13,0.0446
2005-06-14,0.8478
2005-06-15,0.2212
2005-06-16,1.3466
2005-06-17,1.0455
2005-06-20,-0.1725
2005-06-21,-0.3239
2005-06-22,2.6863
2005-06-23,1.6245
2005-06-24,-0.1038
2005-06-27,1.8288
2005-06-28,-2.2857
2005-06-29,0.1044
2005-06-30,-0.2295
2005-07-01,0.5855
2005-07-05,3.2016999999999998
2005-07-06,-1.8735
2005-07-07,0.5954
2005-07-08,-1.3061
2005-07-11,0.9512
2005-07-12,0.4097
2005-07-13,-1.2036
2005-07-14,-2.8082000000000003
2005-07-15,-0.8286
2005-07-18,-0.557
2005-07-19,6.075
2005-07-20,-0.7514
2005-07-21,-0.3479
2005-07-22,9.4251
2005-07-25,2.9461
2005-07-26,1.677
2005-07-27,1.0219
2005-07-28,-0.1597
2005-07-29,-0.3733
2005-08-01,1.2132
2005-08-02,3.3668
2005-08-03,0.1705
2005-08-04,0.7661
2005-08-05,-1.3009
2005-08-08,0.3252
2005-08-09,-0.4436
2005-08-10,1.2339
2005-08-11,1.2697
2005-08-12,-1.6717
2005-08-15,-0.9691
2005-08-16,-2.0429
2005-08-17,-2.2082
2005-08-18,-0.6452
2005-08-19,1.8578999999999999
2005-08-22,0.8854
2005-08-23,0.0351
2005-08-24,2.7549
2005-08-25,-1.5198
2005-08-26,-0.7109
2005-08-29,0.9431
2005-08-30,3.5294
2005-08-31,3.8185000000000002
2005-09-01,1.871
2005-09-02,-1.3458
2005-09-06,4.0282
2005-09-07,-0.9565
2005-09-08,0.4206
2005-09-09,2.5282999999999998
2005-09-12,-3.7821
2005-09-13,-1.4151
2005-09-14,1.0367
2005-09-15,1.5312000000000001
2005-09-16,1.0572
2005-09-19,2.6615
2005-09-20,-1.1989
2005-09-21,0.4854
2005-09-22,-1.5849
2005-09-23,-0.2914
2005-09-26,3.3533
2005-09-27,1.3693
2005-09-28,1.8353000000000002
2005-09-29,0.0577
2005-09-30,-1.268
2005-10-03,0.5838
2005-10-04,-4.3384
2005-10-05,-5.5968
2005-10-06,-2.3618
2005-10-07,3.1924
2005-10-10,-2.8385
2005-10-11,1.395
2005-10-12,-1.0197
2005-10-13,-2.731
2005-10-14,3.0094
2005-10-17,0.049
2005-10-18,-4.5677
2005-10-19,1.6923
2005-10-20,-3.1434
2005-10-21,0.7463
2005-10-24,5.2369
2005-10-25,-2.7664
2005-10-26,-2.1044
2005-10-27,-5.2451
2005-10-28,4.5917
2005-10-31,2.5507999999999997
2005-11-01,1.5905
2005-11-02,4.8468
2005-11-03,2.7481999999999998
2005-11-04,-5.5195
2005-11-07,-3.2073
2005-11-08,-0.2367
2005-11-09,-1.0337
2005-11-10,-4.1096
2005-11-11,0.1071
2005-11-14,2.1406
2005-11-15,0.0349
2005-11-16,3.8582
2005-11-17,2.0508
2005-11-18,1.0871
2005-11-21,2.3627000000000002
2005-11-22,3.9478
2005-11-23,0.3828
2005-11-25,-0.8085
2005-11-28,-2.9991
2005-11-29,-0.8483
2005-11-30,1.9868999999999999
2005-12-01,2.5923
2005-12-02,0.8116
2005-12-05,-0.957
2005-12-06,-0.4908
2005-12-07,-0.1541
2005-12-08,2.9793
2005-12-09,-0.8844
2005-12-12,1.2704
2005-12-13,-1.5232999999999999
2005-12-14,0.9099
2005-12-15,-0.9618
2005-12-16,-3.308
2005-12-19,-1.742
2005-12-20,1.4055
2005-12-21,1.3073000000000001
2005-12-22,-0.2332
2005-12-23,-0.4987
2005-12-27,-3.5865
2005-12-28,1.4295
2005-12-29,-1.6015000000000001
2005-12-30,0.8464
2006-01-03,5.4551
2006-01-04,1.1938
2006-01-05,-2.314
2006-01-06,2.2604
2006-01-09,0.8933
2006-01-10,2.9412000000000003
2006-01-11,2.172
2006-01-12,-1.5979
2006-01-13,0.8409
2006-01-17,0.647
2006-01-18,-0.8571
2006-01-19,3.3862
2006-01-20,5.2265
2006-01-23,2.0
2006-01-24,-1.3764
2006-01-25,-2.2515
2006-01-26,1.2258
2006-01-27,5.0299
2006-01-30,2.4452
2006-01-31,-1.5335
2006-02-01,-0.8415
2006-02-02,-1.5579
2006-02-03,-0.4117
2006-02-06,0.0646
2006-02-07,-5.7715
2006-02-08,2.1513
2006-02-09,-2.7901
2006-02-10,1.1453
2006-02-13,-1.296
2006-02-14,-2.4050000000000002
2006-02-15,-2.8325
2006-02-16,3.8333
2006-02-17,-1.6002
2006-02-21,2.9529
2006-02-22,-1.9399
2006-02-23,-0.1837
2006-02-24,0.8211
2006-02-27,-3.1171
2006-02-28,-1.2319
2006-03-01,2.0147
2006-03-02,3.3444
2006-03-03,-0.7393
2006-03-06,-3.6818
2006-03-07,-3.1223
2006-03-08,0.7982
2006-03-09,-1.3148
2006-03-10,1.4383
2006-03-13,2.4478
2006-03-14,1.3403
2006-03-15,-0.2444
2006-03-16,2.1761
2006-03-17,-0.7193
2006-03-20,-2.6992000000000003
2006-03-21,0.0292
2006-03-22,0.7152
2006-03-23,2.1014
2006-03-24,1.1356
2006-03-27,0.4772
2006-03-28,2.221
2006-03-29,1.4758
2006-03-30,0.0539
2006-03-31,-1.7227000000000001
2006-04-03,-0.2054
2006-04-04,3.1975
2006-04-05,2.8457
2006-04-06,1.5257
2006-04-07,-1.592
2006-04-10,2.4071
2006-04-11,-2.9445
2006-04-12,-0.1432
2006-04-13,0.5607
2006-04-17,2.3859
2006-04-18,2.5836
2006-04-19,1.8395000000000001
2006-04-20,0.3758
2006-04-21,0.6401
2006-04-24,-3.6361
2006-04-25,-1.8431
2006-04-26,-0.5329
2006-04-27,-1.8112
2006-04-28,1.5199
2006-05-01,1.8554
2006-05-02,1.6709
2006-05-03,-2.2983000000000002
2006-05-04,1.0244
2006-05-05,-0.3005
2006-05-08,0.4646
2006-05-09,2.1997
2006-05-10,0.5626
2006-05-11,-2.6389
2006-05-12,-3.7347
2006-05-15,-2.3615
2006-05-16,-0.3189
2006-05-17,-1.6663999999999999
2006-05-18,-3.6334
2006-05-19,-0.1125
2006-05-22,-0.9155
2006-05-23,1.0377
2006-05-24,-1.4772
2006-05-25,5.3834
2006-05-26,-0.2033
2006-05-30,-2.1453
2006-05-31,3.7125
2006-06-01,0.7508
2006-06-02,2.169
2006-06-05,-3.2951
2006-06-06,-1.1717
2006-06-07,-4.1292
2006-06-08,2.4733
2006-06-09,0.7213
2006-06-12,-3.0299
2006-06-13,-3.0393
2006-06-14,3.7205
2006-06-15,4.9852
2006-06-16,0.1211
2006-06-19,-4.5009
2006-06-20,-0.9707
2006-06-21,2.4151
2006-06-22,-0.8462
2006-06-23,0.4057
2006-06-26,0.3901
2006-06-27,-2.984
2006-06-28,0.9871
2006-06-29,4.4341
2006-06-30,0.6647
2006-07-03,1.1454
2006-07-05,0.1599
2006-07-06,-1.2104
2006-07-07,-2.2351
2006-07-10,0.0551
2006-07-11,4.033
2006-07-12,-0.9262
2006-07-13,-1.5358
2006-07-14,0.2306
2006-07-17,-4.6008
2006-07-18,-3.4043
2006-07-19,0.2937
2006-07-20,-4.3045
2006-07-21,-8.0783
2006-07-24,3.5286
2006-07-25,1.1254
2006-07-26,1.7488000000000001
2006-07-27,1.0937999999999999
2006-07-28,0.8037
2006-07-31,2.2999
2006-08-01,1.1091
2006-08-02,-0.0296
2006-08-03,-0.0297
2006-08-04,-2.4918
2006-08-07,1.6124
2006-08-08,-1.018
2006-08-09,2.6618
2006-08-10,0.2357
2006-08-11,-0.4409
2006-08-14,-1.1515
2006-08-15,0.2688
2006-08-16,0.8043
2006-08-17,-0.7979
2006-08-18,1.4894
2006-08-21,0.0881
2006-08-22,-0.2639
2006-08-23,-1.7642
2006-08-24,-0.5986
2006-08-25,2.2282
2006-08-28,-2.1502
2006-08-29,1.2041
2006-08-30,-1.6508
2006-08-31,-1.1216
2006-09-01,0.9503
2006-09-05,-0.0911
2006-09-06,-2.8571
2006-09-07,-1.5332
2006-09-08,-2.129
2006-09-11,-3.7338
2006-09-12,-2.0236
2006-09-13,2.6162
2006-09-14,-2.5159000000000002
2006-09-15,-0.1032
2006-09-18,2.6524
2006-09-19,-2.349
2006-09-20,-4.3299
2006-09-21,0.9339
2006-09-22,0.3915
2006-09-25,-0.8508
2006-09-26,1.6089
2006-09-27,1.6186
2006-09-28,-1.3158
2006-09-29,-0.1754
2006-10-02,-2.0738
2006-10-03,-4.6303
2006-10-04,1.2796
2006-10-05,2.8242000000000003
2006-10-06,0.0361
2006-10-09,-2.1315
2006-10-10,1.1812
2006-10-11,-1.2039
2006-10-12,2.4742
2006-10-13,3.4595000000000002
2006-10-16,2.682
2006-10-17,-0.5088
2006-10-18,-2.3866
2006-10-19,2.6196
2006-10-20,-2.0422
2006-10-23,1.6678
2006-10-24,5.3999
2006-10-25,5.8366
2006-10-26,-0.7353
2006-10-27,-0.7716
2006-10-30,-1.1198
2006-10-31,1.7616
2006-11-01,-2.5348
2006-11-02,-1.0466
2006-11-03,1.859
2006-11-06,2.3285
2006-11-07,-2.5215
2006-11-08,0.5363
2006-11-09,0.7531
2006-11-10,-0.9966
2006-11-13,0.6291
2006-11-14,0.2501
2006-11-15,4.6149000000000004
2006-11-16,-3.0999
2006-11-17,0.2768
2006-11-20,-0.8282
2006-11-21,1.0207
2006-11-22,-0.1531
2006-11-24,-0.9813
2006-11-27,-1.2697
2006-11-28,2.6035
2006-11-29,3.0725
2006-11-30,0.2973
2006-12-01,-0.6224
2006-12-04,-0.686
2006-12-05,-0.2703
2006-12-06,-0.1204
2006-12-07,-0.7838
2006-12-08,-0.3039
2006-12-11,-0.64
2006-12-12,-1.0735999999999999
2006-12-13,1.4574
2006-12-14,1.5281
2006-12-15,-1.0536
2006-12-18,-2.8293
2006-12-19,1.1271
2006-12-20,-1.0526
2006-12-21,-0.6258
2006-12-22,-0.9446
2006-12-26,-0.9218
2006-12-27,0.5775
2006-12-28,-0.2871
2006-12-29,-0.6718
2007-01-03,-3.8003
2007-01-04,-2.1426
2007-01-05,-0.7869
2007-01-08,-0.1379
2007-01-09,-0.8633
2007-01-10,-1.2191
2007-01-11,-0.3173
2007-01-12,3.0067
2007-01-16,-1.0989
2007-01-17,0.9028
2007-01-18,-1.4797
2007-01-19,2.5846999999999998
2007-01-22,-0.1702
2007-01-23,1.3984
2007-01-24,1.4127
2007-01-25,-1.3599
2007-01-26,-1.9839
2007-01-29,-1.3378999999999999
2007-01-30,1.9471
2007-01-31,0.7503
2007-02-01,0.2708
2007-02-02,0.4389
2007-02-05,0.2353
2007-02-06,0.2347
2007-02-07,-0.8364
2007-02-08,0.2699
2007-02-09,0.6393
2007-02-12,-0.6018
2007-02-13,3.0945
2007-02-14,0.1631
2007-02-15,-1.0423
2007-02-16,-1.0862
2007-02-20,-0.0333
2007-02-21,0.7656
2007-02-22,4.0965
2007-02-23,0.1269
2007-02-26,1.1094
2007-02-27,-3.4326
2007-02-28,0.6183
2007-03-01,1.3583
2007-03-02,-1.1487
2007-03-05,-2.2595
2007-03-06,2.2787
2007-03-07,1.5499
2007-03-08,0.8903
2007-03-09,0.914
2007-03-12,0.5309
2007-03-13,-1.2116
2007-03-14,0.0943
2007-03-15,0.9739
2007-03-16,-0.2489
2007-03-19,1.0605
2007-03-20,-5.8642
2007-03-21,0.623
2007-03-22,0.1955
2007-03-23,1.0732
2007-03-26,0.9331
2007-03-27,-1.052
2007-03-28,0.8698
2007-03-29,2.3315
2007-03-30,-0.9363
2007-04-02,1.6698
2007-04-03,1.5184
2007-04-04,0.2442
2007-04-05,0.3045
2007-04-09,-1.0322
2007-04-10,0.7975
2007-04-11,-1.2477
2007-04-12,0.832
2007-04-13,-0.1528
2007-04-16,0.7346
2007-04-17,-1.0027
2007-04-18,-0.6753
2007-04-19,-1.0507
2007-04-20,-1.1555
2007-04-23,-0.4423
2007-04-24,-1.3329
2007-04-25,1.4474
2007-04-26,0.2854
2007-04-27,0.3794
2007-04-30,0.063
2007-05-01,-1.1961
2007-05-02,1.7203
2007-05-03,1.0648
2007-05-04,0.031
2007-05-07,-0.062
2007-05-08,0.341
2007-05-09,2.4096
2007-05-10,-1.0256
2007-05-11,2.2859
2007-05-14,1.5197
2007-05-15,-0.1468
2007-05-16,4.6149000000000004
2007-05-17,2.1354
2007-05-18,0.3026
2007-05-21,0.6857
2007-05-22,-1.1169
2007-05-23,1.0744
2007-05-24,-2.1532
2007-05-25,0.6128
2007-05-29,-0.9136
2007-05-30,1.1176
2007-05-31,-0.4155
2007-06-01,-0.3338
2007-06-04,1.7025000000000001
2007-06-05,-0.3019
2007-06-06,-1.4864
2007-06-07,-2.1235
2007-06-08,0.5995
2007-06-11,0.0568
2007-06-12,-1.6449
2007-06-13,2.3645
2007-06-14,2.1408
2007-06-15,0.3034
2007-06-18,-1.2373
2007-06-19,0.7795
2007-06-20,-2.7901
2007-06-21,2.0176
2007-06-22,-0.5014
2007-06-25,-1.8477000000000001
2007-06-26,-1.7969
2007-06-27,1.1037
2007-06-28,-0.8331
2007-06-29,-0.0579
2007-07-02,1.3043
2007-07-03,-0.2575
2007-07-05,-1.0327
2007-07-06,1.0435
2007-07-09,0.6598
2007-07-10,-0.342
2007-07-11,-1.5728
2007-07-12,1.6560000000000001
2007-07-13,1.4861
2007-07-16,-0.2253
2007-07-17,-0.3669
2007-07-18,0.9915
2007-07-19,2.1038
2007-07-20,0.467
2007-07-23,3.1993
2007-07-24,-1.3249
2007-07-25,0.8324
2007-07-26,-1.8109
2007-07-27,-2.1969
2007-07-30,0.7488
2007-07-31,-0.8533
2007-08-01,-0.9994
2007-08-02,-0.5609
2007-08-03,-3.3559
2007-08-06,0.0875
2007-08-07,1.137
2007-08-08,-0.6342
2007-08-09,-2.9881
2007-08-10,-0.628
2007-08-13,-0.0301
2007-08-14,-0.9934
2007-08-15,-1.0946
2007-08-16,-1.7215
2007-08-17,0.8758
2007-08-20,1.1783
2007-08-21,-0.6436
2007-08-22,0.5552
2007-08-23,2.362
2007-08-24,1.0788
2007-08-27,-0.9191
2007-08-28,-1.4062999999999999
2007-08-29,2.5797
2007-08-30,1.2163
2007-08-31,1.3775
2007-09-04,1.1564
2007-09-05,1.0003
2007-09-06,0.6791
2007-09-07,-0.9556
2007-09-10,0.0568
2007-09-11,1.6166
2007-09-12,2.2049
2007-09-13,0.6554
2007-09-14,0.6782
2007-09-17,-0.997
2007-09-18,2.368
2007-09-19,1.0901
2007-09-20,0.868
2007-09-21,1.5645
2007-09-24,-0.9756
2007-09-25,-1.4778
2007-09-26,1.0526
2007-09-27,0.5469
2007-09-28,-0.5439
2007-10-01,1.1458
2007-10-02,0.6179
2007-10-03,0.1279
2007-10-04,0.9711
2007-10-05,-1.3414
2007-10-08,-0.2822
2007-10-09,1.5179
2007-10-10,1.4952
2007-10-11,1.4482
2007-10-12,1.3045
2007-10-15,0.7775
2007-10-16,-0.5545
2007-10-17,-0.1697
2007-10-18,-0.4128
2007-10-19,-5.267
2007-10-22,1.2355
2007-10-23,2.4409
2007-10-24,0.6205
2007-10-25,1.1593
2007-10-26,0.6584
2007-10-29,-1.6715
2007-10-30,-3.5968999999999998
2007-10-31,0.7411
2007-11-01,-0.6088
2007-11-02,2.8841
2007-11-05,-1.3644
2007-11-06,2.2133
2007-11-07,-1.7224
2007-11-08,-0.2253
2007-11-09,-3.463
2007-11-12,-4.3151
2007-11-13,1.7387000000000001
2007-11-14,-1.1482
2007-11-15,-1.2156
2007-11-16,1.2305
2007-11-19,-1.8368
2007-11-20,2.2014
2007-11-21,-2.0194
2007-11-23,1.1542
2007-11-26,-2.6623
2007-11-27,-2.0932
2007-11-28,2.195
2007-11-29,2.3152
2007-11-30,0.0547
2007-12-03,0.1912
2007-12-04,-1.0632
2007-12-05,1.6808999999999998
2007-12-06,2.3848
2007-12-07,-0.6088
2007-12-10,1.3049
2007-12-11,-0.4469
2007-12-12,1.9276
2007-12-13,0.285
2007-12-14,-2.8675
2007-12-17,-2.4734
2007-12-18,-0.5999
2007-12-19,-0.7133
2007-12-20,0.9671
2007-12-21,2.0525
2007-12-24,0.4559
2007-12-26,1.842
2007-12-27,-0.5505
2007-12-28,0.2109
2007-12-31,-0.2893
2008-01-02,2.0575
2008-01-03,1.1114
2008-01-04,-2.8374
2008-01-07,-1.7364000000000002
2008-01-08,-2.1151
2008-01-09,0.4923
2008-01-10,-1.4969999999999999
2008-01-11,-0.7461
2008-01-14,1.5869
2008-01-15,-3.0967
2008-01-16,-2.3473
2008-01-17,-3.5621
2008-01-18,-2.7027
2008-01-22,-1.3889
2008-01-23,-0.9077
2008-01-24,2.2426
2008-01-25,2.2243
2008-01-28,1.3901
2008-01-29,0.5365
2008-01-30,-1.9864000000000002
2008-01-31,0.3327
2008-02-01,1.6883
2008-02-04,2.9054
2008-02-05,-1.7862
2008-02-06,-1.8479999999999999
2008-02-07,0.3586
2008-02-08,0.4765
2008-02-11,2.5193
2008-02-12,-0.0578
2008-02-13,3.1819
2008-02-14,0.4766
2008-02-15,0.0
2008-02-19,1.3672
2008-02-20,1.0735
2008-02-21,-1.7974
2008-02-22,0.2773
2008-02-25,2.5719
2008-02-26,1.2671999999999999
2008-02-27,-0.0266
2008-02-28,4.261
2008-02-29,-1.9457
2008-03-03,0.6789
2008-03-04,-0.9077
2008-03-05,2.748
2008-03-06,-1.5792000000000002
2008-03-07,-1.6822
2008-03-10,-2.6586
2008-03-11,3.7588
2008-03-12,-1.1728
2008-03-13,1.7141
2008-03-14,-0.4408
2008-03-17,-4.6875
2008-03-18,2.8142
2008-03-19,-4.6505
2008-03-20,0.9755
2008-03-24,1.1037
2008-03-25,2.239
2008-03-26,4.0587
2008-03-27,0.3336
2008-03-28,0.2813
2008-03-31,0.306
2008-04-01,0.2288
2008-04-02,1.928
2008-04-03,0.0
2008-04-04,2.215
2008-04-07,1.3879000000000001
2008-04-08,0.6484
2008-04-09,0.5965
2008-04-10,3.2732
2008-04-11,-0.0459
2008-04-14,1.2868
2008-04-15,1.0209
2008-04-16,1.0555
2008-04-17,0.3333
2008-04-18,5.0498
2008-04-21,0.0633
2008-04-22,1.0957
2008-04-23,-1.0421
2008-04-24,-1.2637
2008-04-25,0.064
2008-04-28,-0.2345
2008-04-29,-3.8889
2008-04-30,2.0676
2008-05-01,-2.1564
2008-05-02,0.6901
2008-05-05,1.5476
2008-05-06,1.72
2008-05-07,-0.1712
2008-05-08,2.9374000000000002
2008-05-09,0.2291
2008-05-12,-1.4131
2008-05-13,2.8457
2008-05-14,-1.9061
2008-05-15,0.982
2008-05-16,2.3795
2008-05-19,-0.8286
2008-05-20,1.7322
2008-05-21,-2.9647
2008-05-22,-0.3303
2008-05-23,-1.0563
2008-05-27,0.7327
2008-05-28,1.6209
2008-05-29,-0.7771
2008-05-30,0.3097
2008-06-02,-1.091
2008-06-03,-2.7055
2008-06-04,0.2995
2008-06-05,5.1397
2008-06-06,0.1826
2008-06-09,2.4499
2008-06-10,-1.8182
2008-06-11,-0.624
2008-06-12,-2.0458
2008-06-13,-0.4549
2008-06-16,1.3502
2008-06-17,3.2384
2008-06-18,0.0199
2008-06-19,-0.4565
2008-06-20,-0.2393
2008-06-23,5.9564
2008-06-24,-1.6601
2008-06-25,-2.4746
2008-06-26,0.3344
2008-06-27,2.2545
2008-06-30,1.7446000000000002
2008-07-01,1.5828
2008-07-02,-1.7993000000000001
2008-07-03,-4.5145
2008-07-07,-3.0663
2008-07-08,-3.1837
2008-07-09,-1.4334
2008-07-10,2.6305
2008-07-11,0.1042
2008-07-14,2.3938
2008-07-15,-4.9399999999999995
2008-07-16,-0.4063
2008-07-17,-0.6657
2008-07-18,1.5564
2008-07-21,4.1081
2008-07-22,-5.3363
2008-07-23,-4.6004000000000005
2008-07-24,2.83
2008-07-25,1.321
2008-07-28,-0.2825
2008-07-29,-2.8547000000000002
2008-07-30,2.5122999999999998
2008-07-31,-1.9256
2008-08-01,2.0303
2008-08-04,-5.1389
2008-08-05,0.0461
2008-08-06,3.341
2008-08-07,0.0223
2008-08-08,-2.9871
2008-08-11,-0.0919
2008-08-12,-0.46
2008-08-13,4.1821
2008-08-14,-1.1532
2008-08-15,-2.1539
2008-08-18,-1.4676
2008-08-19,2.4901
2008-08-20,2.5658
2008-08-21,1.7489
2008-08-22,-1.0879
2008-08-25,-0.8799
2008-08-26,0.9765
2008-08-27,0.5934
2008-08-28,-2.5563000000000002
2008-08-29,-1.2806
2008-09-02,-2.731
2008-09-03,-3.299
2008-09-04,-2.9035
2008-09-05,-1.8938000000000001
2008-09-08,-3.7084
2008-09-09,-8.2036
2008-09-10,2.2414
2008-09-11,0.9556
2008-09-12,3.8419
2008-09-15,-7.9357
2008-09-16,3.7566
2008-09-17,-2.9189
2008-09-18,0.1735
2008-09-19,8.5714
2008-09-22,-0.5848
2008-09-23,-5.9091000000000005
2008-09-24,-0.6252
2008-09-25,-0.8293
2008-09-26,-1.9607999999999999
2008-09-29,-10.9118
2008-09-30,6.933
2008-10-01,-6.3909
2008-10-02,-9.2018
2008-10-03,-2.6517
2008-10-06,-8.0597
2008-10-07,-11.5666
2008-10-08,-3.6714
2008-10-09,-9.7666
2008-10-10,-8.0781
2008-10-13,23.5497
2008-10-14,-0.7903
2008-10-15,-17.104
2008-10-16,0.0565
2008-10-17,3.1638
2008-10-20,13.9102
2008-10-21,-0.2404
2008-10-22,-14.988
2008-10-23,6.2358
2008-10-24,-0.4803
2008-10-27,-10.563
2008-10-28,9.4125
2008-10-29,3.2877
2008-10-30,5.9416
2008-10-31,-0.9014
2008-11-03,-7.2259
2008-11-04,9.8039
2008-11-05,-4.6627
2008-11-06,-5.0468
2008-11-07,6.5205
2008-11-10,-0.7202
2008-11-11,-3.9378
2008-11-12,-6.6343
2008-11-13,10.6875
2008-11-14,-5.4802
2008-11-17,-3.2579000000000002
2008-11-18,0.7991
2008-11-19,-8.3805
2008-11-20,-16.8109
2008-11-21,13.893
2008-11-24,7.1754999999999995
2008-11-25,-1.3999
2008-11-26,8.5185
2008-11-28,0.1138
2008-12-01,-13.5227
2008-12-02,1.9167
2008-12-03,-2.0752
2008-12-04,-8.7417
2008-12-05,3.8462
2008-12-08,6.9881
2008-12-09,2.4167
2008-12-10,6.5689
2008-12-11,1.3764
2008-12-12,1.4168
2008-12-15,0.4657
2008-12-16,6.7787
2008-12-17,-0.1085
2008-12-18,-8.2564
2008-12-19,3.6708
2008-12-22,-2.8555
2008-12-23,-2.4103
2008-12-24,0.7229
2008-12-26,3.11
2008-12-29,1.3921000000000001
2008-12-30,1.4302000000000001
2008-12-31,2.5381
2009-01-02,6.9857
2009-01-05,1.1311
2009-01-06,6.304
2009-01-07,-1.0521
2009-01-08,2.2716
2009-01-09,-10.1607
2009-01-12,-5.6812000000000005
2009-01-13,2.0636
2009-01-14,-6.0109
2009-01-15,1.2791000000000001
2009-01-16,1.837
2009-01-20,-6.3698
2009-01-21,6.6827
2009-01-22,-4.9097
2009-01-23,8.3086
2009-01-26,3.3973
2009-01-27,-1.5897999999999999
2009-01-28,4.8465
2009-01-29,-7.4474
2009-01-30,-4.273
2009-02-02,-0.6377
2009-02-03,1.4586000000000001
2009-02-04,6.153
2009-02-05,3.6836
2009-02-06,2.9781
2009-02-09,-0.1522
2009-02-10,-6.8598
2009-02-11,0.2728
2009-02-12,-1.2514
2009-02-13,0.7713
2009-02-17,-10.5522
2009-02-18,3.9731
2009-02-19,-0.0588
2009-02-20,0.4118
2009-02-23,-6.4441
2009-02-24,6.6373999999999995
2009-02-25,-2.7011
2009-02-26,0.7846
2009-02-27,-1.7964
2009-03-02,-9.3807
2009-03-03,0.9472
2009-03-04,9.5174
2009-03-05,-5.8751999999999995
2009-03-06,-1.6905000000000001
2009-03-09,3.9683
2009-03-10,4.0076
2009-03-11,-3.5474
2009-03-12,3.1072
2009-03-13,-0.9225
2009-03-16,2.1726
2009-03-17,5.164
2009-03-18,0.5777
2009-03-19,2.2975
2009-03-20,-5.4464
2009-03-23,7.2447
2009-03-24,1.2735
2009-03-25,-4.702
2009-03-26,-0.9753
2009-03-27,-3.4183
2009-03-30,-5.099
2009-03-31,-2.2124
2009-04-01,0.5171
2009-04-02,4.9518
2009-04-03,6.1887
2009-04-06,-1.9619
2009-04-07,-4.2378
2009-04-08,1.5979999999999999
2009-04-09,3.5693
2009-04-13,-0.8762
2009-04-14,4.0071
2009-04-15,1.1898
2009-04-16,3.9754
2009-04-17,1.1309
2009-04-20,0.0532
2009-04-21,6.2267
2009-04-22,-0.4509
2009-04-23,-0.4026
2009-04-24,4.194
2009-04-27,-2.9583
2009-04-28,-1.8491
2009-04-29,4.277
2009-04-30,-1.2695
2009-05-01,3.1652
2009-05-04,6.8552
2009-05-05,-0.5832
2009-05-06,4.3773
2009-05-07,-2.5507999999999997
2009-05-08,3.5049
2009-05-11,-4.5435
2009-05-12,3.0983
2009-05-13,-4.6167
2009-05-14,-0.5023
2009-05-15,-2.8453
2009-05-18,4.4402
2009-05-19,-0.7689
2009-05-20,1.3674
2009-05-21,-4.0468
2009-05-22,-0.1874
2009-05-26,4.0845
2009-05-27,-0.4962
2009-05-28,3.6265
2009-05-29,0.7027
2009-06-01,4.3175
2009-06-02,-1.1288
2009-06-03,-4.5666
2009-06-04,1.152
2009-06-05,-0.0438
2009-06-08,-0.0876
2009-06-09,0.614
2009-06-10,1.8309
2009-06-11,4.1524
2009-06-12,-1.3975
2009-06-15,-3.5015
2009-06-16,-2.7645999999999997
2009-06-17,-3.0209
2009-06-18,-1.4201
2009-06-19,-0.6506
2009-06-22,-5.9869
2009-06-23,2.3383
2009-06-24,0.0
2009-06-25,0.3403
2009-06-26,1.2597
2009-06-29,0.1914
2009-06-30,-1.1461000000000001
2009-07-01,0.0
2009-07-02,-6.3768
2009-07-06,-0.1548
2009-07-07,-2.9457
2009-07-08,-0.3195
2009-07-09,1.1752
2009-07-10,-0.0528
2009-07-13,2.9054
2009-07-14,1.7454
2009-07-15,4.8436
2009-07-16,3.6092
2009-07-17,-0.6967
2009-07-20,4.4434000000000005
2009-07-21,0.2687
2009-07-22,-1.1612
2009-07-23,3.9765
2009-07-24,2.0426
2009-07-27,-2.0869
2009-07-28,-4.3062000000000005
2009-07-29,-1.8182
2009-07-30,1.9444
2009-07-31,0.3179
2009-08-03,4.5722000000000005
2009-08-04,-1.5584
2009-08-05,-2.8144
2009-08-06,-0.7692
2009-08-07,0.8208
2009-08-10,3.0303
2009-08-11,-0.3512
2009-08-12,2.5991
2009-08-13,2.8338
2009-08-14,-1.8789
2009-08-17,-3.5745
2009-08-18,1.9417
2009-08-19,2.2944
2009-08-20,3.0047
2009-08-21,2.917
2009-08-24,0.9182
2009-08-25,-3.0063
2009-08-26,0.8157
2009-08-27,-1.2945
2009-08-28,-1.1066
2009-08-31,-1.3676
2009-09-01,-0.8435
2009-09-02,-0.7231
2009-09-03,2.7420999999999998
2009-09-04,2.3353
2009-09-08,2.1189999999999998
2009-09-09,-0.4789
2009-09-10,2.8468
2009-09-11,1.7544
2009-09-14,0.2299
2009-09-15,2.9817
2009-09-16,4.046
2009-09-17,-0.5708
2009-09-18,1.0047
2009-09-21,-2.4867
2009-09-22,3.1694
2009-09-23,-3.4251
2009-09-24,-2.1207
2009-09-25,-0.1121
2009-09-28,2.0568
2009-09-29,0.0733
2009-09-30,-0.6957
2009-10-01,-2.6549
2009-10-02,-2.5
2009-10-05,2.8749000000000002
2009-10-06,1.435
2009-10-07,4.3187
2009-10-08,2.7837
2009-10-09,-2.0139
2009-10-12,2.6577
2009-10-13,-1.7259
2009-10-14,2.529
2009-10-15,2.261
2009-10-16,1.8425
2009-10-19,2.1382
2009-10-20,-0.8052
2009-10-21,0.6494
2009-10-22,1.3226
2009-10-23,-3.8204000000000002
2009-10-26,-1.6882000000000001
2009-10-27,1.1448
2009-10-28,-3.6618
2009-10-29,4.803
2009-10-30,-3.6927
2009-11-02,0.1712
2009-11-03,3.5885
2009-11-04,-0.2639
2009-11-05,1.0586
2009-11-06,1.5712000000000002
2009-11-09,1.9336
2009-11-10,-0.5058
2009-11-11,-0.1589
2009-11-12,-3.5646
2009-11-13,1.3531
2009-11-16,3.2888
2009-11-17,0.0946
2009-11-18,-0.189
2009-11-19,-3.9445
2009-11-20,-1.8397000000000001
2009-11-23,1.8742
2009-11-24,0.0657
2009-11-25,-0.8207
2009-11-27,-3.7074
2009-11-30,0.9282
2009-12-01,0.2725
2009-12-02,-1.3629
2009-12-03,-3.0743
2009-12-04,-0.8909
2009-12-07,-0.3955
2009-12-08,-3.2491
2009-12-09,2.4627
2009-12-10,2.5856
2009-12-11,-0.213
2009-12-14,1.8855
2009-12-15,1.6760000000000002
2009-12-16,1.6484
2009-12-17,1.6216
2009-12-18,-1.5293
2009-12-21,2.2282
2009-12-22,-0.3963
2009-12-23,0.9947
2009-12-24,-0.6238
2009-12-28,0.1321
2009-12-29,-2.2105
2009-12-30,1.1134
2009-12-31,0.4004
2010-01-04,3.8551
2010-01-05,1.28
2010-01-06,2.3697
2010-01-07,0.2469
2010-01-08,5.0493
2010-01-11,-0.9965
2010-01-12,-1.4506000000000001
2010-01-13,2.283
2010-01-14,0.7636
2010-01-15,-0.8161
2010-01-19,1.675
2010-01-20,-3.8439
2010-01-21,-2.2242
2010-01-22,-4.2422
2010-01-25,-0.2568
2010-01-26,-0.6115
2010-01-27,-1.522
2010-01-28,-2.4992
2010-01-29,-1.484
2010-02-01,4.9298
2010-02-02,0.3589
2010-02-03,-1.3004
2010-02-04,-4.9407
2010-02-05,-1.9750999999999999
2010-02-08,-0.6716
2010-02-09,3.4875
2010-02-10,0.5158
2010-02-11,3.1817
2010-02-12,-0.4642
2010-02-16,3.431
2010-02-17,0.0966
2010-02-18,1.4801
2010-02-19,0.7926
2010-02-22,-2.4221
2010-02-23,-2.6435
2010-02-24,-0.6291
2010-02-25,-0.0333
2010-02-26,0.8
2010-03-01,1.99
2010-03-02,1.4959
2010-03-03,1.5699999999999998
2010-03-04,-0.7886
2010-03-05,1.3672
2010-03-08,-1.4743
2010-03-09,-1.5918
2010-03-10,-0.8735
2010-03-11,0.3264
2010-03-12,2.4723
2010-03-15,-1.4921
2010-03-16,2.1914
2010-03-17,2.5544000000000002
2010-03-18,-2.8905
2010-03-19,-3.4199
2010-03-22,0.459
2010-03-23,0.2285
2010-03-24,-1.6280999999999999
2010-03-25,-2.1185
2010-03-26,-0.7102
2010-03-29,1.7370999999999999
2010-03-30,0.4352
2010-03-31,0.4333
2010-04-01,2.0246
2010-04-05,3.6109
2010-04-06,1.0989
2010-04-07,-1.7702
2010-04-08,0.0948
2010-04-09,-0.2843
2010-04-12,-0.2217
2010-04-13,-0.254
2010-04-14,3.2145
2010-04-15,0.2775
2010-04-16,-2.706
2010-04-19,-0.2212
2010-04-20,5.5116
2010-04-21,-0.06
2010-04-22,1.3216999999999999
2010-04-23,3.6466
2010-04-26,-1.4016
2010-04-27,-4.8158
2010-04-28,1.6458
2010-04-29,-5.2474
2010-04-30,-3.0063
2010-05-03,2.4144
2010-05-04,-3.4406
2010-05-05,-1.0887
2010-05-06,-4.1027
2010-05-07,-4.313
2010-05-10,0.2908
2010-05-11,2.7184
2010-05-12,2.6464
2010-05-13,-0.275
2010-05-14,-3.1713
2010-05-17,-0.8544
2010-05-18,-0.754
2010-05-19,-1.8813
2010-05-20,-3.3186
2010-05-21,1.9451
2010-05-24,-4.0404
2010-05-25,-0.117
2010-05-26,1.0148
2010-05-27,4.6368
2010-05-28,-8.003
2010-06-01,-14.8208
2010-06-02,11.9622
2010-06-03,-0.2111
2010-06-04,-2.2006
2010-06-07,-1.3414
2010-06-08,0.9649
2010-06-09,-1.9983
2010-06-10,7.3582
2010-06-11,0.7019
2010-06-14,-1.517
2010-06-15,5.995
2010-06-16,3.1029
2010-06-17,0.5333
2010-06-18,2.2357
2010-06-21,0.2595
2010-06-22,-3.9187
2010-06-23,-0.808
2010-06-24,-2.211
2010-06-25,4.4823
2010-06-28,-1.3288
2010-06-29,-5.8099
2010-06-30,0.2859
2010-07-01,1.7515
2010-07-02,3.0424
2010-07-06,2.7972
2010-07-07,5.7823
2010-07-08,2.5723000000000003
2010-07-09,-0.2438
2010-07-12,-1.6411
2010-07-13,-0.142
2010-07-14,0.1422
2010-07-15,-0.2485
2010-07-16,-2.0996
2010-07-19,6.0342
2010-07-20,3.771
2010-07-21,-1.2884
2010-07-22,1.4056
2010-07-23,0.9571
2010-07-26,0.8826
2010-07-27,-1.3286
2010-07-28,-1.5434999999999999
2010-07-29,0.4336
2010-07-30,-0.7639
2010-08-02,2.8447
2010-08-03,1.5295
2010-08-04,-0.4487
2010-08-05,0.6117
2010-08-06,-1.056
2010-08-09,-0.7115
2010-08-10,-1.8893
2010-08-11,-4.4489
2010-08-12,-1.2161
2010-08-13,-1.1607
2010-08-16,-1.032
2010-08-17,3.2003
2010-08-18,0.3136
2010-08-19,-0.7989
2010-08-20,-2.591
2010-08-23,1.1503
2010-08-24,-0.2488
2010-08-25,-0.285
2010-08-26,0.4645
2010-08-27,4.0185
2010-08-30,-2.2906
2010-08-31,-0.9828
2010-09-01,5.3882
2010-09-02,1.3454
2010-09-03,0.9957
2010-09-07,-1.9388999999999998
2010-09-08,1.2399
2010-09-09,0.0331
2010-09-10,2.184
2010-09-13,2.364
2010-09-14,-0.7276
2010-09-15,-0.5417
2010-09-16,-0.6729
2010-09-17,-0.129
2010-09-20,2.7132
2010-09-21,0.0943
2010-09-22,-0.9739
2010-09-23,0.8883
2010-09-24,2.9245
2010-09-27,-0.9777
2010-09-28,1.1108
2010-09-29,1.9224999999999999
2010-09-30,-0.988
2010-10-01,0.7862
2010-10-04,-0.9001
2010-10-05,3.1184
2010-10-06,-0.2642
2010-10-07,-1.0303
2010-10-08,3.3016
2010-10-11,-0.4895
2010-10-12,0.8102
2010-10-13,2.2675
2010-10-14,-1.5436
2010-10-15,2.1095
2010-10-18,-4.8297
2010-10-19,-2.6694
2010-10-20,1.8385
2010-10-21,-0.2072
2010-10-22,1.3642
2010-10-25,0.2926
2010-10-26,1.4877
2010-10-27,-1.0635
2010-10-28,-7.9605
2010-10-29,0.5682
2010-11-01,-1.381
2010-11-02,-0.0637
2010-11-03,0.9236
2010-11-04,3.6605
2010-11-05,-2.8311
2010-11-08,4.7306
2010-11-09,-0.6282
2010-11-10,4.997
2010-11-11,4.0998
2010-11-12,-1.3495
2010-11-15,0.0558
2010-11-16,-2.26
2010-11-17,1.3417
2010-11-18,5.8027999999999995
2010-11-19,1.1981
2010-11-22,-1.8416000000000001
2010-11-23,-2.2782
2010-11-24,2.4959
2010-11-26,-2.1675
2010-11-29,3.5832
2010-11-30,-0.0792
2010-12-01,3.8055
2010-12-02,3.6234
2010-12-03,1.3296999999999999
2010-12-06,-0.8019
2010-12-07,-1.0779
2010-12-08,-0.3715
2010-12-09,0.5717
2010-12-10,-0.5932
2010-12-13,2.3123
2010-12-14,-0.1701
2010-12-15,-3.1402
2010-12-16,1.2063
2010-12-17,-0.9436
2010-12-20,0.6518
2010-12-21,0.3487
2010-12-22,0.2978
2010-12-23,-0.2227
2010-12-27,-1.1409
2010-12-28,-0.577
2010-12-29,2.6747
2010-12-30,0.7864
2010-12-31,-0.4389
2011-01-03,-0.1959
2011-01-04,-2.9448
2011-01-05,-0.3287
2011-01-06,-3.0441
2011-01-07,0.6018
2011-01-10,-0.7282
2011-01-11,3.17
2011-01-12,1.2951
2011-01-13,-1.6545999999999998
2011-01-14,1.9373
2011-01-18,0.125
2011-01-19,-1.998
2011-01-20,-0.4587
2011-01-21,0.3328
2011-01-24,0.9186
2011-01-25,1.6435
2011-01-26,7.9602
2011-01-27,-0.53
2011-01-28,1.6447
2011-01-31,2.5524
2011-02-01,1.1333
2011-02-02,2.4171
2011-02-03,0.3647
2011-02-04,-1.8384
2011-02-07,0.5662
2011-02-08,-2.6202
2011-02-09,-2.2682
2011-02-10,1.9113
2011-02-11,-0.3349
2011-02-14,2.2401
2011-02-15,-0.2191
2011-02-16,4.2819
2011-02-17,1.9794
2011-02-18,-0.6607
2011-02-22,-3.1386
2011-02-23,1.588
2011-02-24,-3.7812
2011-02-25,3.2492
2011-02-28,0.0
2011-03-01,-1.2995
2011-03-02,0.0216
2011-03-03,2.3738
2011-03-04,-1.2648
2011-03-07,-0.854
2011-03-08,-1.5504
2011-03-09,-0.9843
2011-03-10,-3.3576
2011-03-11,1.6229
2011-03-14,1.3495
2011-03-15,-2.3302
2011-03-16,-2.4313000000000002
2011-03-17,3.3069
2011-03-18,-0.3832
2011-03-21,3.485
2011-03-22,-0.0656
2011-03-23,1.5098
2011-03-24,-0.9054
2011-03-25,0.1523
2011-03-28,4.04
2011-03-29,2.2965
2011-03-30,1.0204
2011-03-31,0.6869
2011-04-01,-1.0032
2011-04-04,0.3243
2011-04-05,0.4646
2011-04-06,-2.6543
2011-04-07,-0.3718
2011-04-08,-0.2073
2011-04-11,-2.4932
2011-04-12,-3.388
2011-04-13,0.3749
2011-04-14,1.3843
2011-04-15,1.4738
2011-04-18,0.6835
2011-04-19,3.9669
2011-04-20,1.3671
2011-04-21,1.6103
2011-04-25,0.2971
2011-04-26,0.6518
2011-04-27,-0.9027
2011-04-28,-0.4752
2011-04-29,0.4377
2011-05-02,-3.0903
2011-05-03,-2.1055
2011-05-04,-1.1276
2011-05-05,-1.056
2011-05-06,-0.3842
2011-05-09,2.9784
2011-05-10,0.6866
2011-05-11,-4.0504
2011-05-12,0.4523
2011-05-13,-1.3721999999999999
2011-05-16,-1.2391
2011-05-17,-0.2201
2011-05-18,3.5959
2011-05-19,-0.1278
2011-05-20,0.597
2011-05-23,-2.1619
2011-05-24,2.9029
2011-05-25,4.9895
2011-05-26,1.5840999999999998
2011-05-27,-0.8291
2011-05-31,0.0
2011-06-01,-2.2333
2011-06-02,2.2843
2011-06-03,0.2592
2011-06-06,-4.4551
2011-06-07,0.1249
2011-06-08,-0.8524
2011-06-09,2.705
2011-06-10,-2.0008
2011-06-13,-2.375
2011-06-14,2.198
2011-06-15,-2.3387000000000002
2011-06-16,-0.8125
2011-06-17,-0.7976
2011-06-20,0.8909
2011-06-21,1.5076
2011-06-22,-0.0424
2011-06-23,-0.0849
2011-06-24,-2.5494
2011-06-27,0.7848
2011-06-28,5.3212
2011-06-29,2.3208
2011-06-30,2.3685
2011-07-01,0.5686
2011-07-05,1.6766999999999999
2011-07-06,0.9779
2011-07-07,3.1143
2011-07-08,-0.4788
2011-07-11,-2.8682
2011-07-12,-0.5144
2011-07-13,0.766
2011-07-14,-1.5013
2011-07-15,2.4117
2011-07-18,0.0754
2011-07-19,4.2545
2011-07-20,-0.1986
2011-07-21,3.0034
2011-07-22,0.4743
2011-07-25,0.1224
2011-07-26,-1.2572
2011-07-27,-2.7233
2011-07-28,-0.2545
2011-07-29,-0.2551
2011-08-01,-0.5481
2011-08-02,-3.2519
2011-08-03,0.7596
2011-08-04,-9.479800000000001
2011-08-05,-1.9571
2011-08-08,-9.8959
2011-08-09,5.4678
2011-08-10,-3.2402
2011-08-11,4.4573
2011-08-12,0.5527
2011-08-15,4.7274
2011-08-16,-3.5902
2011-08-17,-1.0235
2011-08-18,-10.121
2011-08-19,-6.8788
2011-08-22,-1.9716
2011-08-23,7.8037
2011-08-24,1.0199
2011-08-25,-1.7976
2011-08-26,3.9619
2011-08-29,3.2561999999999998
2011-08-30,1.6585
2011-08-31,2.1644
2011-09-01,-3.0426
2011-09-02,-3.4403
2011-09-06,-1.6129
2011-09-07,3.45
2011-09-08,-1.5847
2011-09-09,-4.6864
2011-09-12,-0.2521
2011-09-13,-0.1769
2011-09-14,-0.3292
2011-09-15,2.1087
2011-09-16,-0.7713
2011-09-19,-4.0622
2011-09-20,-0.7318
2011-09-21,-7.6093
2011-09-22,-6.7541
2011-09-23,-3.209
2011-09-26,6.5362
2011-09-27,2.134
2011-09-28,-5.7748
2011-09-29,-0.6775
2011-09-30,-5.3643
2011-10-03,-6.0288
2011-10-04,6.3808
2011-10-05,6.1291
2011-10-06,6.3928
2011-10-07,-3.2801
2011-10-10,4.5618
2011-10-11,1.837
2011-10-12,-1.1556
2011-10-13,-0.1426
2011-10-14,6.8818
2011-10-17,-7.8814
2011-10-18,2.3492
2011-10-19,-3.9955
2011-10-20,1.7414
2011-10-21,-2.814
2011-10-24,5.4328
2011-10-25,-0.5663
2011-10-26,2.1355
2011-10-27,8.5866
2011-10-28,0.4621
2011-10-31,-4.5234
2011-11-01,-5.6478
2011-11-02,3.773
2011-11-03,3.4718
2011-11-04,-1.823
2011-11-07,2.3143000000000002
2011-11-08,2.1305
2011-11-09,-6.1808
2011-11-10,2.3607
2011-11-11,3.4862
2011-11-14,-0.1555
2011-11-15,0.9862
2011-11-16,0.2313
2011-11-17,-5.0256
2011-11-18,-2.9158
2011-11-21,-3.059
2011-11-22,-3.3276
2011-11-23,-4.451
2011-11-25,-1.2422
2011-11-28,3.0503
2011-11-29,2.6244
2011-11-30,9.6937
2011-12-01,-1.0598
2011-12-02,0.4669
2011-12-05,1.2028
2011-12-06,-3.9168
2011-12-07,-6.1006
2011-12-08,-0.8084
2011-12-09,2.8675
2011-12-12,-4.4601
2011-12-13,-2.1499
2011-12-14,-2.6993
2011-12-15,0.8387
2011-12-16,1.5995
2011-12-19,-3.0227
2011-12-20,7.8247
2011-12-21,1.5657999999999999
2011-12-22,-0.5633
2011-12-23,0.7752
2011-12-27,1.0059
2011-12-28,-2.6069
2011-12-29,1.6240999999999999
2011-12-30,2.1308
2012-01-03,-1.0432
2012-01-04,2.8404
2012-01-05,-1.5945
2012-01-06,1.2153
2012-01-09,1.1435
2012-01-10,2.6851000000000003
2012-01-11,-2.6149
2012-01-12,-1.8372000000000002
2012-01-13,-2.2747
2012-01-17,-0.2357
2012-01-18,3.3373
2012-01-19,3.601
2012-01-20,-0.1379
2012-01-23,-2.0994
2012-01-24,2.5959
2012-01-25,0.1375
2012-01-26,-0.6866
2012-01-27,2.5996
2012-01-30,-1.159
2012-01-31,0.3
2012-02-01,-0.3806
2012-02-02,-0.2729
2012-02-03,0.7937
2012-02-06,1.5476999999999999
2012-02-07,-1.0695000000000001
2012-02-08,0.0541
2012-02-09,-0.6753
2012-02-10,-1.9308999999999998
2012-02-13,0.2219
2012-02-14,-1.2175
2012-02-15,-1.3165
2012-02-16,1.1638
2012-02-17,1.8237999999999999
2012-02-21,2.0391
2012-02-22,3.2676
2012-02-23,-0.0785
2012-02-24,0.7851
2012-02-27,-1.9735
2012-02-28,-0.1854
2012-02-29,-2.8928000000000003
2012-03-01,-0.246
2012-03-02,-1.2328999999999999
2012-03-05,-2.4688
2012-03-06,-2.6804
2012-03-07,0.2344
2012-03-08,1.6662
2012-03-09,0.2875
2012-03-12,-0.5161
2012-03-13,1.8444
2012-03-14,-3.2824
2012-03-15,-0.7899
2012-03-16,1.8578999999999999
2012-03-19,1.3317999999999999
2012-03-20,-0.6857
2012-03-21,-1.8124
2012-03-22,-3.3695
2012-03-23,1.3341
2012-03-26,0.6882
2012-03-27,-2.4368
2012-03-28,-1.0661
2012-03-29,0.8929
2012-03-30,1.2817
2012-04-02,0.7834
2012-04-03,0.4484
2012-04-04,-1.7856999999999998
2012-04-05,-0.697
2012-04-09,-1.1901
2012-04-10,-1.2044
2012-04-11,0.4376
2012-04-12,3.268
2012-04-13,-2.3207
2012-04-16,-1.0799
2012-04-17,1.8715000000000002
2012-04-18,4.6234
2012-04-19,-0.556
2012-04-20,-2.0306
2012-04-23,-1.0213
2012-04-24,1.305
2012-04-25,0.4793
2012-04-26,-0.2683
2012-04-27,-0.6278
2012-04-30,2.9483
2012-05-01,2.367
2012-05-02,-1.5415
2012-05-03,-1.2467
2012-05-04,-4.4921
2012-05-07,-0.3381
2012-05-08,0.8328
2012-05-09,-0.8259
2012-05-10,-0.3393
2012-05-11,-1.4856
2012-05-14,-0.7854
2012-05-15,-3.1666
2012-05-16,-1.2426
2012-05-17,-0.6623
2012-05-18,-0.2333
2012-05-21,4.143
2012-05-22,-1.2511999999999999
2012-05-23,1.7544
2012-05-24,0.2874
2012-05-25,-0.1273
2012-05-29,2.0402
2012-05-30,-5.1546
2012-05-31,-0.9881
2012-06-01,-0.2994
2012-06-04,-1.2012
2012-06-05,-1.355
2012-06-06,-3.5027
2012-06-07,0.1068
2012-06-08,-0.6043
2012-06-11,-1.6452
2012-06-12,2.2909
2012-06-13,0.3199
2012-06-14,1.63
2012-06-15,2.6848
2012-06-18,-1.6638
2012-06-19,1.4848
2012-06-20,0.6125
2012-06-21,-4.1258
2012-06-22,-1.94
2012-06-25,-2.9496
2012-06-26,-1.0378
2012-06-27,1.9101
2012-06-28,1.7641
2012-06-29,2.528
2012-07-02,0.7397
2012-07-03,4.6853
2012-07-05,-1.2692
2012-07-06,-0.8796
2012-07-09,-1.0239
2012-07-10,-2.2069
2012-07-11,0.5994
2012-07-12,-0.4206
2012-07-13,1.3728
2012-07-16,0.6944
2012-07-17,1.3793
2012-07-18,2.6189999999999998
2012-07-19,0.1326
2012-07-20,1.8537
2012-07-23,2.4049
2012-07-24,0.1269
2012-07-25,-0.7924
2012-07-26,4.0256
2012-07-27,3.2555
2012-07-30,-0.2082
2012-07-31,-1.2519
2012-08-01,0.8452
2012-08-02,-1.6461999999999999
2012-08-03,2.7389
2012-08-06,0.1777
2012-08-07,1.6854
2012-08-08,0.6688
2012-08-09,1.2421
2012-08-10,0.3994
2012-08-13,-0.4263
2012-08-14,-0.5422
2012-08-15,-0.7747
2012-08-16,2.0821
2012-08-17,-0.5099
2012-08-20,-0.3417
2012-08-21,0.4571
2012-08-22,-1.3936
2012-08-23,-1.4999
2012-08-24,0.3514
2012-08-27,0.5252
2012-08-28,-1.074
2012-08-29,-1.6724999999999999
2012-08-30,-2.0889
2012-08-31,0.1219
2012-09-04,-1.862
2012-09-05,0.8087
2012-09-06,1.697
2012-09-07,3.8834999999999997
2012-09-10,0.0876
2012-09-11,3.1514
2012-09-12,1.075
2012-09-13,1.9870999999999999
2012-09-14,2.7442
2012-09-17,-0.5876
2012-09-18,-1.7464
2012-09-19,-0.4375
2012-09-20,-0.769
2012-09-21,-0.8027
2012-09-24,-0.9766
2012-09-25,-2.0287
2012-09-26,-2.4446
2012-09-27,0.8844
2012-09-28,-1.5488
2012-10-01,-0.0594
2012-10-02,1.188
2012-10-03,-3.1112
2012-10-04,2.9082
2012-10-05,-1.6191
2012-10-08,0.6284
2012-10-09,0.7136
2012-10-10,-1.0924
2012-10-11,1.403
2012-10-12,-0.5004
2012-10-15,0.1183
2012-10-16,2.1277
2012-10-17,2.1991
2012-10-18,0.9343
2012-10-19,-1.8794
2012-10-22,-1.2006999999999999
2012-10-23,-3.1539
2012-10-24,-2.2707
2012-10-25,0.642
2012-10-26,-1.5796000000000001
2012-10-31,-0.3395
2012-11-01,1.2078
2012-11-02,-1.7442
2012-11-05,0.5606
2012-11-06,1.4556
2012-11-07,-3.2051
2012-11-08,-3.8789
2012-11-09,0.2625
2012-11-12,0.2945
2012-11-13,-0.8483
2012-11-14,-1.4478
2012-11-15,1.3689
2012-11-16,0.3294
2012-11-19,4.1037
2012-11-20,0.0
2012-11-21,-0.0315
2012-11-23,1.1987
2012-11-26,-0.1403
2012-11-27,0.0156
2012-11-28,1.1548
2012-11-29,1.5735999999999999
2012-11-30,1.3062
2012-12-03,-0.8096
2012-12-04,0.2116
2012-12-05,1.3309
2012-12-06,0.2388
2012-12-07,0.5956
2012-12-10,-0.3552
2012-12-11,0.9804
2012-12-12,0.1765
2012-12-13,-1.5859
2012-12-14,-0.3581
2012-12-17,0.4492
2012-12-18,3.7567
2012-12-19,-0.546
2012-12-20,1.5025
2012-12-21,-1.1956
2012-12-24,-0.5474
2012-12-26,0.5504
2012-12-27,-0.3169
2012-12-28,-1.7052
2012-12-31,1.9994
2013-01-02,2.9403
2013-01-03,1.6802000000000001
2013-01-04,0.9364
2013-01-07,0.0
2013-01-08,-1.2551
2013-01-09,0.8013
2013-01-10,1.1513
2013-01-11,-0.7588
2013-01-14,-1.9388
2013-01-15,0.7519
2013-01-16,0.2211
2013-01-17,0.1103
2013-01-18,3.3058
2013-01-22,1.1467
2013-01-23,-0.3691
2013-01-24,0.0529
2013-01-25,5.0516
2013-01-28,1.4099
2013-01-29,1.4896
2013-01-30,-1.6634
2013-01-31,1.194
2013-02-01,0.9833
2013-02-04,-0.5355
2013-02-05,0.1224
2013-02-06,-1.4666000000000001
2013-02-07,1.29
2013-02-08,1.0531
2013-02-11,-0.9452
2013-02-12,-0.3915
2013-02-13,0.3193
2013-02-14,6.0725
2013-02-15,-1.4312
2013-02-19,0.2576
2013-02-20,-2.7797
2013-02-21,-2.0423
2013-02-22,0.8339
2013-02-25,-3.0649
2013-02-26,1.6059999999999999
2013-02-27,1.9264000000000001
2013-02-28,0.5815
2013-03-01,-2.12
2013-03-04,-1.3414
2013-03-05,2.6026
2013-03-06,-0.4878
2013-03-07,1.4950999999999999
2013-03-08,1.6179999999999999
2013-03-11,-0.1901
2013-03-12,-0.0952
2013-03-13,-0.286
2013-03-14,1.673
2013-03-15,-1.5045
2013-03-18,-2.7923999999999998
2013-03-19,-2.7253
2013-03-20,-0.4543
2013-03-21,0.0761
2013-03-22,-0.7854
2013-03-25,1.2513
2013-03-26,1.2106
2013-03-27,1.3207
2013-03-28,-0.6149
2013-04-01,-1.1878
2013-04-02,-0.1002
2013-04-03,-2.8579
2013-04-04,-0.5419
2013-04-05,0.1557
2013-04-08,-0.4922
2013-04-09,1.8224
2013-04-10,3.2728
2013-04-11,1.9312
2013-04-12,-0.753
2013-04-15,-5.3842
2013-04-16,2.6643
2013-04-17,-5.0391
2013-04-18,0.0531
2013-04-19,-1.3259
2013-04-22,5.5899
2013-04-23,1.0181
2013-04-24,3.099
2013-04-25,-0.4154
2013-04-26,-0.4417
2013-04-29,2.4649
2013-04-30,2.8867000000000003
2013-05-01,-1.6133
2013-05-02,0.7605
2013-05-03,0.3538
2013-05-06,1.1985999999999999
2013-05-07,0.836
2013-05-08,0.6449
2013-05-09,-0.3204
2013-05-10,-0.3903
2013-05-13,0.3918
2013-05-14,1.4692
2013-05-15,-0.1584
2013-05-16,-0.6345
2013-05-17,3.1927
2013-05-20,0.663
2013-05-21,-1.5807
2013-05-22,-1.8068
2013-05-23,-1.1358
2013-05-24,-1.1489
2013-05-28,0.8136
2013-05-29,0.4611
2013-05-30,-2.1574
2013-05-31,-1.8296999999999999
2013-06-03,1.589
2013-06-04,-0.9436
2013-06-05,-0.5477
2013-06-06,1.4128
2013-06-07,1.9125999999999999
2013-06-10,-0.7878
2013-06-11,-1.8216
2013-06-12,-1.0228
2013-06-13,3.5328
2013-06-14,-0.3482
2013-06-17,1.6073
2013-06-18,1.0316
2013-06-19,-2.3145
2013-06-20,-2.9036
2013-06-21,-0.0239
2013-06-24,-2.0101
2013-06-25,0.4884
2013-06-26,0.7776
2013-06-27,0.8922
2013-06-28,-0.2868
2013-07-01,1.7498
2013-07-02,0.8009
2013-07-03,-0.3272
2013-07-05,2.4853
2013-07-08,0.4804
2013-07-09,0.888
2013-07-10,-0.4062
2013-07-11,0.1133
2013-07-12,1.0412
2013-07-15,-1.1873
2013-07-16,-1.0882
2013-07-17,1.1689
2013-07-18,1.3593
2013-07-19,2.4363
2013-07-22,-1.6364999999999998
2013-07-23,1.1091
2013-07-24,-1.6674
2013-07-25,-1.071
2013-07-26,3.6987
2013-07-29,-0.9787
2013-07-30,-0.6589
2013-07-31,-0.0884
2013-08-01,2.6997
2013-08-02,-0.237
2013-08-05,-0.54
2013-08-06,-0.4343
2013-08-07,-0.6979
2013-08-08,1.3397999999999999
2013-08-09,-0.2384
2013-08-12,-0.0217
2013-08-13,1.2169
2013-08-14,0.5152
2013-08-15,-0.299
2013-08-16,0.5784
2013-08-19,-0.639
2013-08-20,1.5005
2013-08-21,-0.7814
2013-08-22,1.788
2013-08-23,1.8611
2013-08-26,-0.5543
2013-08-27,-0.64
2013-08-28,1.5998
2013-08-29,-0.7362
2013-08-30,-0.855
2013-09-03,0.625
2013-09-04,1.6149
2013-09-05,1.4059
2013-09-06,-0.4621
2013-09-09,1.4534
2013-09-10,0.1194
2013-09-11,-0.2583
2013-09-12,-1.9725000000000001
2013-09-13,0.9959
2013-09-16,0.2616
2013-09-17,-0.3011
2013-09-18,0.1611
2013-09-19,-0.4221
2013-09-20,-0.4037
2013-09-23,-1.9254
2013-09-24,0.744
2013-09-25,0.2667
2013-09-26,-0.3478
2013-09-27,-0.6569
2013-09-30,-0.496
2013-10-01,0.9346
2013-10-02,1.0082
2013-10-03,-1.4056
2013-10-04,1.3636
2013-10-07,-0.0815
2013-10-08,-0.7344
2013-10-09,-0.2055
2013-10-10,2.9654
2013-10-11,1.34
2013-10-14,1.342
2013-10-15,-0.37
2013-10-16,1.5833
2013-10-17,-0.481
2013-10-18,1.4501
2013-10-21,-3.4496
2013-10-22,2.2108
2013-10-23,-2.0085
2013-10-24,0.7095
2013-10-25,1.1546
2013-10-28,0.6578
2013-10-29,2.3448
2013-10-30,0.0188
2013-10-31,-0.4318
2013-11-01,0.3771
2013-11-04,1.5217
2013-11-05,-1.6839
2013-11-06,2.3904
2013-11-07,-0.9191
2013-11-08,2.6345
2013-11-11,-0.0362
2013-11-12,-1.5190000000000001
2013-11-13,1.9830999999999999
2013-11-14,1.2964
2013-11-15,-0.0533
2013-11-18,-3.379
2013-11-19,-1.0491
2013-11-20,-0.3348
2013-11-21,1.1571
2013-11-22,0.5535
2013-11-25,-3.3028
2013-11-26,0.9108
2013-11-27,-1.4291
2013-11-29,0.496
2013-12-02,-1.2718
2013-12-03,0.0192
2013-12-04,-2.4029
2013-12-05,-0.2766
2013-12-06,0.1585
2013-12-09,-1.2856
2013-12-10,-0.9617
2013-12-11,-0.8901
2013-12-12,1.2247
2013-12-13,-0.4033
2013-12-16,1.4983
2013-12-17,-1.556
2013-12-18,1.1348
2013-12-19,-0.9818
2013-12-20,2.2663
2013-12-23,-0.4749
2013-12-24,0.7555
2013-12-26,1.0458
2013-12-27,-0.2539
2013-12-30,-1.3312
2013-12-31,0.6944
2014-01-02,-1.4581
2014-01-03,0.24
2014-01-06,0.379
2014-01-07,-0.2385
2014-01-08,-1.3944
2014-01-09,0.2222
2014-01-10,1.8343
2014-01-13,-1.8606
2014-01-14,1.6539000000000001
2014-01-15,0.4762
2014-01-16,0.5134
2014-01-17,-0.4715
2014-01-21,-1.7370999999999999
2014-01-22,1.5267
2014-01-23,-0.8508
2014-01-24,-2.9934
2014-01-27,-0.2469
2014-01-28,-0.33
2014-01-29,-0.269
2014-01-30,2.5726
2014-01-31,-0.8697
2014-02-03,-1.3875
2014-02-04,2.1312
2014-02-05,-0.1823
2014-02-06,3.0242
2014-02-07,2.3838
2014-02-10,-0.1924
2014-02-11,3.798
2014-02-12,-1.3373
2014-02-13,0.6401
2014-02-14,0.2058
2014-02-18,1.0454
2014-02-19,0.739
2014-02-20,1.5588
2014-02-21,-0.1445
2014-02-24,1.9348999999999998
2014-02-25,-1.4015
2014-02-26,-0.7557
2014-02-27,0.9608
2014-02-28,2.3523
2014-03-03,-0.8246
2014-03-04,0.9223
2014-03-05,-1.2478
2014-03-06,1.2992
2014-03-07,-1.2649
2014-03-10,0.4804
2014-03-11,-1.3281
2014-03-12,-0.5922
2014-03-13,-0.2528
2014-03-14,-0.1086
2014-03-17,2.591
2014-03-18,0.4945
2014-03-19,-0.2109
2014-03-20,1.0215
2014-03-21,1.2204
2014-03-24,-0.4823
2014-03-25,2.3538
2014-03-26,-1.302
2014-03-27,-0.4797
2014-03-28,2.3584
2014-03-31,-0.9586
2014-04-01,1.2566
2014-04-02,0.5031
2014-04-03,-0.2169
2014-04-04,-0.8194
2014-04-07,-3.2878
2014-04-08,2.0049
2014-04-09,0.4786
2014-04-10,-1.4969000000000001
2014-04-11,-0.518
2014-04-14,2.5516
2014-04-15,1.5064
2014-04-16,0.8838
2014-04-17,0.6612
2014-04-21,3.3169
2014-04-22,0.7311
2014-04-23,2.1142
2014-04-24,-1.9005
2014-04-25,-0.9923
2014-04-28,-0.1273
2014-04-29,0.3664
2014-04-30,0.0952
2014-05-01,-0.2537
2014-05-02,1.5101
2014-05-05,0.0783
2014-05-06,-0.6102
2014-05-07,1.9207
2014-05-08,-2.0235
2014-05-09,0.1104
2014-05-12,1.0551
2014-05-13,-0.1091
2014-05-14,-0.1716
2014-05-15,-2.5316
2014-05-16,0.7696
2014-05-19,0.5728
2014-05-20,-0.5221
2014-05-21,0.4612
2014-05-22,0.3799
2014-05-23,0.9462
2014-05-27,-0.0625
2014-05-28,-0.8285
2014-05-29,0.8827
2014-05-30,1.0
2014-06-02,0.8045
2014-06-03,0.8614
2014-06-04,-0.2745
2014-06-05,0.7646
2014-06-06,1.6543
2014-06-09,0.2837
2014-06-10,-0.0893
2014-06-11,-0.2533
2014-06-12,-0.4482
2014-06-13,1.4106
2014-06-16,0.0444
2014-06-17,0.0
2014-06-18,1.3164
2014-06-19,0.7007
2014-06-20,1.8266
2014-06-23,0.1851
2014-06-24,-3.1405
2014-06-25,1.8779
2014-06-26,0.1584
2014-06-27,1.3228
2014-06-30,0.7663
2014-07-01,-0.2253
2014-07-02,-0.0423
2014-07-03,0.2118
2014-07-07,-1.1413
2014-07-08,-0.7127
2014-07-09,1.4499
2014-07-10,-1.8678
2014-07-11,-0.5191
2014-07-14,1.1741
2014-07-15,0.659
2014-07-16,2.2773
2014-07-17,-2.1013
2014-07-18,0.8244
2014-07-21,0.0987
2014-07-22,3.2254
2014-07-23,0.996
2014-07-24,-0.8241
2014-07-25,0.0
2014-07-28,-1.0489
2014-07-29,-1.9548
2014-07-30,-0.674
2014-07-31,-2.4737999999999998
2014-08-01,-0.3914
2014-08-04,1.9936
2014-08-05,-3.3814
2014-08-06,0.3544
2014-08-07,-0.8682
2014-08-08,1.3953
2014-08-11,1.6249
2014-08-12,-0.5762
2014-08-13,0.7534
2014-08-14,-3.1636
2014-08-15,1.6038000000000001
2014-08-18,0.6577
2014-08-19,-0.1452
2014-08-20,0.0145
2014-08-21,-0.6397
2014-08-22,-1.2730000000000001
2014-08-25,1.6007
2014-08-26,1.8380999999999998
2014-08-27,-1.9052
2014-08-28,-1.6063
2014-08-29,0.564
2014-09-02,-0.1775
2014-09-03,0.1334
2014-09-04,-1.5241
2014-09-05,1.3524
2014-09-08,-1.6901000000000002
2014-09-09,-0.7239
2014-09-10,1.3368
2014-09-11,0.5396
2014-09-12,-1.8041
2014-09-15,0.6377
2014-09-16,1.5238
2014-09-17,-1.5604
2014-09-18,0.1359
2014-09-19,0.2714
2014-09-22,-2.7515
2014-09-23,0.1855
2014-09-24,-0.1235
2014-09-25,-1.6378
2014-09-26,3.4873
2014-09-29,-0.4098
2014-09-30,-1.6766
2014-10-01,-3.1623
2014-10-02,-1.6488
2014-10-03,0.6836
2014-10-06,-0.291
2014-10-07,-0.762
2014-10-08,-1.307
2014-10-09,-5.1813
2014-10-10,-5.22
2014-10-13,-7.4231
2014-10-14,-1.2535
2014-10-15,2.0351
2014-10-16,1.0466
2014-10-17,2.7946
2014-10-20,0.6084
2014-10-21,5.1776
2014-10-22,-2.2098
2014-10-23,2.6089
2014-10-24,-0.1253
2014-10-27,-6.0774
2014-10-28,1.6606
2014-10-29,2.178
2014-10-30,-0.9188
2014-10-31,2.2626
2014-11-03,-2.2851
2014-11-04,-5.0111
2014-11-05,2.3251
2014-11-06,1.5276
2014-11-07,1.2977
2014-11-10,-0.427
2014-11-11,0.1678
2014-11-12,-0.9121
2014-11-13,1.052
2014-11-14,2.3982
2014-11-17,-10.6209
2014-11-18,-1.4016
2014-11-19,-0.2266
2014-11-20,1.6106
2014-11-21,2.8856
2014-11-24,-1.4813
2014-11-25,-3.2478
2014-11-26,-1.9062999999999999
2014-11-28,-10.8576
2014-12-01,-2.346
2014-12-02,-2.1111
2014-12-03,1.4626000000000001
2014-12-04,-0.0245
2014-12-05,-0.9082
2014-12-08,-4.4092
2014-12-09,2.3581
2014-12-10,-3.4937
2014-12-11,0.2886
2014-12-12,-0.7847
2014-12-15,-0.29
2014-12-16,0.7668
2014-12-17,3.4899
2014-12-18,-0.5325
2014-12-19,3.2118
2014-12-22,-2.0005
2014-12-23,0.504
2014-12-24,-0.4514
2014-12-26,0.0756
2014-12-29,0.6796
2014-12-30,-1.175
2014-12-31,-0.5059
2015-01-02,0.4068
2015-01-05,-1.9752
2015-01-06,-0.9817
2015-01-07,2.6872
2015-01-08,2.1596
2015-01-09,-1.0196
2015-01-12,-3.1658
2015-01-13,-0.6487
2015-01-14,0.1306
2015-01-15,-2.6343
2015-01-16,4.8219
2015-01-20,1.7889
2015-01-21,2.1592000000000002
2015-01-22,0.3195
2015-01-23,0.4165
2015-01-26,1.1466
2015-01-27,0.0965
2015-01-28,-4.8916
2015-01-29,0.2534
2015-01-30,1.0614
2015-02-02,3.801
2015-02-03,4.3604
2015-02-04,-2.1468
2015-02-05,2.2647
2015-02-06,0.0231
2015-02-09,0.3459
2015-02-10,-2.0915
2015-02-11,-1.0563
2015-02-12,1.4708999999999999
2015-02-13,3.3201
2015-02-17,1.5388
2015-02-18,-1.0698
2015-02-19,-0.3379
2015-02-20,-1.9891999999999999
2015-02-23,-0.3229
2015-02-24,-0.2314
2015-02-25,1.2987
2015-02-26,-2.2436
2015-02-27,0.5621
2015-03-02,0.5356
2015-03-03,0.2791
2015-03-04,-0.0928
2015-03-05,-0.3018
2015-03-06,-1.3041
2015-03-09,-0.8023
2015-03-10,-1.7364000000000002
2015-03-11,0.0
2015-03-12,-0.7746
2015-03-13,-1.9761
2015-03-16,0.8462
2015-03-17,-0.5923
2015-03-18,3.2522
2015-03-19,-0.0962
2015-03-20,3.0566
2015-03-23,-0.9809
2015-03-24,0.3066
2015-03-25,2.1867
2015-03-26,-0.6443
2015-03-27,0.1853
2015-03-30,1.2945
2015-03-31,0.1369
2015-04-01,-0.1367
2015-04-02,0.3195
2015-04-06,4.3676
2015-04-07,-2.9643
2015-04-08,-0.6739
2015-04-09,4.1158
2015-04-10,0.4778
2015-04-13,-1.7726
2015-04-14,1.6724999999999999
2015-04-15,4.4589
2015-04-16,-0.891
2015-04-17,-1.9653
2015-04-20,2.0473
2015-04-21,-1.6719
2015-04-22,0.1275
2015-04-23,2.2500999999999998
2015-04-24,-0.3529
2015-04-27,0.8958
2015-04-28,0.3304
2015-04-29,1.276
2015-04-30,-0.5283
2015-05-01,0.3269
2015-05-04,0.1833
2015-05-05,-2.3577
2015-05-06,-0.7702
2015-05-07,-2.769
2015-05-08,3.7972
2015-05-11,-1.9123
2015-05-12,0.6357
2015-05-13,-0.4211
2015-05-14,-1.7974
2015-05-15,0.5599
2015-05-18,0.0428
2015-05-19,-3.5317
2015-05-20,-0.2219
2015-05-21,2.6462
2015-05-22,-0.5416
2015-05-26,-1.002
2015-05-27,0.374
2015-05-28,-0.5918
2015-05-29,0.1103
2015-06-01,0.0441
2015-06-02,1.5030999999999999
2015-06-03,-0.6533
2015-06-04,-1.9947
2015-06-05,2.2814
2015-06-08,-0.6779
2015-06-09,-0.3082
2015-06-10,2.1201
2015-06-11,-1.3408
2015-06-12,-0.3069
2015-06-15,0.1539
2015-06-16,-0.2854
2015-06-17,0.6385
2015-06-18,-2.4721
2015-06-19,-1.6375
2015-06-22,0.5929
2015-06-23,0.8615
2015-06-24,-0.5394
2015-06-25,-1.6949
2015-06-26,-0.8736
2015-06-29,-0.9972
2015-06-30,0.8901
2015-07-01,-3.5059
2015-07-02,0.8422
2015-07-06,-2.8394
2015-07-07,2.8487
2015-07-08,-2.2445
2015-07-09,0.9038
2015-07-10,0.0484
2015-07-13,1.3066
2015-07-14,1.6480000000000001
2015-07-15,-3.5009
2015-07-16,-2.094
2015-07-17,-0.5471
2015-07-20,1.8255
2015-07-21,2.7996
2015-07-22,-0.7645
2015-07-23,1.9018000000000002
2015-07-24,-1.4411
2015-07-27,-1.7737
2015-07-28,2.2938
2015-07-29,3.2681
2015-07-30,-2.31
2015-07-31,-1.1823
2015-08-03,-3.9962
2015-08-04,-1.2961
2015-08-05,2.5505
2015-08-06,0.591
2015-08-07,-2.6683
2015-08-10,4.6781
2015-08-11,0.7929
2015-08-12,1.8117
2015-08-13,-2.2243
2015-08-14,0.5508
2015-08-17,-1.6671
2015-08-18,-0.6781
2015-08-19,-4.1697
2015-08-20,-4.0712
2015-08-21,-5.3316
2015-08-24,-5.9681
2015-08-25,-0.2682
2015-08-26,2.8682
2015-08-27,10.485
2015-08-28,1.4458
2015-08-31,2.4359
2015-09-01,-3.5578
2015-09-02,0.5797
2015-09-03,-0.2358
2015-09-04,-3.23
2015-09-08,2.9851
2015-09-09,-2.108
2015-09-10,1.1575
2015-09-11,-1.0112
2015-09-14,-0.8602
2015-09-15,0.3525
2015-09-16,4.4312000000000005
2015-09-17,0.1294
2015-09-18,-3.4109
2015-09-21,0.1873
2015-09-22,0.0267
2015-09-23,-0.4271
2015-09-24,-0.8043
2015-09-25,-0.8108
2015-09-28,-4.8229
2015-09-29,-0.7157
2015-09-30,1.9319
2015-10-01,-1.2447
2015-10-02,5.4139
2015-10-05,2.4728
2015-10-06,3.5269
2015-10-07,2.1004
2015-10-08,1.3798
2015-10-09,-1.8807
2015-10-12,-1.9672
2015-10-13,-1.0291
2015-10-14,0.6499
2015-10-15,1.3946
2015-10-16,-3.6933
2015-10-19,-1.1902
2015-10-20,0.8565
2015-10-21,1.9108
2015-10-22,3.4115
2015-10-23,-1.2591
2015-10-26,-1.6832
2015-10-27,-2.7756
2015-10-28,2.1078
2015-10-29,-0.209
2015-10-30,0.4975
2015-11-02,2.371
2015-11-03,1.9343
2015-11-04,-2.0974
2015-11-05,-2.0403000000000002
2015-11-06,2.4473
2015-11-09,-0.6353
2015-11-10,-0.4859
2015-11-11,-2.0817
2015-11-12,-1.601
2015-11-13,-0.2667
2015-11-16,2.942
2015-11-17,-0.9873
2015-11-18,2.0205
2015-11-19,-2.1605
2015-11-20,-0.1052
2015-11-23,0.9211
2015-11-24,3.6245000000000003
2015-11-25,-1.082
2015-11-27,-0.4579
2015-11-30,1.8399999999999999
2015-12-01,1.8319
2015-12-02,-3.5891
2015-12-03,-2.4134
2015-12-04,-0.2894
2015-12-07,-3.5092
2015-12-08,-0.8203
2015-12-09,5.5969
2015-12-10,-0.3916
2015-12-11,-3.1193
2015-12-14,-1.1093
2015-12-15,1.5048
2015-12-16,-3.3423
2015-12-17,-4.6849
2015-12-18,-2.165
2015-12-21,-0.1196
2015-12-22,1.8563
2015-12-23,4.2034
2015-12-24,-0.8463
2015-12-28,-2.4182
2015-12-29,0.5831
2015-12-30,-1.0725
2015-12-31,-0.2637
2016-01-04,1.2926
2016-01-05,-0.232
2016-01-06,-2.8487999999999998
2016-01-07,-1.526
2016-01-08,-1.3674
2016-01-11,-2.8035
2016-01-12,-0.2536
2016-01-13,-3.2094
2016-01-14,4.5305
2016-01-15,-3.1093
2016-01-19,-3.436
2016-01-20,-4.3974
2016-01-21,2.8441
2016-01-22,3.0727
2016-01-25,-3.0142
2016-01-26,-1.1612
2016-01-27,0.4147
2016-01-28,4.7832
2016-01-29,4.4007
2016-02-01,-0.5348
2016-02-02,-3.4788
2016-02-03,4.7181999999999995
2016-02-04,1.4706000000000001
2016-02-05,-3.3302
2016-02-08,-1.6587
2016-02-09,-4.0221
2016-02-10,0.0
2016-02-11,-2.6698
2016-02-12,1.0764
2016-02-16,2.8513
2016-02-17,4.8764
2016-02-18,0.1911
2016-02-19,-0.2861
2016-02-22,4.8135
2016-02-23,-2.4027
2016-02-24,1.153
2016-02-25,0.1232
2016-02-26,0.9538
2016-02-29,-1.0667
2016-03-01,2.2923999999999998
2016-03-02,1.9382000000000001
2016-03-03,1.5152
2016-03-04,2.0778
2016-03-07,2.7523
2016-03-08,-3.7946
2016-03-09,0.609
2016-03-10,-0.5189
2016-03-11,4.6653
2016-03-14,-1.7165
2016-03-15,-1.4365999999999999
2016-03-16,1.3718
2016-03-17,2.5655
2016-03-18,-0.2199
2016-03-21,0.2204
2016-03-22,-1.127
2016-03-23,-2.6132999999999997
2016-03-24,0.5424
2016-03-28,-0.3691
2016-03-29,-0.1995
2016-03-30,2.8555
2016-03-31,-0.8329
2016-04-01,-1.7637
2016-04-04,-3.1063
2016-04-05,1.1764999999999999
2016-04-06,5.9302
2016-04-07,-0.5214
2016-04-08,2.9793
2016-04-11,-0.2947
2016-04-12,1.1822
2016-04-13,1.726
2016-04-14,0.1827
2016-04-15,-0.2866
2016-04-18,1.8814
2016-04-19,2.693
2016-04-20,0.7493
2016-04-21,-0.0248
2016-04-22,1.2646
2016-04-25,-1.9588999999999999
2016-04-26,0.4496
2016-04-27,2.0388
2016-04-28,0.0
2016-04-29,0.6579
2016-05-02,1.7913000000000001
2016-05-03,-3.8288
2016-05-04,-1.4342
2016-05-05,0.2007
2016-05-06,-1.2519
2016-05-09,-1.9016
2016-05-10,0.3877
2016-05-11,1.8023
2016-05-12,1.2898
2016-05-13,-2.4718999999999998
2016-05-16,2.8674
2016-05-17,2.4638999999999998
2016-05-18,-2.1618
2016-05-19,-0.3476
2016-05-20,1.9183
2016-05-23,1.3444
2016-05-24,-0.0965
2016-05-25,2.4867
2016-05-26,0.4476
2016-05-27,0.2814
2016-05-31,-0.9394
2016-06-01,-0.0711
2016-06-02,-0.0474
2016-06-03,1.709
2016-06-06,4.7608
2016-06-07,2.6509
2016-06-08,0.4557
2016-06-09,-1.7066
2016-06-10,-2.4615
2016-06-13,-0.2253
2016-06-14,-0.6549
2016-06-15,-0.0227
2016-06-16,-1.7963
2016-06-17,2.1301
2016-06-20,-0.7255
2016-06-21,1.8954
2016-06-22,0.0896
2016-06-23,2.6422
2016-06-24,-4.1885
2016-06-27,-4.6448
2016-06-28,3.319
2016-06-29,3.0506
2016-06-30,1.5699
2016-07-01,0.5962
2016-07-05,-4.4557
2016-07-06,0.2757
2016-07-07,-0.2291
2016-07-08,3.3984
2016-07-11,-1.2214
2016-07-12,3.4847
2016-07-13,-1.7814
2016-07-14,1.3271
2016-07-15,-0.764
2016-07-18,0.33
2016-07-19,-1.3594
2016-07-20,-1.5781
2016-07-21,-1.6712
2016-07-22,0.6661
2016-07-25,-2.9432
2016-07-26,1.6455
2016-07-27,-0.7401
2016-07-28,-0.3495
2016-07-29,2.0809
2016-08-01,-3.1608
2016-08-02,-0.5203
2016-08-03,2.0922
2016-08-04,0.1164
2016-08-05,1.6747999999999998
2016-08-08,1.2583
2016-08-09,-0.4745
2016-08-10,-0.6583
2016-08-11,0.7313
2016-08-12,-0.5445
2016-08-15,1.3914
2016-08-16,0.3825
2016-08-17,1.0758
2016-08-18,3.0155
2016-08-19,0.8394
2016-08-22,-3.778
2016-08-23,-0.1996
2016-08-24,-1.4224999999999999
2016-08-25,0.4961
2016-08-26,-0.0224
2016-08-29,0.4039
2016-08-30,-1.4975
2016-08-31,-2.4053
2016-09-01,0.465
2016-09-02,0.6711
2016-09-06,0.9464
2016-09-07,-0.3659
2016-09-08,1.2623
2016-09-09,-4.9184
2016-09-12,1.0727
2016-09-13,-3.0425
2016-09-14,0.3649
2016-09-15,1.2361
2016-09-16,-1.7477
2016-09-19,0.5848
2016-09-20,-0.0484
2016-09-21,3.5385
2016-09-22,-0.1639
2016-09-23,-1.8992
2016-09-26,-1.0994
2016-09-27,-1.0391
2016-09-28,4.4933
2016-09-29,3.2484
2016-09-30,1.5844
2016-10-03,0.0446
2016-10-04,-0.6904
2016-10-05,2.5342000000000002
2016-10-06,1.4217
2016-10-07,-0.2372
2016-10-10,2.1617
2016-10-11,-1.3119
2016-10-12,0.6861
2016-10-13,0.1278
2016-10-14,-0.1063
2016-10-17,-1.3839000000000001
2016-10-18,1.6192
2016-10-19,4.249
2016-10-20,-0.6521
2016-10-21,-0.6564
2016-10-24,-0.3923
2016-10-25,-0.9743
2016-10-26,-0.314
2016-10-27,-0.147
2016-10-28,-2.04
2016-10-31,-1.2452
2016-11-01,0.5
2016-11-02,-0.6489
2016-11-03,1.4152
2016-11-04,-0.4294
2016-11-07,2.2855
2016-11-08,-0.6745
2016-11-09,1.4856
2016-11-10,2.0703
2016-11-11,-1.639
2016-11-14,0.2708
2016-11-15,3.3652
2016-11-16,-2.0096
2016-11-17,-0.3281
2016-11-18,1.4609
2016-11-21,1.6021
2016-11-22,-0.519
2016-11-23,-0.7424
2016-11-25,0.0809
2016-11-28,-1.4341
2016-11-29,-2.0697
2016-11-30,11.0902
2016-12-01,0.2825
2016-12-02,1.7468
2016-12-05,-0.1661
2016-12-06,0.2226
2016-12-07,-0.8886
2016-12-08,1.6623
2016-12-09,-0.4226
2016-12-12,0.5351
2016-12-13,0.7524
2016-12-14,-2.5319000000000003
2016-12-15,0.5233
2016-12-16,0.3718
2016-12-19,-0.5001
2016-12-20,-0.726
2016-12-21,3.0564
2016-12-22,0.2001
2016-12-23,-0.4177
2016-12-27,0.1276
2016-12-28,-1.1109
2016-12-29,-0.4788
2016-12-30,0.0925
2017-01-03,2.9395
2017-01-04,0.3772
2017-01-05,0.5726
2017-01-06,0.8006
2017-01-09,-1.0413000000000001
2017-01-10,-2.5504
2017-01-11,1.3726
2017-01-12,-0.3791
2017-01-13,-1.1598
2017-01-17,0.8618
2017-01-18,0.2181
2017-01-19,0.3809
2017-01-20,2.0058
2017-01-23,-2.9229000000000003
2017-01-24,3.3212
2017-01-25,1.3953
2017-01-26,1.1322
2017-01-27,0.2584
2017-01-30,-2.972
2017-01-31,0.1593
2017-02-01,-0.601
2017-02-02,0.1067
2017-02-03,0.5152
2017-02-06,-0.8484
2017-02-07,-2.1747
2017-02-08,1.0204
2017-02-09,2.2367
2017-02-10,-0.9704
2017-02-13,0.3385
2017-02-14,0.3906
2017-02-15,-1.3618999999999999
2017-02-16,-2.6179
2017-02-17,-1.1048
2017-02-21,0.242
2017-02-22,-1.4487
2017-02-23,0.245
2017-02-24,-0.6016
2017-02-27,0.9646
2017-02-28,0.4887
2017-03-01,2.3195
2017-03-02,-1.5173999999999999
2017-03-03,0.0
2017-03-06,-0.1299
2017-03-07,-1.5428
2017-03-08,-3.1716
2017-03-09,-0.7799
2017-03-10,0.0393
2017-03-13,-0.0589
2017-03-14,-2.1226
2017-03-15,3.4939999999999998
2017-03-16,-1.2029
2017-03-17,-0.2749
2017-03-20,-0.2757
2017-03-21,-0.9676
2017-03-22,-0.6381
2017-03-23,-0.2408
2017-03-24,-0.6035
2017-03-27,-3.2989
2017-03-28,0.5023
2017-03-29,2.499
2017-03-30,-0.4063
2017-03-31,0.3876
2017-04-03,0.1422
2017-04-04,0.5479
2017-04-05,0.6054
2017-04-06,0.6018
2017-04-07,-0.9372
2017-04-10,0.5837
2017-04-11,0.08
2017-04-12,-1.3597000000000001
2017-04-13,-1.9258
2017-04-17,0.9508
2017-04-18,-0.6347
2017-04-19,-2.2666
2017-04-20,0.5482
2017-04-21,-1.321
2017-04-24,-0.6587
2017-04-25,0.5775
2017-04-26,-0.0638
2017-04-27,-1.2556
2017-04-28,-1.1207
2017-05-01,-0.2398
2017-05-02,-1.0269
2017-05-03,-0.1104
2017-05-04,-1.4365
2017-05-05,2.1973
2017-05-08,-0.4827
2017-05-09,-0.7275
2017-05-10,1.7322
2017-05-11,-0.4366
2017-05-12,-1.0305
2017-05-15,3.035
2017-05-16,0.5805
2017-05-17,-0.9406
2017-05-18,0.5179
2017-05-19,2.5762
2017-05-22,-1.3813
2017-05-23,1.0187
2017-05-24,0.2311
2017-05-25,-4.8208
2017-05-26,0.7708
2017-05-30,-1.333
2017-05-31,0.0886
2017-06-01,0.6639
2017-06-02,-0.4177
2017-06-05,0.4415
2017-06-06,1.5004
2017-06-07,-3.4783
2017-06-08,-0.6081
2017-06-09,1.6315
2017-06-12,0.1561
2017-06-13,2.0481
2017-06-14,-2.2033
2017-06-15,-1.673
2017-06-16,0.431
2017-06-19,-0.6777
2017-06-20,-1.2963
2017-06-21,-2.6959
2017-06-22,-0.7814
2017-06-23,-0.9547
2017-06-26,0.4819
2017-06-27,-0.4077
2017-06-28,1.1558
2017-06-29,0.976
2017-06-30,0.6836
2017-07-03,2.3648
2017-07-05,-1.9670999999999998
2017-07-06,-1.9599
2017-07-07,-0.5712
2017-07-10,1.2925
2017-07-11,0.9216
2017-07-12,0.1639
2017-07-13,2.3142
2017-07-14,1.0281
2017-07-17,-0.2488
2017-07-18,-0.2494
2017-07-19,3.5909
2017-07-20,-0.4388
2017-07-21,-2.2036
2017-07-24,-4.2136
2017-07-25,0.4234
2017-07-26,1.4758
2017-07-27,-0.5309
2017-07-28,-0.3713
2017-07-31,-1.1414
2017-08-01,0.0236
2017-08-02,0.9423
2017-08-03,-1.9137
2017-08-04,-0.0952
2017-08-07,-1.286
2017-08-08,-1.0133
2017-08-09,0.6337
2017-08-10,-1.8891
2017-08-11,-1.2096
2017-08-14,-0.2749
2017-08-15,-0.902
2017-08-16,-0.5815
2017-08-17,-1.6021999999999998
2017-08-18,0.7754
2017-08-21,-0.6412
2017-08-22,-0.2065
2017-08-23,0.9571
2017-08-24,-0.6149
2017-08-25,0.5672
2017-08-28,-0.564
2017-08-29,-0.1805
2017-08-30,-0.1291
2017-08-31,0.7758
2017-09-01,0.2823
2017-09-05,2.3907
2017-09-06,2.9626
2017-09-07,0.7315
2017-09-08,-2.4691
2017-09-11,0.8439
2017-09-12,1.5506
2017-09-13,1.3088
2017-09-14,0.9091
2017-09-15,0.3082
2017-09-18,0.7327
2017-09-19,0.4458
2017-09-20,1.8687
2017-09-21,-0.2981
2017-09-22,1.7709000000000001
2017-09-25,0.9944
2017-09-26,-0.1119
2017-09-27,2.1057
2017-09-28,0.5485
2017-09-29,0.4364
2017-10-02,-1.0862
2017-10-03,-1.3178
2017-10-04,0.5564
2017-10-05,-0.1992
2017-10-06,-0.754
2017-10-09,0.4022
2017-10-10,0.2226
2017-10-11,1.066
2017-10-12,-1.6480000000000001
2017-10-13,-0.0894
2017-10-16,-0.246
2017-10-17,-0.3362
2017-10-18,-1.552
2017-10-19,-0.7996
2017-10-20,-0.2073
2017-10-23,-2.5156
2017-10-24,-2.0597
2017-10-25,0.2175
2017-10-26,-0.5306
2017-10-27,2.8855
2017-10-30,1.1784
2017-10-31,-0.4426
2017-11-01,0.7253
2017-11-02,-0.8362
2017-11-03,1.2649
2017-11-06,4.2794
2017-11-07,0.4215
2017-11-08,-0.3313
2017-11-09,-0.2438
2017-11-10,-0.9553
2017-11-13,-0.83
2017-11-14,-2.8727
2017-11-15,-2.911
2017-11-16,-0.4318
2017-11-17,0.6264
2017-11-20,-0.4788
2017-11-21,-0.9622
2017-11-22,0.6315
2017-11-24,0.3621
2017-11-27,-1.2266
2017-11-28,-0.1217
2017-11-29,0.6826
2017-11-30,1.1622
2017-12-01,3.0637
2017-12-04,1.9275
2017-12-05,-0.5924
2017-12-06,-0.1604
2017-12-07,0.1844
2017-12-08,1.2195
2017-12-11,2.6597
2017-12-12,0.1771
2017-12-13,-1.061
2017-12-14,-0.7819
2017-12-15,0.4503
2017-12-18,1.9502000000000002
2017-12-19,0.8575
2017-12-20,3.3791
2017-12-21,1.5816
2017-12-22,-0.3322
2017-12-26,1.583
2017-12-27,0.1025
2017-12-28,-0.5121
2017-12-29,0.6177
2018-01-02,1.5142
2018-01-03,1.794
2018-01-04,2.2376
2018-01-05,0.368
2018-01-08,0.907
2018-01-09,-0.3442
2018-01-10,0.6908
2018-01-11,1.639
2018-01-12,-0.3563
2018-01-16,-1.9005999999999998
2018-01-17,1.3812
2018-01-18,-0.9272
2018-01-19,1.2414
2018-01-22,6.395
2018-01-23,0.7624
2018-01-24,-2.6219
2018-01-25,-0.253
2018-01-26,0.7428
2018-01-29,-1.4566
2018-01-30,-1.2044
2018-01-31,-0.8127
2018-02-01,1.5084
2018-02-02,-4.2561
2018-02-05,-4.1196
2018-02-06,1.1791
2018-02-07,-1.8566
2018-02-08,-4.5884
2018-02-09,-1.4976
2018-02-12,2.6124
2018-02-13,-1.106
2018-02-14,1.0129
2018-02-15,-2.0472
2018-02-16,1.3009
2018-02-20,-0.7158
2018-02-21,-1.2934999999999999
2018-02-22,1.246
2018-02-23,2.8007999999999997
2018-02-26,-0.4541
2018-02-27,-1.2648
2018-02-28,-2.5199
2018-03-01,-0.8402
2018-03-02,0.0
2018-03-05,0.4997
2018-03-06,-0.3459
2018-03-07,-0.196
2018-03-08,0.3928
2018-03-09,2.13
2018-03-12,-0.149
2018-03-13,-1.7477
2018-03-14,0.3037
2018-03-15,-2.0545
2018-03-16,1.369
2018-03-19,-2.6792
2018-03-20,1.8129
2018-03-21,3.5612
2018-03-22,-1.5495999999999999
2018-03-23,0.1294
2018-03-26,1.6581000000000001
2018-03-27,-0.699
2018-03-28,-1.7705
2018-03-29,1.9327
2018-04-02,-1.8108
2018-04-03,1.5405
2018-04-04,-0.0427
2018-04-05,1.9239000000000002
2018-04-06,-1.4262000000000001
2018-04-09,-0.9362
2018-04-10,4.854
2018-04-11,1.5772
2018-04-12,1.2503
2018-04-13,1.1352
2018-04-16,-0.0394
2018-04-17,0.2561
2018-04-18,2.358
2018-04-19,-0.1536
2018-04-20,-0.0961
2018-04-23,0.1732
2018-04-24,-1.3064
2018-04-25,0.7397
2018-04-26,1.6425
2018-04-27,0.4373
2018-04-30,0.3029
2018-05-01,-1.0379
2018-05-02,0.3814
2018-05-03,-0.6269
2018-05-04,-0.2294
2018-05-07,-0.3066
2018-05-08,-0.3075
2018-05-09,1.6002
2018-05-10,0.019
2018-05-11,-0.8158
2018-05-14,0.4208
2018-05-15,0.419
2018-05-16,0.4742
2018-05-17,2.643
2018-05-18,-0.092
2018-05-21,0.1473
2018-05-22,-2.1324
2018-05-23,-0.6011
2018-05-24,-1.2283
2018-05-25,-3.9793
2018-05-29,-0.8567
2018-05-30,1.3063
2018-05-31,-1.3291
2018-06-01,-1.3269
2018-06-04,-2.3024
2018-06-05,0.2086
2018-06-06,0.8983
2018-06-07,1.3043
2018-06-08,-1.6963
2018-06-11,-0.499
2018-06-12,0.0
2018-06-13,-0.397
2018-06-14,0.1259
2018-06-15,-2.3675
2018-06-18,0.0429
2018-06-19,-1.094
2018-06-20,-0.8675
2018-06-21,-1.7283
2018-06-22,2.894
2018-06-25,-2.1203
2018-06-26,0.221
2018-06-27,1.1028
2018-06-28,-0.4581
2018-06-29,-1.2492
2018-07-02,-1.3094000000000001
2018-07-03,0.1349
2018-07-05,-0.1797
2018-07-06,1.0799
2018-07-09,2.0031
2018-07-10,0.9383
2018-07-11,-2.5076
2018-07-12,-0.3991
2018-07-13,0.9573
2018-07-16,-0.86
2018-07-17,0.2224
2018-07-18,-0.577
2018-07-19,0.3571
2018-07-20,0.5338
2018-07-23,-8.0973
2018-07-24,-2.8647
2018-07-25,-1.3135
2018-07-26,3.7418
2018-07-27,1.1862
2018-07-30,1.1722
2018-07-31,0.3074
2018-08-01,-0.8487
2018-08-02,-0.3566
2018-08-03,0.334
2018-08-06,-0.214
2018-08-07,0.1668
2018-08-08,0.0
2018-08-09,-1.2372
2018-08-10,1.0359
2018-08-13,-2.599
2018-08-14,-0.4406
2018-08-15,-2.3851
2018-08-16,0.1763
2018-08-17,0.5029
2018-08-20,1.0758
2018-08-21,1.2624
2018-08-22,0.7089
2018-08-23,-0.8981
2018-08-24,-0.049
2018-08-27,0.4901
2018-08-28,-0.8291
2018-08-29,0.1229
2018-08-30,-1.2279
2018-08-31,-0.8205
2018-09-04,-0.5766
2018-09-05,-5.9524
2018-09-06,-0.7272
2018-09-07,-0.1628
2018-09-10,-0.2989
2018-09-11,1.7989000000000002
2018-09-12,2.1151
2018-09-13,0.7604
2018-09-14,0.5204
2018-09-17,0.2071
2018-09-18,1.1625
2018-09-19,2.2983000000000002
2018-09-20,0.8238
2018-09-21,0.7923
2018-09-24,0.8597
2018-09-25,0.7306
2018-09-26,-0.677
2018-09-27,-1.1928
2018-09-28,-0.1478
2018-10-01,1.283
2018-10-02,1.6078000000000001
2018-10-03,0.2158
2018-10-04,0.2153
2018-10-05,0.2626
2018-10-08,0.0238
2018-10-09,0.3095
2018-10-10,-3.5596
2018-10-11,-2.19
2018-10-12,-0.3774
2018-10-15,0.5051
2018-10-16,0.7035
2018-10-17,-1.2974
2018-10-18,-3.9434
2018-10-19,-1.2105
2018-10-22,-3.0368
2018-10-23,-2.1978
2018-10-24,-3.8483
2018-10-25,1.4899
2018-10-26,1.1514
2018-10-29,-2.0489
2018-10-30,1.8594
2018-10-31,-1.0839
2018-11-01,0.2595
2018-11-02,0.3739
2018-11-05,2.4355
2018-11-06,0.0559
2018-11-07,1.7892000000000001
2018-11-08,-2.8564
2018-11-09,-1.1026
2018-11-12,-2.3442
2018-11-13,-5.5328
2018-11-14,-0.062
2018-11-15,0.6202
2018-11-16,0.0308
2018-11-19,1.6328
2018-11-20,-4.6984
2018-11-21,1.5585
2018-11-23,-3.8522
2018-11-26,3.5831
2018-11-27,0.2516
2018-11-28,0.9097
2018-11-29,-0.8704
2018-11-30,-1.4425
2018-12-03,3.9135
2018-12-04,-3.7355
2018-12-06,-4.6756
2018-12-07,-0.3693
2018-12-10,-1.3477000000000001
2018-12-11,-1.6393
2018-12-12,2.8125
2018-12-13,1.0132
2018-12-14,-3.0425
2018-12-17,0.3103
2018-12-18,-0.3781
2018-12-19,-4.6239
2018-12-20,-1.8090000000000002
2018-12-21,-4.7531
2018-12-24,-2.7466
2018-12-26,5.1313
2018-12-27,-0.2649
2018-12-28,0.3794
2018-12-31,0.4535
2019-01-02,2.7088
2019-01-03,-0.6227
2019-01-04,4.7549
2019-01-07,1.4075
2019-01-08,1.3185
2019-01-09,2.7397
2019-01-10,2.9
2019-01-11,-0.5507
2019-01-14,-1.0749
2019-01-15,-0.0659
2019-01-16,0.0329
2019-01-17,1.7787
2019-01-18,4.3689
2019-01-22,-3.0698
2019-01-23,-0.6718
2019-01-24,0.5153
2019-01-25,2.8517
2019-01-28,-2.7103
2019-01-29,-1.2168
2019-01-30,2.3339
2019-01-31,-0.6652
2019-02-01,2.4234999999999998
2019-02-04,0.4047
2019-02-05,0.155
2019-02-06,-0.8359
2019-02-07,-4.7768
2019-02-08,-2.623
2019-02-11,1.6835
2019-02-12,2.1192
2019-02-13,1.8157999999999999
2019-02-14,0.6369
2019-02-15,0.7911
2019-02-19,-0.471
2019-02-20,1.8612
2019-02-21,-2.8182
2019-02-22,-0.1912
2019-02-25,1.3729
2019-02-26,-0.6614
2019-02-27,-0.9195
2019-02-28,-1.792
2019-03-01,0.782
2019-03-04,0.1617
2019-03-05,-1.6461999999999999
2019-03-06,-4.7871
2019-03-07,-3.1553
2019-03-08,-1.647
2019-03-11,1.5289000000000001
2019-03-12,0.7171
2019-03-13,1.4596
2019-03-14,-0.1053
2019-03-15,-1.7562
2019-03-18,3.2177
2019-03-19,1.3509
2019-03-20,2.8708
2019-03-21,-0.1993
2019-03-22,-4.3609
2019-03-25,-1.7055
2019-03-26,0.8144
2019-03-27,0.3161
2019-03-28,2.2059
2019-03-29,0.3768
2019-04-01,2.8669000000000002
2019-04-02,-0.6636
2019-04-03,-0.0334
2019-04-04,1.6372
2019-04-05,1.808
2019-04-08,1.0333
2019-04-09,-1.534
2019-04-10,0.7465
2019-04-11,0.5155
2019-04-12,0.4167
2019-04-15,-0.1277
2019-04-16,1.6619000000000002
2019-04-17,-0.6916
2019-04-18,-1.4562
2019-04-22,-0.1285
2019-04-23,0.193
2019-04-24,-3.3387000000000002
2019-04-25,-2.9558
2019-04-26,-1.2663
2019-04-29,-0.2773
2019-04-30,-1.5293999999999999
2019-05-01,-2.6121
2019-05-02,0.5437
2019-05-03,0.1081
2019-05-06,-0.5041
2019-05-07,-2.4973
2019-05-08,-1.6333
2019-05-09,-1.9245
2019-05-10,-2.424
2019-05-13,-2.7997
2019-05-14,3.1643
2019-05-15,0.6292
2019-05-16,1.1333
2019-05-17,-2.7048
2019-05-20,-0.3971
2019-05-21,2.0335
2019-05-22,-3.3216
2019-05-23,-4.9717
2019-05-24,-2.2969
2019-05-28,0.0871
2019-05-29,0.087
2019-05-30,-3.6506
2019-05-31,-3.9693
2019-06-03,1.4561
2019-06-04,2.5
2019-06-05,-3.5064
2019-06-06,1.6989
2019-06-07,0.3712
2019-06-10,0.601
2019-06-11,1.4706000000000001
2019-06-12,-4.5743
2019-06-13,2.8002000000000002
2019-06-14,-1.2927
2019-06-17,2.7596
2019-06-18,1.1379
2019-06-19,-1.8452
2019-06-20,4.906
2019-06-21,-0.1748
2019-06-24,-1.4447999999999999
2019-06-25,-0.0444
2019-06-26,3.1111
2019-06-27,-2.0259
2019-06-28,0.044
2019-07-01,0.9235
2019-07-02,-1.3072
2019-07-03,0.8389
2019-07-05,0.8319
2019-07-08,0.9553
2019-07-09,1.3763
2019-07-10,0.1273
2019-07-11,1.0593
2019-07-12,-0.4193
2019-07-15,-1.2211
2019-07-16,-2.4723
2019-07-17,-4.8077
2019-07-18,-0.4591
2019-07-19,0.3229
2019-07-22,9.1494
2019-07-23,0.4212
2019-07-24,-0.2097
2019-07-25,-2.396
2019-07-26,-0.8183
2019-07-29,-3.6908
2019-07-30,4.5987
2019-07-31,-0.8621
2019-08-01,-5.8261
2019-08-02,-3.0471
2019-08-05,-3.2857
2019-08-06,-1.7725
2019-08-07,-1.5038
2019-08-08,1.4249
2019-08-09,-2.0572
2019-08-12,-0.5635
2019-08-13,0.3606
2019-08-14,-5.9035
2019-08-15,-0.4364
2019-08-16,3.3973
2019-08-19,2.4377
2019-08-20,-1.3968
2019-08-21,-2.4134
2019-08-22,0.3763
2019-08-23,-5.0884
2019-08-26,-1.2415
2019-08-27,-1.0857
2019-08-28,3.9861
2019-08-29,2.9444
2019-08-30,1.673
2019-09-03,0.5308
2019-09-04,0.0
2019-09-05,1.2793
2019-09-06,0.4737
2019-09-09,4.505
2019-09-10,0.401
2019-09-11,0.0999
2019-09-12,-1.4963
2019-09-13,2.6329000000000002
2019-09-16,10.9521
2019-09-17,-6.4918
2019-09-18,-1.0461
2019-09-19,0.5286
2019-09-20,-2.2945
2019-09-23,0.8317
2019-09-24,-5.4343
2019-09-25,-0.2565
2019-09-26,-0.8745
2019-09-27,-2.8023
2019-09-30,0.6407
2019-10-01,-1.4324
2019-10-02,-2.2067
2019-10-03,2.5867
2019-10-04,-0.4828
2019-10-07,-1.0243
2019-10-08,-0.5991
2019-10-09,0.1096
2019-10-10,0.8758
2019-10-11,2.8215
2019-10-14,-1.0026
2019-10-15,-0.3198
2019-10-16,-2.1390000000000002
2019-10-17,1.1475
2019-10-18,-0.4322
2019-10-21,6.4026
2019-10-22,1.4788000000000001
2019-10-23,1.5577999999999999
2019-10-24,-1.4844
2019-10-25,2.8629
2019-10-28,-0.8789
2019-10-29,0.3941
2019-10-30,-4.6124
2019-10-31,-0.9774
2019-11-01,4.3636
2019-11-04,4.878
2019-11-05,-0.0949
2019-11-06,-2.1378
2019-11-07,1.7476
2019-11-08,1.5267
2019-11-11,-0.141
2019-11-12,-1.0352999999999999
2019-11-13,-1.9496
2019-11-14,-1.4064
2019-11-15,0.7378
2019-11-18,-1.5625
2019-11-19,-1.2897
2019-11-20,3.1658
2019-11-21,2.9226
2019-11-22,-0.6626
2019-11-25,1.6675
2019-11-26,-2.3899
2019-11-27,2.7843999999999998
2019-11-29,-1.9617
2019-12-02,1.4293
2019-12-03,-2.3485
2019-12-04,4.1366
2019-12-05,-0.2329
2019-12-06,4.2484
2019-12-09,1.0748
2019-12-10,0.9747
2019-12-11,2.5888999999999998
2019-12-12,3.935
2019-12-13,-1.2757
2019-12-16,1.5006
2019-12-17,1.3963
2019-12-18,-0.6075
2019-12-19,-0.2445
2019-12-20,0.0408
2019-12-23,1.6333
2019-12-24,-0.1205
2019-12-26,-1.2872
2019-12-27,-0.5705
2019-12-30,0.6557
2019-12-31,-0.3664
2020-01-02,0.8582
2020-01-03,0.3241
2020-01-06,2.5444
2020-01-07,-2.8358
2020-01-08,-2.5132
2020-01-09,0.5821
2020-01-10,-0.4547
2020-01-13,-1.3704
2020-01-14,0.8
2020-01-15,-1.5455
2020-01-16,1.0182
2020-01-17,0.63
2020-01-21,-0.793
2020-01-22,0.6731
2020-01-23,-1.4626000000000001
2020-01-24,-2.0356
2020-01-27,-6.2771
2020-01-28,1.9861
2020-01-29,-2.038
2020-01-30,1.4794
2020-01-31,-0.6378
2020-02-03,-1.4214
2020-02-04,0.7907
2020-02-05,4.1994
2020-02-06,-1.4172
2020-02-07,-2.0665
2020-02-10,-1.8349
2020-02-11,1.5421
2020-02-12,2.8532
2020-02-13,-0.7159
2020-02-14,-0.3155
2020-02-18,-1.1754
2020-02-19,1.9213
2020-02-20,-1.4811
2020-02-21,-3.1435
2020-02-24,-6.7262
2020-02-25,-4.1350999999999996
2020-02-26,-3.2088
2020-02-27,-5.4891
2020-02-28,-2.4727
2020-03-02,1.533
2020-03-03,-6.3298
2020-03-04,-3.511
2020-03-05,-4.2235
2020-03-06,-11.3297
2020-03-09,-37.6435
2020-03-10,6.2577
2020-03-11,-9.5843
2020-03-12,-18.0077
2020-03-13,11.3707
2020-03-16,-16.9231
2020-03-17,3.367
2020-03-18,-24.9186
2020-03-19,4.1215
2020-03-20,5.2083
2020-03-23,3.7624
2020-03-24,26.526699999999998
2020-03-25,2.1116
2020-03-26,4.1359
2020-03-27,-9.3617
2020-03-30,-0.313
2020-03-31,7.5353
2020-04-01,-3.6496
2020-04-02,13.9394
2020-04-03,1.1968
2020-04-06,3.9422
2020-04-07,1.6435
2020-04-08,8.8308
2020-04-09,-6.1714
2020-04-13,-4.3849
2020-04-14,-2.8025
2020-04-15,-8.9122
2020-04-16,-4.0288
2020-04-17,13.6432
2020-04-20,0.6596
2020-04-21,-2.228
2020-04-22,10.3217
2020-04-23,8.384
2020-04-24,-0.6726
2020-04-27,0.5643
2020-04-28,6.8462
2020-04-29,15.7563
2020-04-30,-4.7187
2020-05-01,-7.0476
2020-05-04,2.7664
2020-05-05,-1.6949
2020-05-06,-3.0426
2020-05-07,4.7071
2020-05-08,6.8931000000000004
2020-05-11,-1.1215
2020-05-12,-0.8507
2020-05-13,-9.0562
2020-05-14,4.2977
2020-05-15,-1.3065
2020-05-18,17.2098
2020-05-19,-3.1277
2020-05-20,7.1749
2020-05-21,0.251
2020-05-22,-3.2554
2020-05-26,2.4159
2020-05-27,2.6959
2020-05-28,-0.6563
2020-05-29,-2.9727
2020-06-01,2.4681
2020-06-02,5.7724
2020-06-03,3.0733
2020-06-04,0.841
2020-06-05,10.0834
2020-06-08,12.9477
2020-06-09,-5.9146
2020-06-10,-5.9624
2020-06-11,-15.3687
2020-06-12,4.0717
2020-06-15,1.9562
2020-06-16,3.8373
2020-06-17,-4.2129
2020-06-18,1.7747000000000002
2020-06-19,-1.1372
2020-06-22,-0.1534
2020-06-23,-0.1536
2020-06-24,-8.7692
2020-06-25,4.8061
2020-06-26,-4.0225
2020-06-29,4.1073
2020-06-30,4.5089
2020-07-01,-3.9291
2020-07-02,0.8019
2020-07-06,3.6595
2020-07-07,-4.7583
2020-07-08,0.4835
2020-07-09,-5.5333
2020-07-10,2.3769
2020-07-13,-2.2388
2020-07-14,5.8524
2020-07-15,4.1667
2020-07-16,0.6923
2020-07-17,-0.0764
2020-07-20,2.5229
2020-07-21,6.786
2020-07-22,-0.9777
2020-07-23,4.0197
2020-07-24,-0.2712
2020-07-27,1.2916
2020-07-28,-1.6779
2020-07-29,2.8669000000000002
2020-07-30,-2.6543
2020-07-31,-2.3177
